번호,개방서비스명,인허가일자,인허가취소일자,영업상태구분코드,영업상태명,상세영업상태코드,상세영업상태명,폐업일자,휴업시작일자,휴업종료일자,재개업일자,소재지전화,소재지면적,소재지우편번호,소재지전체주소,도로명전체주소,도로명우편번호,사업장명,최종수정시점,데이터갱신구분,데이터갱신일자,업태구분명,좌표정보(x),좌표정보(y),축산업무구분명,축산물가공업구분명,축산일련번호,권리주체일련번호,총직원수,주사육업종,사육두수,경도,위도
13368,가축사육업,2013-08-23,,1,영업/정상,0,정상,,,,,566-7613,,,충청남도 천안시 동남구 광덕면 매당리 **번지 외 *(**-*),충청남도 천안시 동남구 광덕면 당하길 **,31221,상호농장,2019-12-26 15:09,U,2019-12-28 2:40,,210196.714,356338.7482,가축사육업,,1089,0,0.0,한우,9,127.11202535088444,36.70827414773901
13369,가축사육업,2013-08-30,,1,영업/정상,0,정상,,,,,569-8955,,330-842,충청남도 천안시 동남구 목천읍 덕전리 ***-*번지,,,덕일농장,2013-11-14 16:57,I,2018-08-31 23:59,,218110.8196,367390.0582,가축사육업,,1092,0,0.0,한우,5,127.20085920433615,36.80774092967908
13370,가축사육업,2013-08-30,,1,영업/정상,0,정상,,,,,553-7561,,330-986,충청남도 천안시 동남구 구성동 ***-*번지,충청남도 천안시 동남구 정골*길 *** (구성동),,은지농장,2013-11-14 17:01,I,2018-08-31 23:59,,215698.0207,365896.601,가축사육업,,1098,0,0.0,한우,0,127.17379027196837,36.794326268495325
13371,가축사육업,2013-09-03,,1,영업/정상,0,정상,,,,,573-5857,,330-911,충청남도 천안시 동남구 풍세면 남관리 ***번지,충청남도 천안시 동남구 풍세면 통미*길 **-**,,수원농장,2013-11-14 17:02,I,2018-08-31 23:59,,210892.6335,361741.1566,가축사육업,,1099,0,0.0,한우,6,127.11989046346022,36.7569483475364
13372,가축사육업,2013-09-03,,1,영업/정상,0,정상,,,,,566-7483,,330-911,충청남도 천안시 동남구 풍세면 가송리 ***-*번지,충청남도 천안시 동남구 풍세면 상마*길 **,,상마농장,2013-11-14 17:06,I,2018-08-31 23:59,,212735.6164,358264.647,가축사육업,,1102,0,0.0,한우,5,127.14047203871199,36.725598267460114
13373,가축사육업,2013-09-03,,1,영업/정상,0,정상,,,,,,,330-912,충청남도 천안시 동남구 풍세면 보성리 ***-*번지,,,신라농장,2016-03-11 9:49,I,2018-08-31 23:59,,210706.5789,358699.4503,가축사육업,,1104,0,0.0,한우,9,127.11776449049535,36.7295412498348
13374,가축사육업,2013-09-03,,1,영업/정상,0,정상,,,,,566-7599,,330-912,충청남도 천안시 동남구 풍세면 용정리 ***번지,충청남도 천안시 동남구 풍세면 한우물*길 **-**,,대선농장,2013-11-14 17:10,I,2018-08-31 23:59,,209706.5502,359383.0822,가축사육업,,1105,0,0.0,한우,7,127.10657794251561,36.735712238719
13375,가축사육업,2013-09-03,,1,영업/정상,0,정상,,,,,553-6919,,330-912,충청남도 천안시 동남구 풍세면 삼태리 **,충청남도 천안시 동남구 풍세면 금호*길 **,,풍세메추리농장,2021-08-04 10:46,U,2021-08-06 2:40,,208639.6647,361027.2701,가축사육업,,1106,0,0.0,메추리,80000,127.09465181644032,36.7505384736525
13376,가축사육업,2013-08-19,,1,영업/정상,0,정상,,,,,554-3156,,330-912,충청남도 천안시 동남구 풍세면 용정리 ***-*번지,충청남도 천안시 동남구 풍세면 하도*길 *-*,31214,삼포농장,2013-11-14 16:45,I,2018-08-31 23:59,,208993.0807,360181.7008,가축사육업,,1085,0,0.0,한우,3,127.09859944936224,36.74291568057571
13377,가축사육업,2013-08-19,,1,영업/정상,0,정상,,,,,,,330-912,충청남도 천안시 동남구 풍세면 용정리 ***,충청남도 천안시 동남구 풍세면 돈마루*길 ***-*,31214,경선농장,2022-03-25 19:50,U,2022-03-27 2:40,,208707.1776,359692.3015,가축사육업,,1086,0,0.0,한우,6,127.095392712602,36.73850828265029
13378,가축사육업,2005-04-01,,1,영업/정상,0,정상,,,,,553-3344,0.0,330-852,충청남도 천안시 동남구 북면 매송리 **-*번지 외 *필지(**-*),,,대왕목장,2020-01-13 10:56,U,2020-01-15 2:40,,225112.1356,367315.0048,가축사육업,,179,0,0.0,한우,20,127.279314430276,36.80690532877377
13379,가축사육업,2005-04-01,,1,영업/정상,0,정상,,,,,,0.0,330-812,충청남도 천안시 서북구 직산읍 남산리 산 *번지,,,무림목장,2015-11-11 20:44,I,2018-08-31 23:59,,,,가축사육업,,182,0,0.0,젖소,75,127.171803958327,36.888823965365
13380,가축사육업,2005-04-01,,1,영업/정상,0,정상,,,,,,0.0,331-811,충청남도 천안시 서북구 직산읍 군동리 **,충청남도 천안시 서북구 직산읍 직산로 ***,,용환목장,2022-02-11 15:06,U,2022-02-13 2:40,,214554.6099,376856.3742,가축사육업,,185,0,0.0,젖소,69,127.16118814581135,36.89310249538585
13381,가축사육업,2005-04-01,,1,영업/정상,0,정상,,,,,,0.0,331-811,충청남도 천안시 서북구 직산읍 군서리 **-*,충청남도 천안시 서북구 직산읍 군수*길 ***,,진규목장,2022-02-11 15:04,U,2022-02-13 2:40,,214385.0543,377575.0369,가축사육업,,186,0,0.0,젖소,40,127.15929953274645,36.899580864394196
13381,가축사육업,2005-04-01,,1,영업/정상,0,정상,,,,,,0.0,331-811,충청남도 천안시 서북구 직산읍 군서리 **-*,충청남도 천안시 서북구 직산읍 군수*길 ***,,진규목장,2022-02-11 15:04,U,2022-02-13 2:40,,214385.0543,377575.0369,가축사육업,,186,0,0.0,젖소,38,127.15929953274645,36.899580864394196
13382,가축사육업,2005-04-01,,1,영업/정상,0,정상,,,,,,0.0,330-813,충청남도 천안시 서북구 직산읍 석곡리 **-*,,,프리팜스,2022-10-24 10:52,U,2022-10-26 2:40,,207879.0825,376400.4628,가축사육업,,187,0,0.0,종계/산란계,27027,127.08629277203828,36.88907318178153
13383,가축사육업,2005-04-01,,1,영업/정상,0,정상,,,,2023-10-10,,0.0,330-801,충청남도 천안시 서북구 성환읍 신가리 ***,,,백곡목장,2023-11-07 10:23,U,2023-11-09 2:40,,210201.2599,383022.0956,가축사육업,,188,0,0.0,한우,104,127.11243183492265,36.948717716920825
13384,가축사육업,2005-04-01,,1,영업/정상,0,정상,,,,,554-0005,0.0,320-902,충청남도 천안시 동남구 성남면 대흥리 ***-* 외 *필지,,,가야목장,2022-03-16 17:59,U,2022-03-18 2:40,,220782.4326,358215.6918,가축사육업,,189,0,0.0,한우,350,127.23054863235508,36.725015686149874
13385,가축사육업,2005-10-12,,1,영업/정상,0,정상,,,,,564-1722,0.0,330-863,충청남도 천안시 동남구 병천면 송정리 ***-*,충청남도 천안시 동남구 병천면 송정리*길 **,,무산목장,2022-02-11 14:35,U,2022-02-13 2:40,,229910.6018,359420.5443,가축사육업,,518,0,0.0,젖소,219,127.33277696757276,36.7356296661114
13386,가축사육업,2005-10-14,,1,영업/정상,0,정상,,,,,581-3452,0.0,330-808,"충청남도 천안시 서북구 성환읍 왕림리 ***번지 외*필지(***-*,*,*,**,**)",충청남도 천안시 서북구 성환읍 왕지*길 **,31007,대성농원,2016-07-05 10:14,I,2018-08-31 23:59,,208065.1369,378388.0193,가축사육업,,520,0,0.0,돼지,2200,127.08840092905953,36.906981295174994
13387,가축사육업,2005-10-14,,1,영업/정상,0,정상,,,,,566-6255,0.0,330-844,충청남도 천안시 동남구 목천읍 소사리 ***-*번지 외 *필지,,,예안농장,2014-05-12 17:58,I,2018-08-31 23:59,,215509.1017,359237.2822,가축사육업,,522,0,0.0,한우,2,127.17153879562626,36.734321753949835
13388,가축사육업,2005-10-17,,1,영업/정상,0,정상,,,,,,0.0,330-801,충청남도 천안시 서북구 성환읍 어룡리 ***-**,충청남도 천안시 서북구 성환읍 와룡길 ***-**,31002,초하원목장,2022-02-11 15:24,U,2022-02-13 2:40,,210093.3234,381296.5214,가축사육업,,524,0,0.0,젖소,115,127.11119717169693,36.933170020544544
13389,가축사육업,2005-10-17,,1,영업/정상,0,정상,,,,,,0.0,331-808,충청남도 천안시 서북구 성환읍 어룡리 ***-**,,,칠성목장,2023-02-17 9:02,U,2023-02-19 2:40,,,,가축사육업,,525,0,0.0,젖소,45,127.124244347897,36.9419576850194
13390,가축사육업,2005-10-17,,1,영업/정상,0,정상,,,,,,0.0,330-801,충청남도 천안시 서북구 성환읍 어룡리 ***-*,충청남도 천안시 서북구 성환읍 와룡길 *** (복지목장),31002,복지목장,2023-11-07 14:56,U,2023-11-09 2:40,,210342.778,381578.064,가축사육업,,527,0,0.0,젖소,74,127.11400101366232,36.935704267950285
13391,가축사육업,2005-10-17,,1,영업/정상,0,정상,,,,,581-2190,0.0,330-801,"충청남도 천안시 서북구 성환읍 어룡리 ***-*번지 ,* 번지",,,연순목장,2016-04-26 15:11,I,2018-08-31 23:59,,210204.255,381297.1044,가축사육업,,526,0,0.0,젖소,40,127.11244233776465,36.93317408712731
13392,가축사육업,2005-03-28,,1,영업/정상,0,정상,,,,,568-5894,0.0,330-851,충청남도 천안시 동남구 북면 대평리 ***-*번지,충청남도 천안시 동남구 북면 대평*길 ***,,황제목장,2020-01-06 14:57,U,2020-01-08 2:40,,226129.3239,374778.5689,가축사육업,,177,0,0.0,한우,70,127.29096889933497,36.87413117100109
13393,가축사육업,2009-01-14,,1,영업/정상,0,정상,,,,,,0.0,330-862,충청남도 천안시 동남구 병천면 봉항리 ***-*번지,충청남도 천안시 동남구 병천면 봉항*길 **-**,,진영축산,2020-04-01 12:50,U,2020-04-03 2:40,,228253.4617,370469.6031,가축사육업,,891,0,0.0,한우,0,127.31463287579437,36.835242779943684
13394,가축사육업,2009-01-16,,1,영업/정상,0,정상,,,,,,0.0,331-230,충청남도 천안시 서북구 불당동 ***번지,,,불당목장,2009-01-16 14:43,I,2018-08-31 23:59,,,,가축사육업,,892,0,0.0,한우,27,127.113723627709,36.8059344038178
13395,가축사육업,2009-01-21,,1,영업/정상,0,정상,,,,,,0.0,331-802,충청남도 천안시 서북구 성환읍 수향리 ***-*번지,충청남도 천안시 서북구 성환읍 지족향길 **-**,,수향농장,2014-04-29 17:41,I,2018-08-31 23:59,,212956.8265,383415.2504,가축사육업,,893,0,0.0,한우,9,127.14337481682134,36.9522266791195
13396,가축사육업,2009-02-12,,1,영업/정상,0,정상,,,,,,0.0,331-808,"충청남도 천안시 서북구 성환읍 와룡리 **-** , **-**, **-**",,,동열목장,2021-03-04 16:51,U,2021-03-06 2:40,,208938.8256,383944.0133,가축사육업,,895,0,0.0,한우,4,127.09826950583576,36.957037682511796
13397,가축사육업,2009-02-12,,1,영업/정상,0,정상,,,,,,0.0,331-808,충청남도 천안시 서북구 성환읍 왕림리 ***번지,,,현진농장,2020-03-31 14:37,U,2020-04-02 2:40,,207816.3677,380011.5395,가축사육업,,896,0,0.0,한우,10,127.08562617377939,36.921612709927615
13398,가축사육업,2009-02-13,,1,영업/정상,0,정상,,,,,,0.0,330-893,충청남도 천안시 동남구 성남면 봉양리 ***-*,충청남도 천안시 동남구 성남면 봉양*길 **-**,,한우농장,2021-07-01 20:22,U,2021-07-03 2:40,,222019.0006,357056.9322,가축사육업,,898,0,0.0,한우,8,127.2443576561196,36.714546210191365
13398,가축사육업,2009-02-13,,1,영업/정상,0,정상,,,,,,0.0,330-893,충청남도 천안시 동남구 성남면 봉양리 ***-*,충청남도 천안시 동남구 성남면 봉양*길 **-**,,한우농장,2021-07-01 20:22,U,2021-07-03 2:40,,222019.0006,357056.9322,가축사육업,,898,0,0.0,한우,90,127.2443576561196,36.714546210191365
13398,가축사육업,2009-02-13,,1,영업/정상,0,정상,,,,,,0.0,330-893,충청남도 천안시 동남구 성남면 봉양리 ***-*,충청남도 천안시 동남구 성남면 봉양*길 **-**,,한우농장,2021-07-01 20:22,U,2021-07-03 2:40,,222019.0006,357056.9322,가축사육업,,898,0,0.0,한우,11,127.2443576561196,36.714546210191365
13399,가축사육업,2009-02-13,,1,영업/정상,0,정상,,,,,,0.0,330-861,"충청남도 천안시 동남구 병천면 봉항리 ***-*번지 외 *필지(***-*, ***-*)",충청남도 천안시 동남구 병천면 봉항로 ***,31239,금버들축산,2019-12-13 9:15,U,2019-12-15 2:40,,228175.4007,370796.8556,가축사육업,,899,0,0.0,육계,52800,127.31376990278186,36.83819393168485
13400,가축사육업,2005-03-25,,1,영업/정상,0,정상,,,,,558-2369,0.0,330-853,충청남도 천안시 동남구 북면 은지리 ** 외 *필지,,,진선목장,2023-02-10 9:34,U,2023-02-12 2:40,,224172.9882,364229.007,가축사육업,,166,0,0.0,젖소,60,127.26869271791197,36.77912186523921
13401,가축사육업,2005-03-25,,1,영업/정상,0,정상,,,,,,0.0,330-852,충청남도 천안시 동남구 북면 사담리 **,충청남도 천안시 동남구 북면 사담*길 **,,문성목장,2023-02-10 9:35,U,2023-02-12 2:40,,224047.6369,370414.2054,가축사육업,,167,0,0.0,젖소,110,127.26748333080201,36.83485956240789
13402,가축사육업,2005-03-25,,1,영업/정상,0,정상,,,,,553-8625,0.0,330-852,"충청남도 천안시 동남구 북면 사담리 *** , ***-*번지",,,부현농장,2023-02-10 9:36,U,2023-02-12 2:40,,223698.545,370713.2956,가축사육업,,168,0,0.0,한우,90,127.26357927826925,36.83756342193114
13403,가축사육업,2005-03-25,,1,영업/정상,0,정상,,,,,553-5783,0.0,330-851,충청남도 천안시 동남구 북면 납안리 ***,충청남도 천안시 동남구 북면 납안*길 **,,승리목장,2023-02-10 9:33,U,2023-02-12 2:40,,222635.6184,372296.5491,가축사육업,,169,0,0.0,젖소,90,127.25171037152703,36.85185592594163
13404,가축사육업,2005-03-25,,1,영업/정상,0,정상,,,,,567-6415,0.0,,충청남도 천안시 동남구 북면 납안리 산 *번지,충청남도 천안시 동남구 북면 위례성로 ****-**,31063,흥안목장,2018-06-21 11:29,I,2018-08-31 23:59,,224120.7489,372768.7691,가축사육업,,170,0,0.0,젖소,9,127.2683774420163,36.85607442353704
13405,가축사육업,2005-03-25,,1,영업/정상,0,정상,,,,,,0.0,330-851,충청남도 천안시 동남구 북면 대평리 ***번지 ***외 *필지,충청남도 천안시 동남구 북면 대평*길 **-** (***외 *필지),,대성목장,2020-04-02 13:57,U,2020-04-04 2:40,,225290.6836,373878.8688,가축사육업,,171,0,0.0,젖소,70,127.28153298407717,36.86604687910205
13405,가축사육업,2005-03-25,,1,영업/정상,0,정상,,,,,,0.0,330-851,충청남도 천안시 동남구 북면 대평리 ***번지 ***외 *필지,충청남도 천안시 동남구 북면 대평*길 **-** (***외 *필지),,대성목장,2020-04-02 13:57,U,2020-04-04 2:40,,225290.6836,373878.8688,가축사육업,,171,0,0.0,젖소,0,127.28153298407717,36.86604687910205
13406,가축사육업,2005-03-28,,1,영업/정상,0,정상,,,,,569-8656,0.0,330-851,충청남도 천안시 동남구 북면 대평리 ***,,,김천목장,2023-02-08 11:49,U,2023-02-11 2:40,,225274.5585,374250.8882,가축사육업,,174,0,0.0,젖소,95,127.28136449953499,36.86939951941777
13407,가축사육업,2005-03-28,,1,영업/정상,0,정상,,,,,569-8639,0.0,330-851,충청남도 천안시 동남구 북면 대평리 ***,충청남도 천안시 동남구 북면 대평*길 ***-**,,우진목장,2023-02-10 9:25,U,2023-02-12 2:40,,225014.604,374248.3958,가축사육업,,175,0,0.0,젖소,45,127.27844899915927,36.869383960522505
13408,가축사육업,2005-03-28,,1,영업/정상,0,정상,,,,,,0.0,330-851,충청남도 천안시 동남구 북면 대평리 ***-* 외 *필지,충청남도 천안시 동남구 북면 대평*길 **-** (외 *필지),,고재목장,2023-02-10 9:28,U,2023-02-12 2:40,,225555.0067,374645.3868,가축사육업,,176,0,0.0,젖소,85,127.28452300263622,36.872946759155106
13409,가축사육업,2005-10-18,,1,영업/정상,0,정상,,,,,581-6476,0.0,,충청남도 천안시 서북구 성환읍 와룡리 ***-**,충청남도 천안시 서북구 성환읍 와우*길 **-**,31000,유일1목장,2024-01-31 10:55,U,2024-02-02 2:40,,208987.5413,383226.958,가축사육업,,531,0,0.0,젖소,189,127.09880802493097,36.950575972093404
13410,가축사육업,2005-10-18,,1,영업/정상,0,정상,,,,,,0.0,330-808,충청남도 천안시 서북구 성환읍 와룡리 ***-**,충청남도 천안시 서북구 성환읍 와우*길 **,,원목장,2023-07-06 9:57,U,2023-07-08 2:40,,209341.4606,383072.0043,가축사육업,,533,0,0.0,젖소,85,127.10277961670376,36.94917629391533
13411,가축사육업,2005-10-18,,1,영업/정상,0,정상,,,,,,0.0,330-802,충청남도 천안시 서북구 성환읍 양령리 ***-*번지 외*(***-*),,,선규목장,2020-05-30 14:01,U,2020-06-02 2:40,,213357.3397,385151.8411,가축사육업,,535,0,0.0,젖소,166,127.14790205833415,36.96786915853691
13412,가축사육업,2005-10-18,,1,영업/정상,0,정상,,,,,,0.0,330-802,충청남도 천안시 서북구 성환읍 양령리 ***-*,,,추풍목장,2022-09-15 16:51,U,2022-09-17 2:40,,213611.5766,384738.2096,가축사육업,,536,0,0.0,한우,70,127.15074962916215,36.96413839439115
13413,가축사육업,2005-10-18,,1,영업/정상,0,정상,,,,,,0.0,330-802,충청남도 천안시 서북구 성환읍 수향리 **-***,,,수향목장,2022-10-17 10:27,U,2022-10-19 2:40,,213828.4886,381893.3665,가축사육업,,538,0,0.0,한우,0,127.1531335647168,36.93850094687493
13414,가축사육업,2008-09-05,,1,영업/정상,0,정상,,,,,,0.0,330-923,충청남도 천안시 동남구 광덕면 매당리 **-**,충청남도 천안시 동남구 광덕면 광풍로 ***,,청정한우농장,2022-12-19 15:13,U,2022-12-21 2:40,,210011.3994,356280.9868,가축사육업,,877,0,0.0,한우,12,127.10995060221501,36.707755606992
13415,가축사육업,2008-09-09,,1,영업/정상,0,정상,,,,,566-7853,0.0,330-912,충청남도 천안시 동남구 풍세면 보성리 ***번지,충청남도 천안시 동남구 풍세면 풍세로 ***-**,31217,준목장,2017-12-13 13:56,I,2018-08-31 23:59,,210880.3355,359553.6373,가축사육업,,878,0,0.0,한우,16,127.11972175888177,36.73723648682888
13415,가축사육업,2008-09-09,,1,영업/정상,0,정상,,,,,566-7853,0.0,330-912,충청남도 천안시 동남구 풍세면 보성리 ***번지,충청남도 천안시 동남구 풍세면 풍세로 ***-**,31217,준목장,2017-12-13 13:56,I,2018-08-31 23:59,,210880.3355,359553.6373,가축사육업,,878,0,0.0,한우,0,127.11972175888177,36.73723648682888
13416,가축사육업,2008-10-09,,1,영업/정상,0,정상,,,,,566-0369,0.0,330-923,충청남도 천안시 동남구 광덕면 매당리 **-**번지,충청남도 천안시 동남구 광덕면 광풍로 ***-**,,혈통우농장,2013-11-12 20:31,I,2018-08-31 23:59,,209587.9316,355779.1574,가축사육업,,880,0,0.0,한우,10,127.10520503516122,36.70323786567815
13417,가축사육업,2009-01-13,,1,영업/정상,0,정상,,,,,582-7007,0.0,331-802,충청남도 천안시 서북구 성환읍 양령리 ***-* 외 *(***-*),충청남도 천안시 서북구 성환읍 양령*길 ***,31004,천우농장,2023-02-16 21:46,U,2023-02-18 2:40,,214647.344,384311.2247,가축사육업,,889,0,0.0,한우,94,127.16237210581043,36.960275458382775
13418,가축사육업,2009-01-14,,1,영업/정상,0,정상,,,,,581-7450,0.0,331-813,충청남도 천안시 서북구 직산읍 석곡리 ***-*번지 ***-*,충청남도 천안시 서북구 직산읍 연암율금로 **-* (***-*),,통일목장,2013-12-12 14:09,I,2018-08-31 23:59,,207931.863,376330.4984,가축사육업,,890,0,0.0,한우,0,127.08688414357974,36.88844230022566
13419,가축사육업,2018-12-04,,1,영업/정상,0,정상,,,,,,,,충청남도 천안시 동남구 병천면 봉항리 **번지,충청남도 천안시 동남구 병천면 봉항로 ****-**,31239,기린농장,2018-12-04 13:32,I,2018-12-06 2:20,,228020.6225,372232.5687,가축사육업,,1450,0,0.0,한우,12,127.31208756148388,36.851135524466095
13419,가축사육업,2018-12-04,,1,영업/정상,0,정상,,,,,,,,충청남도 천안시 동남구 병천면 봉항리 **번지,충청남도 천안시 동남구 병천면 봉항로 ****-**,31239,기린농장,2018-12-04 13:32,I,2018-12-06 2:20,,228020.6225,372232.5687,가축사육업,,1450,0,0.0,한우,58,127.31208756148388,36.851135524466095
13420,가축사육업,2018-12-04,,1,영업/정상,0,정상,,,,,,,,"충청남도 천안시 동남구 광덕면 매당리 ***-*번지 외 *필지(***-*, ***-*)",충청남도 천안시 동남구 광덕면 쇳골길 **,31221,조은목장,2019-09-18 19:17,U,2019-09-20 2:40,,208483.8063,355940.297,가축사육업,,1451,0,0.0,한우,96,127.09285049614545,36.70470034830526
13421,가축사육업,2018-12-04,,1,영업/정상,0,정상,,,,,,,,충청남도 천안시 서북구 입장면 신두리 ***-*번지,충청남도 천안시 서북구 입장면 섶머리*길 ***,31027,신전한우농장,2018-12-04 13:59,I,2018-12-06 2:20,,217500.7838,380367.2113,가축사육업,,1452,0,0.0,한우,0,127.19432104118415,36.92468827540553
13422,가축사육업,2019-01-29,,1,영업/정상,0,정상,,,,,,,,충청남도 천안시 동남구 풍세면 보성리 **-*번지,충청남도 천안시 동남구 풍세면 송정*길 **-**,31216,희석목장,2019-01-29 23:16,I,2019-01-31 2:21,,211574.6073,359932.6285,가축사육업,,1460,0,0.0,한우,85,127.12750051030997,36.74064346209792
13422,가축사육업,2019-01-29,,1,영업/정상,0,정상,,,,,,,,충청남도 천안시 동남구 풍세면 보성리 **-*번지,충청남도 천안시 동남구 풍세면 송정*길 **-**,31216,희석목장,2019-01-29 23:16,I,2019-01-31 2:21,,211574.6073,359932.6285,가축사육업,,1460,0,0.0,한우,28,127.12750051030997,36.74064346209792
13423,가축사육업,2019-01-22,,1,영업/정상,0,정상,,,,,,,,충청남도 천안시 동남구 성남면 용원리 ***번지,충청남도 천안시 동남구 성남면 성남로 ***,31246,도솔사슴농장,2019-06-25 11:38,U,2019-06-27 2:40,,219213.948,361387.1383,가축사육업,,1457,0,0.0,사슴,50,127.21307029162058,36.75362679330384
13424,가축사육업,2019-01-22,,1,영업/정상,0,정상,,,,,,,,충청남도 천안시 서북구 성환읍 양령리 ***-*,충청남도 천안시 서북구 성환읍 양령*길 **,31004,농업회사법인미소한우주식회사,2021-08-17 10:42,U,2021-08-19 2:40,,213577.0928,384300.4113,가축사육업,,1458,L00,0.0,한우,420,127.1503545792974,36.9601939852827
13425,가축사육업,2019-01-24,,1,영업/정상,0,정상,,,,,,,,충청남도 천안시 서북구 성환읍 양령리 ***-*번지,충청남도 천안시 서북구 성환읍 양령*길 ***,31004,일진농장,2019-01-24 9:41,I,2019-01-26 2:21,,215411.3353,384308.8278,가축사육업,,1459,0,0.0,한우,500,127.17095054005296,36.96024172070005
13425,가축사육업,2019-01-24,,1,영업/정상,0,정상,,,,,,,,충청남도 천안시 서북구 성환읍 양령리 ***-*번지,충청남도 천안시 서북구 성환읍 양령*길 ***,31004,일진농장,2019-01-24 9:41,I,2019-01-26 2:21,,215411.3353,384308.8278,가축사육업,,1459,0,0.0,한우,280,127.17095054005296,36.96024172070005
13425,가축사육업,2019-01-24,,1,영업/정상,0,정상,,,,,,,,충청남도 천안시 서북구 성환읍 양령리 ***-*번지,충청남도 천안시 서북구 성환읍 양령*길 ***,31004,일진농장,2019-01-24 9:41,I,2019-01-26 2:21,,215411.3353,384308.8278,가축사육업,,1459,0,0.0,한우,0,127.17095054005296,36.96024172070005
13426,가축사육업,2019-02-15,,1,영업/정상,0,정상,,,,,,,,충청남도 천안시 서북구 성환읍 양령리 ***-*,충청남도 천안시 서북구 성환읍 양령*길 ***,31004,다원농장,2022-07-14 15:21,U,2022-07-16 2:40,,215529.0761,384351.7617,가축사육업,,1462,0,0.0,한우,86500,127.172273471326,36.960626662364334
13426,가축사육업,2019-02-15,,1,영업/정상,0,정상,,,,,,,,충청남도 천안시 서북구 성환읍 양령리 ***-*,충청남도 천안시 서북구 성환읍 양령*길 ***,31004,다원농장,2022-07-14 15:21,U,2022-07-16 2:40,,215529.0761,384351.7617,가축사육업,,1462,0,0.0,한우,134,127.172273471326,36.960626662364334
13427,가축사육업,2019-02-15,,1,영업/정상,0,정상,,,,,,,,충청남도 천안시 동남구 동면 장송리 ***-*번지 외 *필지(***),,,늘보목장,2019-02-15 18:45,I,2019-02-17 2:21,,234115.7293,364945.8959,가축사육업,,1463,0,0.0,염소,790,127.380102081708,36.78527668263298
13428,가축사육업,2019-03-18,,1,영업/정상,0,정상,,,,,,,,충청남도 천안시 서북구 성환읍 복모리 ***-*번지 외 *필지(***-*,충청남도 천안시 서북구 성환읍 가동길 **-**,31001,연하늘,2019-05-13 14:45,U,2019-05-15 2:40,,210548.1393,384217.3122,가축사육업,,1464,0,0.0,젖소,116,127.11634276901883,36.959483785507565
13429,가축사육업,2019-03-20,,1,영업/정상,0,정상,,,,,,,,충청남도 천안시 서북구 성환읍 양령리 ***-*,충청남도 천안시 서북구 성환읍 양령*길 ***-*,31004,자연목장,2023-04-21 17:39,U,2023-04-23 2:40,,214649.64,384252.8463,가축사육업,,1465,0,0.0,젖소,30,127.16239675987723,36.95974938796389
13430,가축사육업,2023-08-24,,1,영업/정상,0,정상,,,,,,,,"충청남도 천안시 서북구 성환읍 안궁리 ***-* 외 *필지(***-*, -*, -*, -*)",,,부길농장3,2023-08-24 10:00,I,2023-08-26 0:18,,212311.3854,384624.0157,가축사육업,,1665,0,0.0,한우,0,127.13614781378243,36.96312722572942
13431,가축사육업,2015-07-16,,1,영업/정상,0,정상,,,,,,,330-893,충청남도 천안시 동남구 성남면 대흥리 ***,충청남도 천안시 동남구 성남면 대흥*길 ***-**,31248,경희농장,2021-02-04 9:36,U,2021-02-06 2:40,,221079.1959,358557.7617,가축사육업,,1320,0,0.0,한우,26800,127.23388003971233,36.72809159160606
13431,가축사육업,2015-07-16,,1,영업/정상,0,정상,,,,,,,330-893,충청남도 천안시 동남구 성남면 대흥리 ***,충청남도 천안시 동남구 성남면 대흥*길 ***-**,31248,경희농장,2021-02-04 9:36,U,2021-02-06 2:40,,221079.1959,358557.7617,가축사육업,,1320,0,0.0,한우,13,127.23388003971233,36.72809159160606
13432,가축사육업,2015-07-16,,1,영업/정상,0,정상,,,,,,,330-913,"충청남도 천안시 동남구 풍세면 풍서리 *** 외 *필지(***, ***)",충청남도 천안시 동남구 풍세면 가송로 **-**,31216,부성축산,2022-02-22 11:04,U,2022-02-24 2:40,,211263.4219,357648.2736,가축사육업,,1321,0,0.0,육계,0,127.12398286501856,36.72006253120318
13433,가축사육업,2015-08-18,,1,영업/정상,0,정상,,,,,,,330-892,충청남도 천안시 동남구 성남면 화성리 ***-*,충청남도 천안시 동남구 성남면 세성로 ***,31244,화성양돈,2023-02-09 9:40,U,2023-02-11 2:40,,223105.2649,361003.4433,가축사육업,,1323,0,0.0,돼지,1700,127.25663473238981,36.750082788430454
13434,가축사육업,2015-09-11,,1,영업/정상,0,정상,,,,,,,330-851,"충청남도 천안시 동남구 북면 전곡리 **-*번지 외*필지(**-*, **-*)",,,부흥목장,2015-09-11 14:11,I,2018-08-31 23:59,,223835.7487,371866.9397,가축사육업,,1327,0,0.0,산양,69,127.26515347146965,36.84795535314982
13434,가축사육업,2015-09-11,,1,영업/정상,0,정상,,,,,,,330-851,"충청남도 천안시 동남구 북면 전곡리 **-*번지 외*필지(**-*, **-*)",,,부흥목장,2015-09-11 14:11,I,2018-08-31 23:59,,223835.7487,371866.9397,가축사육업,,1327,0,0.0,산양,130,127.26515347146965,36.84795535314982
13435,가축사육업,2015-09-15,,1,영업/정상,0,정상,,,,,,,330-852,충청남도 천안시 동남구 북면 매송리 ***번지,,,미리내농장,2015-09-15 8:25,I,2018-08-31 23:59,,223700.8416,367177.6463,가축사육업,,1328,0,0.0,한우,35,127.26349520568945,36.805703872264765
13436,가축사육업,2015-10-05,,1,영업/정상,0,정상,,,,,,,330-844,충청남도 천안시 동남구 목천읍 도장리 **번지 외 *필지(**),,,축복농원,2015-10-05 8:28,I,2018-08-31 23:59,,217052.0367,360965.7757,가축사육업,,1331,0,0.0,산양,0,127.18885117537738,36.749871028515045
13437,가축사육업,2016-04-04,,1,영업/정상,0,정상,,,,,,,330-871,"충청남도 천안시 동남구 동면 화계리 ***번지 ***-*, ***-*, ***-*",충청남도 천안시 동남구 동면 충절로 ****-*,31258,마루농장,2016-07-29 18:12,I,2018-08-31 23:59,,229488.8226,363178.7735,가축사육업,,1347,0,0.0,돼지,1400,127.32819972933075,36.7695081731612
13438,가축사육업,2016-04-27,,1,영업/정상,0,정상,,,,,,,330-844,충청남도 천안시 동남구 목천읍 소사리 ***,충청남도 천안시 동남구 목천읍 학수소사길 ***-**,31227,소사농장,2022-10-24 15:43,U,2022-10-26 2:40,,215763.0159,359702.018,가축사육업,,1351,0,0.0,종계/산란계,214076,127.17439104356089,36.73850537744918
13439,가축사육업,2016-06-02,,1,영업/정상,0,정상,,,,,,,330-912,충청남도 천안시 동남구 풍세면 용정리 ***-*번지,충청남도 천안시 동남구 풍세면 봉강천로 ***-* (한성농장),31214,한성농장,2017-07-11 17:29,I,2018-08-31 23:59,,210235.3128,361136.3334,가축사육업,,1354,0,0.0,종계/산란계,21000,127.11252118172865,36.751505493021455
13440,가축사육업,2016-07-19,,1,영업/정상,0,정상,,,,,,,,충청남도 천안시 동남구 북면 은지리 ***-*번지,충청남도 천안시 동남구 북면 상동*길 ***,31242,한옥농장,2016-07-19 15:55,I,2018-08-31 23:59,,223151.2717,364863.184,가축사육업,,1360,0,0.0,한우,46,127.2572666908851,36.78486186461461
13441,가축사육업,2016-07-28,,1,영업/정상,0,정상,,,,,,,,"충청남도 천안시 동남구 성남면 대흥리 *-*번지 *-*, *-*",충청남도 천안시 동남구 성남면 대흥*길 **,31248,새터농장,2016-07-28 7:32,I,2018-08-31 23:59,,221638.1022,359278.0169,가축사육업,,1361,0,0.0,육계,160000,127.24015708155994,36.734569341129465
13442,가축사육업,2016-08-23,,1,영업/정상,0,정상,,,,,,,,"충청남도 천안시 동남구 성남면 용원리 ***-* ***-*,***-*,***-*,***-*",충청남도 천안시 동남구 성남면 천정*길 **-**,31246,인창목장,2022-02-11 14:47,U,2022-02-13 2:40,,218316.0665,361139.5414,가축사육업,,1366,0,0.0,젖소,160,127.20300962830373,36.75141337522197
13443,가축사육업,2016-10-12,,1,영업/정상,0,정상,,,,,,,,충청남도 천안시 동남구 병천면 매성리 **-*,,,은길축산,2024-01-30 21:28,U,2024-02-01 2:40,,228151.1165,368786.9596,가축사육업,,1373,0,0.0,한우,40,127.31342345602393,36.82008372142126
13444,가축사육업,2014-05-12,,1,영업/정상,0,정상,,,,,,,330-912,충청남도 천안시 동남구 풍세면 삼태리 ***-*번지,충청남도 천안시 동남구 풍세면 금호*길 **,31214,권기농장,2016-04-25 13:08,I,2018-08-31 23:59,,208183.9629,360352.3459,가축사육업,,1245,0,0.0,염소,0,127.08954173301771,36.744460653801355
13445,가축사육업,2014-05-14,,1,영업/정상,0,정상,,,,,557-2457,,330-842,충청남도 천안시 동남구 목천읍 동리 **,,,효원농장,2022-09-29 17:35,U,2022-10-01 2:40,,221196.0564,365689.2234,가축사육업,,1249,0,0.0,한우,5,127.2353856801292,36.7923509160306
13446,가축사육업,2014-05-14,,1,영업/정상,0,정상,,,,,553-8612,,330-851,충청남도 천안시 동남구 북면 납안리 ***번지,충청남도 천안시 동남구 북면 삼방로 ****,31063,호현목장,2015-07-03 13:37,I,2018-08-31 23:59,,222936.8305,372738.6462,가축사육업,,1251,0,0.0,한우,21,127.25510104245618,36.85583237485933
13447,가축사육업,2014-05-14,,1,영업/정상,0,정상,,,,,,,330-852,충청남도 천안시 동남구 북면 사담리 **-*번지,,,지산사슴목장,2014-05-14 8:30,I,2018-08-31 23:59,,224362.3444,370553.0119,가축사육업,,1252,0,0.0,사슴,11,127.2710156606619,36.83610230442271
13448,가축사육업,2014-05-14,,1,영업/정상,0,정상,,,,,,,330-862,충청남도 천안시 동남구 병천면 관성리 ***-**,,,갈티농장,2020-08-24 14:22,U,2020-08-26 2:40,,228763.093,367245.0306,가축사육업,,1253,0,0.0,한우,42,127.32022428534334,36.80617120008483
13449,가축사육업,2014-05-30,,1,영업/정상,0,정상,,,,,,,330-893,"충청남도 천안시 동남구 성남면 신덕리 **-* 외 *필지(**-*, **-*)",,,복농장,2022-03-16 17:52,U,2022-03-18 2:40,,221470.6131,357025.3218,가축사육업,,1254,0,0.0,육계,45000,127.2382188905897,36.71427387779141
13450,가축사육업,2014-06-11,,1,영업/정상,0,정상,,,,,582-8800,,330-921,충청남도 천안시 동남구 광덕면 광덕리 ***-*번지,,,산사람농원(1),2014-06-11 11:00,I,2018-08-31 23:59,,201974.6057,351725.8607,가축사육업,,1257,0,0.0,사슴,7,127.0199937769837,36.66675845875798
13451,가축사육업,2016-10-10,,1,영업/정상,0,정상,,,,,,,,충청남도 천안시 서북구 성환읍 신방리 ***-**번지,,,우리목장,2016-10-10 13:15,I,2018-08-31 23:59,,207590.1956,382855.9014,가축사육업,,1372,0,0.0,한우,109,127.08311616352974,36.947244646471205
13451,가축사육업,2016-10-10,,1,영업/정상,0,정상,,,,,,,,충청남도 천안시 서북구 성환읍 신방리 ***-**번지,,,우리목장,2016-10-10 13:15,I,2018-08-31 23:59,,207590.1956,382855.9014,가축사육업,,1372,0,0.0,한우,5,127.08311616352974,36.947244646471205
13452,가축사육업,2013-09-09,,1,영업/정상,0,정상,,,,2017-02-28,582-1543,,331-801,충청남도 천안시 서북구 성환읍 안궁리 ***-*번지,충청남도 천안시 서북구 성환읍 안궁*길 **,31003,소들농장,2017-02-28 13:01,I,2018-08-31 23:59,,211684.642,384543.8928,가축사육업,,1131,0,0.0,한우,7,127.12910891365361,36.96241319789976
13453,가축사육업,2013-09-09,,1,영업/정상,0,정상,,,,,070-4106-8966,,331-808,충청남도 천안시 서북구 성환읍 왕림리 ***-*번지,충청남도 천안시 서북구 성환읍 각금*길 ***-**,31007,고산농장,2017-06-12 15:47,I,2018-08-31 23:59,,208170.7439,380163.7622,가축사육업,,1132,0,0.0,한우,0,127.0896049226272,36.92298138791177
13454,가축사육업,2013-09-09,,1,영업/정상,0,정상,,,,,,,331-802,충청남도 천안시 서북구 성환읍 양령리 ***-*번지,충청남도 천안시 서북구 성환읍 상령길 ***-*,31004,양령사슴목장,2020-04-01 9:54,U,2020-04-03 2:40,,213514.8137,385004.1588,가축사육업,,1133,0,0.0,사슴,0,127.14966780454532,36.96653619029172
13455,가축사육업,2013-09-09,,1,영업/정상,0,정상,,,,,,,331-801,충청남도 천안시 서북구 성환읍 대홍리 ***-*,,,성환농장,2021-10-05 8:57,U,2021-10-07 2:40,,212209.0502,382529.169,가축사육업,,1134,0,0.0,한우,21427,127.13496504513229,36.94425230650755
13456,가축사육업,2014-06-24,,1,영업/정상,0,정상,,,,,,,330-891,충청남도 천안시 동남구 성남면 용원리 **-*,충청남도 천안시 동남구 성남면 성남로 ***-**,31246,양천2농장,2023-02-14 18:15,U,2023-02-16 2:40,,219521.3744,361968.9203,가축사육업,,1260,0,0.0,메추리,200000,127.21652776976543,36.758863012741934
13457,가축사육업,2014-06-24,,1,영업/정상,0,정상,,,,,554-6017,,330-862,충청남도 천안시 동남구 병천면 관성리 ***-**번지,,,명섭농장(2),2015-11-09 16:48,I,2018-08-31 23:59,,228406.0439,368699.1837,가축사육업,,1261,0,0.0,오리,4800,127.31627738164906,36.819285184042684
13458,가축사육업,2014-07-15,,1,영업/정상,0,정상,,,,,,,330-871,충청남도 천안시 동남구 동면 행암리 ***번지,,,도전농장,2014-07-15 9:06,I,2018-08-31 23:59,,231102.7552,367505.8252,가축사육업,,1265,0,0.0,한우,3,127.3464527513545,36.80844740367458
13459,가축사육업,2014-07-18,,1,영업/정상,0,정상,,,,,529-6263,,330-714,충청남도 천안시 동남구 안서동 ***번지 단국대학교 천안캠퍼스 생명자원과학대학 실험연구동,"충청남도 천안시 동남구 단대로 *** (안서동, 단국대학교 천안캠퍼스 생명자원과학대학 실험연구동)",31116,단국대학교 천안캠퍼스 생명자원과학대학 실험연구동 산란계사,2014-07-18 16:12,I,2018-08-31 23:59,,215074.4744,370829.4213,가축사육업,,1266,L00,0.0,종계/산란계,0,127.16690118652079,36.83878597782645
13460,가축사육업,2014-07-18,,1,영업/정상,0,정상,,,,,529-6263,,330-714,충청남도 천안시 동남구 안서동 ***번지 단국대학교 천안캠퍼스 생명자원과학대학 실험연구동,"충청남도 천안시 동남구 단대로 *** (안서동, 단국대학교 천안캠퍼스 생명자원과학대학 실험연구동)",31116,단국대학교 천안캠퍼스 생명자원과학대학 실험연구동 육계사육실,2014-07-18 10:28,I,2018-08-31 23:59,,215074.4744,370829.4213,가축사육업,,1267,L00,0.0,육계,0,127.16690118652079,36.83878597782645
13461,가축사육업,2014-07-22,,1,영업/정상,0,정상,,,,,567-2783,,330-921,충청남도 천안시 동남구 광덕면 광덕리 ***번지,,,금영농장,2014-07-22 14:45,I,2018-08-31 23:59,,204716.3051,352159.5559,가축사육업,,1268,0,0.0,한우,13,127.05066443138007,36.67065714030178
13462,가축사육업,2015-04-20,,1,영업/정상,0,정상,,,,,,,330-912,"충청남도 천안시 동남구 풍세면 용정리 ***-* 외 *필지(***-*, ***-**, ***-**)",충청남도 천안시 동남구 풍세면 봉강천로 ***,31214,오성농장,2022-07-19 18:23,U,2022-07-21 2:40,,210046.8904,361148.1497,가축사육업,,1311,0,0.0,돼지,58240,127.11041137431083,36.751613972201774
13462,가축사육업,2015-04-20,,1,영업/정상,0,정상,,,,,,,330-912,"충청남도 천안시 동남구 풍세면 용정리 ***-* 외 *필지(***-*, ***-**, ***-**)",충청남도 천안시 동남구 풍세면 봉강천로 ***,31214,오성농장,2022-07-19 18:23,U,2022-07-21 2:40,,210046.8904,361148.1497,가축사육업,,1311,0,0.0,돼지,1,127.11041137431083,36.751613972201774
13462,가축사육업,2015-04-20,,1,영업/정상,0,정상,,,,,,,330-912,"충청남도 천안시 동남구 풍세면 용정리 ***-* 외 *필지(***-*, ***-**, ***-**)",충청남도 천안시 동남구 풍세면 봉강천로 ***,31214,오성농장,2022-07-19 18:23,U,2022-07-21 2:40,,210046.8904,361148.1497,가축사육업,,1311,0,0.0,돼지,2100,127.11041137431083,36.751613972201774
13463,가축사육업,2015-05-19,,1,영업/정상,0,정상,,,,,,,330-843,충청남도 천안시 동남구 목천읍 운전리 **-*번지,,,샘모랑농장,2015-05-19 9:13,I,2018-08-31 23:59,,221834.6038,363153.307,가축사육업,,1314,0,0.0,산양,20,127.24246750191256,36.76948529721239
13464,가축사육업,2015-06-10,,1,영업/정상,0,정상,,,,,,,330-912,"충청남도 천안시 동남구 풍세면 보성리 ***번지 외 *필지(***, ***, ***)",,,대운2농장,2015-11-09 11:42,I,2018-08-31 23:59,,211259.9407,359123.1554,가축사육업,,1317,0,0.0,육계,82000,127.12396549809527,36.73335295431717
13465,가축사육업,2014-09-16,,1,영업/정상,0,정상,,,,,,,330-842,충청남도 천안시 동남구 목천읍 덕전리 산 ***-*,충청남도 천안시 동남구 목천읍 삼방로 ***,31235,석정사슴농원,2022-03-22 12:57,U,2022-03-24 2:40,,220313.448,368500.779,가축사육업,,1272,0,0.0,사슴,42,127.22557176391197,36.817705065959956
13466,가축사육업,2014-11-07,,1,영업/정상,0,정상,,,,,,,330-893,"충청남도 천안시 동남구 성남면 신덕리 *** 외 *필지(***-*, ***)",충청남도 천안시 동남구 성남면 성남신덕*길 **-**,31248,성남한우농장,2022-08-10 20:10,U,2022-08-12 2:40,,221054.1792,357089.4226,가축사육업,,1276,0,0.0,한우,20,127.23355968672176,36.71486078769042
13467,가축사육업,2014-11-26,,1,영업/정상,0,정상,,,,,5691980,,330-882,"충청남도 천안시 동남구 수신면 장산리 ***-* 외 *필지(***, ***-*, 산**-*)",충청남도 천안시 동남구 수신면 장산동길 ***-**,31252,진솔농장,2021-06-16 11:39,U,2021-06-18 2:40,,227306.7376,360353.8835,가축사육업,,1281,0,0.0,종계/산란계,18800,127.30365845198176,36.74411828712738
13468,가축사육업,2015-02-16,,1,영업/정상,0,정상,,,,,,,330-912,충청남도 천안시 동남구 풍세면 보성리 **-*,,,성현농장,2022-04-13 14:13,U,2022-04-15 2:40,,211363.8543,359439.0139,가축사육업,,1301,0,0.0,종계/산란계,70000,127.12513352292817,36.736197967831494
13469,가축사육업,2015-03-04,,1,영업/정상,0,정상,,,,,,,330-842,"충청남도 천안시 동남구 목천읍 덕전리 ***-*번지 외 *필지(***-*, ***, ***-*)",,,사슴방목장,2020-03-27 15:16,U,2020-03-29 2:40,,219206.1633,367393.6789,가축사육업,,1304,0,0.0,사슴,7,127.21313390413717,36.80775204878705
13470,가축사육업,2017-07-13,,1,영업/정상,0,정상,,,,,,,,"충청남도 천안시 동남구 수신면 신풍리 *** 외 *(***, ***)",충청남도 천안시 동남구 수신면 *산단로 ***-**,31251,양지농장,2021-03-03 17:13,U,2021-03-05 2:40,,223623.6421,360332.7875,가축사육업,,1397,0,0.0,육계,54560,127.26241869867025,36.74402675079892
13471,가축사육업,2017-07-13,,1,영업/정상,0,정상,,,,,,,,충청남도 천안시 동남구 광덕면 매당리 **-*번지 외 *(**-*),,,정현농장,2019-12-26 15:30,U,2019-12-28 2:40,,210445.8221,356563.3708,가축사육업,,1398,0,0.0,한우,0,127.11481635813752,36.710295573734825
13472,가축사육업,2013-02-06,,1,영업/정상,0,정상,,,,,,,331-802,충청남도 천안시 서북구 성환읍 수향리 ***-*번지,,,이현농장,2019-07-17 21:16,U,2019-07-19 2:40,,213015.5952,383901.4105,가축사육업,,1058,0,0.0,한우,20,127.14404296174602,36.95660656218348
13473,가축사육업,2013-02-21,,1,영업/정상,0,정상,,,,,,,331-805,충청남도 천안시 서북구 성환읍 성환리 ***번지,충청남도 천안시 서북구 성환읍 신방로 ***-**,31011,근성농장,2016-05-26 13:39,I,2018-08-31 23:59,,210944.7612,380165.8983,가축사육업,,1061,0,0.0,한우,3,127.12073793158349,36.922972708987245
13474,가축사육업,2013-05-02,,1,영업/정상,0,정상,,,,,583-6549,,331-825,충청남도 천안시 서북구 입장면 호당리 ***번지,충청남도 천안시 서북구 입장면 당곡*길 ***,31058,보람농장,2016-07-19 16:15,I,2018-08-31 23:59,,221186.398,376812.1555,가축사육업,,1066,0,0.0,한우,5,127.23558651865433,36.89257896752175
13475,가축사육업,2013-08-13,,1,영업/정상,0,정상,,,,,,,331-808,충청남도 천안시 서북구 성환읍 와룡리 **-**번지,충청남도 천안시 서북구 성환읍 와룡길 ***,31000,선영농장,2020-04-01 11:07,U,2020-04-03 2:40,,209383.0155,383843.5611,가축사육업,,1077,0,0.0,한우,19,127.10325566012631,36.95612823707497
13476,가축사육업,2016-10-19,,1,영업/정상,0,정상,,,,,,,,충청남도 천안시 동남구 성남면 봉양리 **-*,충청남도 천안시 동남구 성남면 봉양*길 ***-**,31249,정목장,2022-02-11 14:27,U,2022-02-13 2:40,,222308.6034,356864.2093,가축사육업,,1374,0,0.0,젖소,85,127.24759345874624,36.71280282798619
13478,가축사육업,2016-12-29,,1,영업/정상,0,정상,,,,,,,,충청남도 천안시 동남구 동면 구도리 **,충청남도 천안시 동남구 동면 구도*길 ***-**,31260,해성팜스,2020-10-28 17:34,U,2020-10-30 2:40,,230922.3454,361583.6228,가축사육업,,1378,0,0.0,돼지,3778,127.3441913839972,36.7550887817947
13479,가축사육업,2017-01-12,,1,영업/정상,0,정상,,,,,,,,충청남도 천안시 동남구 풍세면 보성리 **-*번지,,,주현3농장,2017-01-12 14:44,I,2018-08-31 23:59,,211363.8543,359439.0139,가축사육업,,1379,0,0.0,종계/산란계,40000,127.12513352292817,36.736197967831494
13480,가축사육업,2017-01-12,,1,영업/정상,0,정상,,,,,,,,충청남도 천안시 동남구 광덕면 매당리 **-*번지,충청남도 천안시 동남구 광덕면 당하길 **-**,31221,정현농장,2017-01-12 15:16,I,2018-08-31 23:59,,210435.0042,356584.1875,가축사육업,,1380,0,0.0,돼지,0,127.11469556574971,36.71048327486335
13483,가축사육업,2017-03-27,,1,영업/정상,0,정상,,,,,,,,충청남도 천안시 동남구 병천면 병천리 ***-*번지,충청남도 천안시 동남구 병천면 개목고개길 *** (독립부화장),31254,독립농장,2017-05-28 15:09,I,2018-08-31 23:59,,226587.9933,363985.3593,가축사육업,,1385,0,0.0,종계/산란계,35000,127.29573698004096,36.77686187042187
13485,가축사육업,2017-05-11,,1,영업/정상,0,정상,,,,,,,,충청남도 천안시 동남구 동면 구도리 **-* 외 *(**-*),충청남도 천안시 동남구 동면 구도*길 ***-**,31260,해성농장,2023-02-13 9:51,U,2023-02-15 2:40,,230765.2248,361742.4986,가축사육업,,1392,0,0.0,돼지,3619,127.34243827621668,36.75652550301194
13486,가축사육업,2017-05-25,,1,영업/정상,0,정상,,,,,,,,충청남도 천안시 동남구 풍세면 용정리 **-*,충청남도 천안시 동남구 풍세면 봉강천로 ***-**,31214,농업회사법인 바이오평화농원 (주),2021-03-09 16:12,U,2021-03-11 2:40,,209913.7542,361049.1552,가축사육업,,1394,L00,0.0,종계/산란계,0,127.10891923036895,36.75072331247313
13487,가축사육업,2015-10-12,,1,영업/정상,0,정상,,,,,,,330-892,충청남도 천안시 동남구 성남면 신사리 ***번지,충청남도 천안시 동남구 성남면 신사운전길 ***,31245,대웅돈유전자1,2019-12-11 11:37,U,2019-12-13 2:40,,221703.4557,361387.1543,가축사육업,,1335,0,0.0,돼지,1000,127.24094849369965,36.75357342875481
13488,가축사육업,2015-10-30,,1,영업/정상,0,정상,,,,,,,330-862,충청남도 천안시 동남구 병천면 도원리 ***-*번지,,,우리농장,2015-10-30 9:08,I,2018-08-31 23:59,,228418.3231,364233.3705,가축사육업,,1338,0,0.0,한우,0,127.31624879650491,36.779043716400096
13489,가축사육업,2015-12-14,,1,영업/정상,0,정상,,,,,,,330-912,충청남도 천안시 동남구 풍세면 삼태리 ***-*번지,,,삼태리농장,2019-06-20 13:35,U,2019-06-22 2:40,,207854.0195,359998.6697,가축사육업,,1339,0,0.0,염소,36,127.08584374097221,36.741276394743956
13490,가축사육업,2015-12-23,,1,영업/정상,0,정상,,,,,,,330-913,충청남도 천안시 동남구 풍세면 풍서리 **번지,충청남도 천안시 동남구 풍세면 광풍로 ****-**,31216,야타리농장,2016-03-11 9:43,I,2018-08-31 23:59,,211472.8001,358491.165,가축사육업,,1340,0,0.0,한우,8,127.126339110818,36.72765546398804
13491,가축사육업,2016-02-17,,1,영업/정상,0,정상,,,,,,,330-891,충청남도 천안시 동남구 성남면 석곡리 **-*번지 **-**,충청남도 천안시 동남구 성남면 신사대화로 **-*,31247,가교농산,2020-03-10 11:44,U,2020-03-12 2:40,,220267.3254,360183.7753,가축사육업,,1341,0,0.0,한우,116,127.22483448177121,36.74276136198934
13492,가축사육업,2016-03-02,,1,영업/정상,0,정상,,,,,,,330-893,충청남도 천안시 동남구 성남면 봉양리 ***번지,충청남도 천안시 동남구 성남면 봉양*길 ***-**,31249,초록원,2016-03-02 17:45,I,2018-08-31 23:59,,222805.1414,355677.6843,가축사육업,,1342,0,0.0,염소,17,127.25311562006422,36.70209916435385
13493,가축사육업,2016-03-23,,1,영업/정상,0,정상,,,,,,,31260,"충청남도 천안시 동남구 동면 송연리 **번지 **-*,**-*",충청남도 천안시 동남구 동면 화복로 *-**,31260,부복농장,2016-03-23 9:20,I,2018-08-31 23:59,,232490.3922,364948.2589,가축사육업,,1344,0,0.0,돼지,2000,127.36189394900046,36.78535497403515
13494,가축사육업,2013-09-12,,1,영업/정상,0,정상,,,,,581-9152,,331-811,충청남도 천안시 서북구 직산읍 판정리 ***-*번지,,,원진농장,2013-09-12 10:05,I,2018-08-31 23:59,,215427.0103,378533.6061,가축사육업,,1162,0,0.0,한우,25,127.17100930479457,36.908202013696425
13495,가축사육업,2013-09-12,,1,영업/정상,0,정상,,,,,,,331-812,충청남도 천안시 서북구 직산읍 남산리 ***-*번지,충청남도 천안시 서북구 직산읍 남산*길 ***,31034,병일농장,2019-07-17 20:34,U,2019-07-19 2:40,,215191.3502,376958.3102,가축사육업,,1163,0,0.0,산양,8,127.16833355472937,36.89401104031539
13496,가축사육업,2013-09-17,,1,영업/정상,0,정상,,,,,,,331-815,충청남도 천안시 서북구 직산읍 자은가리 **-*번지,충청남도 천안시 서북구 직산읍 상덕*길 **-**,31038,흥연농장,2019-07-17 20:33,U,2019-07-19 2:40,,211491.3692,375499.219,가축사육업,,1166,0,0.0,사슴,3,127.12680218643438,36.880915347183716
13497,가축사육업,2013-09-17,,1,영업/정상,0,정상,,,,,,,331-811,충청남도 천안시 서북구 직산읍 군서리 **-**번지,충청남도 천안시 서북구 직산읍 직산안길 *-**,31032,사곡농장,2019-07-17 20:35,U,2019-07-19 2:40,,214536.2499,377247.2017,가축사육업,,1168,0,0.0,산양,10,127.16098963080455,36.8966244764366
13498,가축사육업,2013-10-08,,1,영업/정상,0,정상,,,,,582-5388,,331-824,충청남도 천안시 서북구 입장면 용정리 ***-*번지,충청남도 천안시 서북구 입장면 용정도하길 ***,,안흥목장,2019-06-11 8:53,U,2019-06-13 2:40,,216838.6338,380179.0533,가축사육업,,1201,0,0.0,젖소,65,127.18688538084254,36.92300482786892
13499,가축사육업,2013-11-05,,1,영업/정상,0,정상,,,,,,,331-822,충청남도 천안시 서북구 입장면 기로리 산 **,,,태경사슴목장,2023-12-06 11:30,U,2023-12-09 2:40,,222447.8084,377856.0569,가축사육업,,1205,0,0.0,사슴,0,127.24976851035753,36.9019563176014
13500,가축사육업,2015-10-05,,1,영업/정상,0,정상,,,,,,,330-862,충청남도 천안시 동남구 병천면 봉항리 ***-*번지,충청남도 천안시 동남구 병천면 봉항*길 ***-**,31239,삼성농장,2015-10-05 8:39,I,2018-08-31 23:59,,228063.0264,370889.7285,가축사육업,,1332,0,0.0,한우,150,127.31251354840292,36.83903412959514
13500,가축사육업,2015-10-05,,1,영업/정상,0,정상,,,,,,,330-862,충청남도 천안시 동남구 병천면 봉항리 ***-*번지,충청남도 천안시 동남구 병천면 봉항*길 ***-**,31239,삼성농장,2015-10-05 8:39,I,2018-08-31 23:59,,228063.0264,370889.7285,가축사육업,,1332,0,0.0,한우,116,127.31251354840292,36.83903412959514
13500,가축사육업,2015-10-05,,1,영업/정상,0,정상,,,,,,,330-862,충청남도 천안시 동남구 병천면 봉항리 ***-*번지,충청남도 천안시 동남구 병천면 봉항*길 ***-**,31239,삼성농장,2015-10-05 8:39,I,2018-08-31 23:59,,228063.0264,370889.7285,가축사육업,,1332,0,0.0,한우,5,127.31251354840292,36.83903412959514
13501,가축사육업,2015-10-05,,1,영업/정상,0,정상,,,,2020-02-11,,,330-912,충청남도 천안시 동남구 풍세면 삼태리 ***-* 외*(***-*),충청남도 천안시 동남구 풍세면 태학산로 ***,31214,충무3농장,2023-03-08 14:02,U,2023-03-11 2:40,,207519.541,359317.7105,가축사육업,,1333,L00,0.0,돼지,1093,127.08209208537296,36.73514285894362
13502,가축사육업,2015-10-06,,1,영업/정상,0,정상,,,,,,,330-882,충청남도 천안시 동남구 수신면 장산리 ***번지,,,상록목장,2016-03-11 18:07,I,2018-08-31 23:59,,225636.5852,361216.0061,가축사육업,,1334,0,0.0,염소,31,127.28498688103727,36.75193336187774
13503,가축사육업,2013-09-09,,1,영업/정상,0,정상,,,,,,,,충청남도 천안시 서북구 입장면 가산리 ***-*번지,충청남도 천안시 서북구 입장면 가좌울*길 **-**,31026,한우농장,2020-03-31 14:40,U,2020-04-02 2:40,,217889.1793,381367.2209,가축사육업,,1137,0,0.0,한우,8,127.19870365723197,36.93369190855364
13503,가축사육업,2013-09-09,,1,영업/정상,0,정상,,,,,,,,충청남도 천안시 서북구 입장면 가산리 ***-*번지,충청남도 천안시 서북구 입장면 가좌울*길 **-**,31026,한우농장,2020-03-31 14:40,U,2020-04-02 2:40,,217889.1793,381367.2209,가축사육업,,1137,0,0.0,한우,90,127.19870365723197,36.93369190855364
13503,가축사육업,2013-09-09,,1,영업/정상,0,정상,,,,,,,,충청남도 천안시 서북구 입장면 가산리 ***-*번지,충청남도 천안시 서북구 입장면 가좌울*길 **-**,31026,한우농장,2020-03-31 14:40,U,2020-04-02 2:40,,217889.1793,381367.2209,가축사육업,,1137,0,0.0,한우,11,127.19870365723197,36.93369190855364
13504,가축사육업,2017-04-10,,1,영업/정상,0,정상,,,,,,,,충청남도 천안시 서북구 입장면 가산리 ***-*,,31026,천원목장,2023-05-03 9:55,U,2023-05-05 2:40,,217790.6502,382610.0138,가축사육업,,1387,0,0.0,한우,0,127.19762682686682,36.94489231627468
13505,가축사육업,2013-09-05,,1,영업/정상,0,정상,,,,,566-7648,,330-923,충청남도 천안시 동남구 광덕면 매당리 **-*,충청남도 천안시 동남구 광덕면 광풍로 ***-*,31221,가나농장,2023-03-20 17:55,U,2023-03-22 2:40,,209649.9884,355940.7359,가축사육업,,1112,0,0.0,한우,5,127.10590153904968,36.70469325657167
13506,가축사육업,2013-09-05,,1,영업/정상,0,정상,,,,,566-7979,,330-923,충청남도 천안시 동남구 광덕면 매당리 ***번지,충청남도 천안시 동남구 광덕면 쇳골길 ***,,서일농장,2015-10-19 12:46,I,2018-08-31 23:59,,208212.5974,356404.0241,가축사육업,,1113,0,0.0,한우,23,127.08982026646963,36.70888144583596
13507,가축사육업,2013-09-05,,1,영업/정상,0,정상,,,,,,,330-921,충청남도 천안시 동남구 광덕면 광덕리 ***-*번지,,,만복골농장,2013-11-14 21:15,I,2018-08-31 23:59,,205429.6311,353824.0709,가축사육업,,1115,0,0.0,한우,0,127.05865559068275,36.68565273087542
13508,가축사육업,2013-09-05,,1,영업/정상,0,정상,,,,,636-1999,,330-922,충청남도 천안시 동남구 광덕면 신덕리 ***번지,충청남도 천안시 동남구 광덕면 광덕로 ***,,오성농장,2013-11-14 21:17,I,2018-08-31 23:59,,211320.803,354444.5372,가축사육업,,1117,0,0.0,한우,58240,127.1245780333975,36.691192399327186
13508,가축사육업,2013-09-05,,1,영업/정상,0,정상,,,,,636-1999,,330-922,충청남도 천안시 동남구 광덕면 신덕리 ***번지,충청남도 천안시 동남구 광덕면 광덕로 ***,,오성농장,2013-11-14 21:17,I,2018-08-31 23:59,,211320.803,354444.5372,가축사육업,,1117,0,0.0,한우,1,127.1245780333975,36.691192399327186
13508,가축사육업,2013-09-05,,1,영업/정상,0,정상,,,,,636-1999,,330-922,충청남도 천안시 동남구 광덕면 신덕리 ***번지,충청남도 천안시 동남구 광덕면 광덕로 ***,,오성농장,2013-11-14 21:17,I,2018-08-31 23:59,,211320.803,354444.5372,가축사육업,,1117,0,0.0,한우,2100,127.1245780333975,36.691192399327186
13509,가축사육업,2013-09-05,,1,영업/정상,0,정상,,,,,552-1880,,330-922,충청남도 천안시 동남구 광덕면 원덕리 ***번지,충청남도 천안시 동남구 광덕면 차령고개로 ***,,차량농장,2013-11-14 21:18,I,2018-08-31 23:59,,211382.4214,351058.7048,가축사육업,,1119,0,0.0,한우,0,127.1252174957041,36.66068116138339
13510,가축사육업,2013-09-08,,1,영업/정상,0,정상,,,,,567-0360,,330-921,충청남도 천안시 동남구 광덕면 보산원리 ***번지,충청남도 천안시 동남구 광덕면 보산원*길 **-*,,삼흥농장,2013-09-08 12:00,I,2018-08-31 23:59,,206764.9934,354514.8555,가축사육업,,1120,0,0.0,한우,12,127.07360233786115,36.6918690722835
13511,가축사육업,2013-09-08,,1,영업/정상,0,정상,,,,,553-3184,,330-851,충청남도 천안시 동남구 북면 양곡리 ***번지,충청남도 천안시 동남구 북면 양곡*길 **-*,,종만농장,2013-09-08 12:16,I,2018-08-31 23:59,,225191.7192,372417.6863,가축사육업,,1122,0,0.0,한우,2,127.28037479885433,36.85288300367369
13512,가축사육업,2013-09-08,,1,영업/정상,0,정상,,,,,557-9100,,330-843,충청남도 천안시 동남구 목천읍 운전리 **-*,충청남도 천안시 동남구 목천읍 운전*길 **-**,,남중농장,2020-07-27 15:01,U,2020-07-29 2:40,,221706.0266,363008.8557,가축사육업,,1124,0,0.0,한우,59,127.24102326567649,36.768186585587706
13513,가축사육업,2013-10-01,,1,영업/정상,0,정상,,,,,,,330-892,충청남도 천안시 동남구 성남면 화성리 **-**번지,충청남도 천안시 동남구 성남면 신사운전길 ***-**,,사슴영토한록원,2016-03-11 9:29,I,2018-08-31 23:59,,222604.9612,362077.3812,가축사육업,,1188,0,0.0,사슴,17,127.25106416460333,36.75977210302176
13514,가축사육업,2014-01-15,,1,영업/정상,0,정상,,,,,566-6942,,330-847,충청남도 천안시 동남구 목천읍 응원리 ***-*,충청남도 천안시 동남구 목천읍 응원*길 **-*,,응원목장,2023-02-16 21:33,U,2023-02-18 2:40,,216522.5551,362306.2035,가축사육업,,1213,0,0.0,한우,40,127.18295106164553,36.76195906287772
13515,가축사육업,2013-09-10,,1,영업/정상,0,정상,,,,,552-6658,,330-892,충청남도 천안시 동남구 성남면 신사리 ***-**,충청남도 천안시 동남구 성남면 성남로 ***,,대경농장,2023-08-07 16:25,U,2023-08-09 2:40,,220158.5949,360404.9369,가축사육업,,1139,0,0.0,한우,46000,127.22362287593829,36.744756574119435
13515,가축사육업,2013-09-10,,1,영업/정상,0,정상,,,,,552-6658,,330-892,충청남도 천안시 동남구 성남면 신사리 ***-**,충청남도 천안시 동남구 성남면 성남로 ***,,대경농장,2023-08-07 16:25,U,2023-08-09 2:40,,220158.5949,360404.9369,가축사육업,,1139,0,0.0,한우,5,127.22362287593829,36.744756574119435
13516,가축사육업,2013-09-10,,1,영업/정상,0,정상,,,,,,,330-893,충청남도 천안시 동남구 성남면 대흥리 ***,충청남도 천안시 동남구 성남면 대흥*길 ***-**,,대연1농장,2020-08-19 17:20,U,2020-08-21 2:40,,221454.2845,358916.5625,가축사육업,,1141,0,0.0,한우,17,127.23808903383339,36.73131640384892
13517,가축사육업,2013-09-10,,1,영업/정상,0,정상,,,,,,,330-893,충청남도 천안시 동남구 성남면 대흥리 ***번지,충청남도 천안시 동남구 성남면 대흥*길 ***-**,,대연2농장,2013-09-10 9:46,I,2018-08-31 23:59,,221454.2845,358916.5625,가축사육업,,1142,0,0.0,산양,8,127.23808903383339,36.73131640384892
13518,가축사육업,2013-09-11,,1,영업/정상,0,정상,,,,,563-7799,,330-841,충청남도 천안시 동남구 목천읍 교천리 ***-* 외 *필지(***-*),,,상향농장,2021-07-29 10:04,U,2021-07-31 2:40,,217289.6515,364553.3591,가축사육업,,1146,0,0.0,한우,26,127.19159291760222,36.78219467868564
13519,가축사육업,2013-09-08,,1,영업/정상,0,정상,,,,,564-2229,,330-862,충청남도 천안시 동남구 병천면 도원리 ***번지,,,영성농장,2013-09-08 12:42,I,2018-08-31 23:59,,228201.2007,364812.3628,가축사육업,,1126,0,0.0,한우,0,127.31383797896402,36.78426745730992
13520,가축사육업,2013-09-08,,1,영업/정상,0,정상,,,,,564-1750,,330-863,충청남도 천안시 동남구 병천면 송정리 ***-*번지,,,와촌농장,2013-09-08 12:49,I,2018-08-31 23:59,,228800.6516,359439.7568,가축사육업,,1127,0,0.0,한우,27,127.32035115748415,36.73583703118387
13521,가축사육업,2013-09-08,,1,영업/정상,0,정상,,,,,,,330-863,충청남도 천안시 동남구 병천면 송정리 ***-*,충청남도 천안시 동남구 병천면 송정리*길 **,,대진농장,2022-02-11 14:31,U,2022-02-13 2:40,,228852.8393,359816.0433,가축사육업,,1128,0,0.0,한우,8498,127.3209496067073,36.73922617294091
13521,가축사육업,2013-09-08,,1,영업/정상,0,정상,,,,,,,330-863,충청남도 천안시 동남구 병천면 송정리 ***-*,충청남도 천안시 동남구 병천면 송정리*길 **,,대진농장,2022-02-11 14:31,U,2022-02-13 2:40,,228852.8393,359816.0433,가축사육업,,1128,0,0.0,한우,271,127.3209496067073,36.73922617294091
13522,가축사육업,2013-09-08,,1,영업/정상,0,정상,,,,,,,330-863,충청남도 천안시 동남구 병천면 송정리 산 **번지,충청남도 천안시 동남구 병천면 송정리*길 **-**,,둥지농장,2015-06-24 16:33,I,2018-08-31 23:59,,228912.7501,360291.8146,가축사육업,,1129,0,0.0,한우,33,127.32163833882898,36.74351153276609
13523,가축사육업,2013-09-11,,1,영업/정상,0,정상,,,,,,,330-872,충청남도 천안시 동남구 동면 화덕리 **-* 외 *필지(**-*),충청남도 천안시 동남구 동면 화덕*길 ***-*,31261,대호농장,2021-04-07 16:10,U,2021-04-09 2:40,,236520.9907,363417.0821,가축사육업,,1149,0,0.0,한우,35,127.4069744271061,36.77141128512219
13524,가축사육업,2013-09-11,,1,영업/정상,0,정상,,,,,,,330-872,충청남도 천안시 동남구 동면 죽계리 ***번지,충청남도 천안시 동남구 동면 죽계리*길 **,,상봉2농장,2020-03-29 11:28,U,2020-03-31 2:40,,233328.7894,365758.2727,가축사육업,,1153,0,0.0,한우,1500,127.37132165564911,36.79262486300029
13524,가축사육업,2013-09-11,,1,영업/정상,0,정상,,,,,,,330-872,충청남도 천안시 동남구 동면 죽계리 ***번지,충청남도 천안시 동남구 동면 죽계리*길 **,,상봉2농장,2020-03-29 11:28,U,2020-03-31 2:40,,233328.7894,365758.2727,가축사육업,,1153,0,0.0,한우,36,127.37132165564911,36.79262486300029
13525,가축사육업,2014-01-21,,1,영업/정상,0,정상,,,,,553-1066,,330-853,충청남도 천안시 동남구 북면 은지리 *-*번지,충청남도 천안시 동남구 북면 박문수길 ***-*,,유정농장(2),2014-01-21 17:19,I,2018-08-31 23:59,,224013.749,364272.0928,가축사육업,,1218,0,0.0,종계/산란계,14,127.2669102805521,36.77951414735107
13526,가축사육업,2014-02-19,,1,영업/정상,0,정상,,,,,,,330-881,충청남도 천안시 동남구 수신면 해정리 ***번지,충청남도 천안시 동남구 수신면 해정*길 **-**,31250,엄정농장,2020-04-01 10:50,U,2020-04-03 2:40,,224376.4814,357689.3672,가축사육업,,1222,0,0.0,산양,0,127.27076404867036,36.72018774120503
13527,가축사육업,2014-02-26,,1,영업/정상,0,정상,,,,,,,330-923,"충청남도 천안시 동남구 광덕면 매당리 **-* 외 *필지(**-*, **-**, **-**)",충청남도 천안시 동남구 광덕면 광풍로 ***-**,31221,자연알로(광덕),2023-10-10 13:33,U,2023-10-12 2:40,,209140.7931,355333.3482,가축사육업,,1229,0,0.0,종계/산란계,70578,127.10019580371707,36.699224966451666
13528,가축사육업,2012-06-07,,1,영업/정상,0,정상,,,,,,,330-881,충청남도 천안시 동남구 수신면 발산리 ***-*,충청남도 천안시 동남구 수신면 발산*길 ***-*,31250,신명축산,2023-05-11 11:11,U,2023-05-13 2:40,,225858.2398,357570.1732,가축사육업,,1032,0,0.0,한우,0,127.28734591261951,36.7190746003208
13529,가축사육업,2012-06-20,,1,영업/정상,0,정상,,,,,,,330-863,"충청남도 천안시 동남구 병천면 송정리 ***-*,***-*",,,한우농장,2021-11-10 9:06,U,2021-11-12 2:40,,,,가축사육업,,1033,0,0.0,한우,8,127.323897292904,36.7372037042082
13529,가축사육업,2012-06-20,,1,영업/정상,0,정상,,,,,,,330-863,"충청남도 천안시 동남구 병천면 송정리 ***-*,***-*",,,한우농장,2021-11-10 9:06,U,2021-11-12 2:40,,,,가축사육업,,1033,0,0.0,한우,90,127.323897292904,36.7372037042082
13529,가축사육업,2012-06-20,,1,영업/정상,0,정상,,,,,,,330-863,"충청남도 천안시 동남구 병천면 송정리 ***-*,***-*",,,한우농장,2021-11-10 9:06,U,2021-11-12 2:40,,,,가축사육업,,1033,0,0.0,한우,11,127.323897292904,36.7372037042082
13530,가축사육업,2012-07-26,,1,영업/정상,0,정상,,,,,,,331-808,충청남도 천안시 서북구 성환읍 왕림리 ***-**,충청남도 천안시 서북구 성환읍 신방로 ***,31007,윤선목장,2022-02-11 15:50,U,2022-02-13 2:40,,208289.7676,380629.756,가축사육업,,1034,0,0.0,젖소,50,127.09094579757668,36.92717936089641
13531,가축사육업,2014-03-18,,1,영업/정상,0,정상,,,,,,,330-893,충청남도 천안시 동남구 성남면 대흥리 **-*,,,삼봉농장,2023-05-18 14:50,U,2023-05-20 2:40,,222664.6402,358956.7664,가축사육업,,1238,0,0.0,육계,87000,127.2516401859127,36.73165065013256
13532,가축사육업,2014-04-25,,1,영업/정상,0,정상,,,,,,,330-893,"충청남도 천안시 동남구 성남면 봉양리 ***번지 외 *필지(***-*, ***-*, ***)",,,우정목장,2016-07-25 13:58,I,2018-08-31 23:59,,223482.104,355620.1431,가축사육업,,1241,0,0.0,젖소,56,127.26068959796456,36.70156421870975
13533,가축사육업,2014-04-28,,1,영업/정상,0,정상,,,,,553-0426,,330-893,충청남도 천안시 동남구 성남면 신덕리 ***번지,,,신덕농장,2014-04-28 14:14,I,2018-08-31 23:59,,220853.9207,357807.1604,가축사육업,,1242,0,0.0,한우,5,127.23133777204728,36.72133280545307
13534,가축사육업,2014-05-02,,1,영업/정상,0,정상,,,,,,,330-893,충청남도 천안시 동남구 성남면 봉양리 ***-* 외 *필지(***-*),충청남도 천안시 동남구 성남면 봉양*길 ***-**,31249,은하농장,2021-03-30 5:13,U,2021-04-01 2:40,,222970.0178,356072.0124,가축사육업,,1244,0,0.0,산란육성계,135438,127.2549725165727,36.705648542550335
13535,가축사육업,2012-07-27,,1,영업/정상,0,정상,,,,,,,331-817,충청남도 천안시 서북구 직산읍 상덕리 ***,충청남도 천안시 서북구 직산읍 부송상덕길 ***,,평원목장,2022-02-11 15:03,U,2022-02-13 2:40,,211656.7389,376229.8074,가축사육업,,1035,0,0.0,젖소,0,127.12866828646199,36.887496597086844
13536,가축사육업,2005-08-25,,1,영업/정상,0,정상,,,,2009-12-04,583-5154,0.0,330-813,충청남도 천안시 서북구 직산읍 마정리 ***번지,충청남도 천안시 서북구 직산읍 미륵산길 **,,윤하농장,2015-07-03 13:58,I,2018-08-31 23:59,,208765.6673,373889.8416,가축사육업,,483,0,0.0,돼지,0,127.09620978432011,36.86644239892465
13537,가축사육업,2005-08-25,,1,영업/정상,0,정상,,,,,,0.0,331-813,충청남도 천안시 서북구 직산읍 마정리 **번지,충청남도 천안시 서북구 직산읍 금곡로 ***,31028,천안농원,2015-07-03 14:05,I,2018-08-31 23:59,,208730.9881,375614.4394,가축사육업,,485,0,0.0,한우,0,127.0958405587991,36.88198295451824
13538,가축사육업,2017-12-29,,1,영업/정상,0,정상,,,,,,,,충청남도 천안시 서북구 성환읍 양령리 ***-*,"충청남도 천안시 서북구 성환읍 양령*길 ***-*, 가온팜 농업회사법인(주)",31004,가온팜 농업회사법인(주),2023-09-28 10:34,U,2023-09-30 2:40,,215234.5383,384499.1176,가축사육업,,1414,L00,0.0,종계/산란계,145600,127.16896919412606,36.961959243551235
13539,가축사육업,2018-01-14,,1,영업/정상,0,정상,,,,,,,,충청남도 천안시 서북구 성환읍 도하리 ***-*번지,충청남도 천안시 서북구 성환읍 용정도하길 ***-**,31005,라파농장,2018-01-14 9:22,I,2018-08-31 23:59,,215667.3501,382781.5265,가축사육업,,1415,0,0.0,종계/산란계,172800,127.17379368229841,36.94647533200342
13540,가축사육업,2005-08-25,,1,영업/정상,0,정상,,,,,,0.0,331-813,충청남도 천안시 서북구 직산읍 마정리 ***,충청남도 천안시 서북구 직산읍 마정*길 ***,,청수농장,2023-12-05 15:21,U,2023-12-07 2:40,,207808.3785,374372.9531,가축사육업,,486,0,0.0,돼지,1000,127.0854789115015,36.87080402087175
13541,가축사육업,2005-08-25,,1,영업/정상,0,정상,,,,,,0.0,,"충청남도 천안시 동남구 동면 장송리 ***-* 외 *(***,***,***-*,***-*,***-*)",충청남도 천안시 동남구 동면 장송죽계길 **-**,31261,제일농장,2022-04-25 16:18,U,2022-04-27 2:40,,233215.3142,364248.2766,가축사육업,,487,0,0.0,돼지,50,127.36998463877744,36.77902242675805
13541,가축사육업,2005-08-25,,1,영업/정상,0,정상,,,,,,0.0,,"충청남도 천안시 동남구 동면 장송리 ***-* 외 *(***,***,***-*,***-*,***-*)",충청남도 천안시 동남구 동면 장송죽계길 **-**,31261,제일농장,2022-04-25 16:18,U,2022-04-27 2:40,,233215.3142,364248.2766,가축사육업,,487,0,0.0,돼지,3500,127.36998463877744,36.77902242675805
13542,가축사육업,2005-08-29,,1,영업/정상,0,정상,,,,,,0.0,331-807,충청남도 천안시 서북구 성환읍 율금리 ***-*번지 외 *필지,충청남도 천안시 서북구 성환읍 율금*길 ** (외 *필지),,대호농장,2019-08-16 19:35,U,2019-08-18 2:40,,209623.5588,378302.351,가축사육업,,492,0,0.0,한우,35,127.10588647270376,36.90619484616035
13543,가축사육업,2005-08-29,,1,영업/정상,0,정상,,,,,,0.0,331-808,"충청남도 천안시 서북구 성환읍 신방리 ***-** 외**(***-**,**,**,**,**,**,**,**,***,***,***,***)",충청남도 천안시 서북구 성환읍 방축길 ***,31000,일헌농원,2020-10-15 17:54,U,2020-10-17 2:40,,207800.4147,382485.9601,가축사육업,,495,0,0.0,돼지,1700,127.08547243173408,36.94390946653448
13544,가축사육업,2008-05-30,,1,영업/정상,0,정상,,2020-03-27,2021-03-26,,,0.0,330-802,충청남도 천안시 서북구 성환읍 양령리 ***-*,충청남도 천안시 서북구 성환읍 상령길 *-***,,신성목장,2021-07-17 14:09,U,2021-07-19 2:40,,213367.5697,385180.6479,가축사육업,,831,0,0.0,한우,60,127.14801744475518,36.96812858558352
13544,가축사육업,2008-05-30,,1,영업/정상,0,정상,,2020-03-27,2021-03-26,,,0.0,330-802,충청남도 천안시 서북구 성환읍 양령리 ***-*,충청남도 천안시 서북구 성환읍 상령길 *-***,,신성목장,2021-07-17 14:09,U,2021-07-19 2:40,,213367.5697,385180.6479,가축사육업,,831,0,0.0,한우,46,127.14801744475518,36.96812858558352
13545,가축사육업,2018-02-01,,1,영업/정상,0,정상,,,,,,,,충청남도 천안시 서북구 성환읍 양령리 ***-*,충청남도 천안시 서북구 성환읍 상령길 **,31004,대명2목장,2022-02-11 15:20,U,2022-02-13 2:40,,212794.4141,385048.9529,가축사육업,,1417,0,0.0,젖소,90,127.14157887454385,36.96694983543875
13546,가축사육업,2018-03-07,,1,영업/정상,0,정상,,,,2020-04-24,,,,충청남도 천안시 동남구 풍세면 가송리 ***-*번지,충청남도 천안시 동남구 풍세면 가송로 **-*,31216,일심농장,2020-04-24 16:49,U,2020-04-26 2:40,,211580.5144,358028.9609,가축사육업,,1418,0,0.0,한우,0,127.12753796383818,36.72348917287833
13547,가축사육업,2018-03-19,,1,영업/정상,0,정상,,,,,,,,충청남도 천안시 서북구 성환읍 양령리 ***-**,충청남도 천안시 서북구 성환읍 양령*길 **,31004,상령목장,2022-02-11 15:17,U,2022-02-13 2:40,,213674.6411,384187.2317,가축사육업,,1419,0,0.0,젖소,64,127.15144786283986,36.95917274364095
13548,가축사육업,2018-03-19,,1,영업/정상,0,정상,,,,,,,,충청남도 천안시 서북구 성환읍 도하리 ***-*,충청남도 천안시 서북구 성환읍 용정도하길 ***-**,31005,현대농장(4),2023-11-06 11:10,U,2023-11-08 2:40,,215889.5953,383059.5764,가축사육업,,1420,0,0.0,한우,0,127.17629453179939,36.94897707525635
13549,가축사육업,2018-03-31,,1,영업/정상,0,정상,,,,,,,,충청남도 천안시 서북구 입장면 흑암리 ***-*번지,충청남도 천안시 서북구 입장면 용정도하길 ***-*,31025,장수농장,2018-03-31 9:40,I,2018-08-31 23:59,,216465.8064,381644.0732,가축사육업,,1421,0,0.0,육우,161,127.18273287180759,36.93621241021375
13550,가축사육업,2018-04-20,,1,영업/정상,0,정상,,,,,,,,충청남도 천안시 동남구 풍세면 보성리 ***번지,충청남도 천안시 동남구 풍세면 광풍로 ****,31216,경훈농장,2018-04-24 10:33,I,2018-08-31 23:59,,211153.6419,358369.031,가축사육업,,1423,0,0.0,한우,80,127.12276449934527,36.72655867666565
13551,가축사육업,2018-05-16,,1,영업/정상,0,정상,,,,,,,,충청남도 천안시 서북구 성환읍 양령리 ***-*,충청남도 천안시 서북구 성환읍 양령*길 **-*,31004,도영목장,2022-05-26 13:12,U,2022-05-28 2:40,,212879.5049,384552.0017,가축사육업,,1424,0,0.0,젖소,105,127.14252597348961,36.962470763085946
13552,가축사육업,2018-05-16,,1,영업/정상,0,정상,,,,,,,,충청남도 천안시 서북구 성환읍 양령리 ***-*번지,충청남도 천안시 서북구 성환읍 상령길 **-*,31004,YT목장,2018-05-16 10:31,I,2018-08-31 23:59,,213009.3016,385038.6968,가축사육업,,1425,0,0.0,젖소,150,127.14399177845824,36.96685449014039
13553,가축사육업,2018-05-23,,1,영업/정상,0,정상,,,,,,,,충청남도 천안시 서북구 성환읍 도하리 ***번지,충청남도 천안시 서북구 성환읍 하리*길 **,31005,산우물목장,2018-05-23 20:49,I,2018-08-31 23:59,,215524.355,382482.0628,가축사육업,,1427,0,0.0,젖소,90,127.17218222942171,36.9437792823227
13554,가축사육업,2013-09-11,,1,영업/정상,0,정상,,,,,523-4095,,330-872,충청남도 천안시 동남구 동면 송연리 ***-*번지,충청남도 천안시 동남구 동면 송연*길 **,,송연농장,2013-09-11 9:46,I,2018-08-31 23:59,,230604.929,363159.1266,가축사육업,,1157,0,0.0,한우,4,127.34069987679439,36.76929584964021
13555,가축사육업,2013-09-11,,1,영업/정상,0,정상,,,,,,,330-872,충청남도 천안시 동남구 동면 송연리 ***번지,충청남도 천안시 동남구 동면 송연*길 ***,,영민농장,2020-03-31 16:06,U,2020-04-02 2:40,,230908.9724,362694.3707,가축사육업,,1158,0,0.0,한우,5,127.34408651212827,36.7650981188907
13556,가축사육업,2013-09-11,,1,영업/정상,0,정상,,,,,,,330-872,충청남도 천안시 동남구 동면 송연리 ***-*번지,충청남도 천안시 동남구 동면 송연*길 ***,,인종농장,2020-04-01 10:13,U,2020-04-03 2:40,,230878.0188,362667.8988,가축사육업,,1159,0,0.0,한우,0,127.34373876799683,36.76486058799786
13557,가축사육업,2013-09-11,,1,영업/정상,0,정상,,,,,523-9813,,330-872,충청남도 천안시 동남구 동면 송연리 ***번지,충청남도 천안시 동남구 동면 송연*길 ***-*,,서림농장,2013-09-11 10:00,I,2018-08-31 23:59,,231003.1384,362663.3023,가축사육업,,1160,0,0.0,한우,7,127.34513989621955,36.764815096221064
13558,가축사육업,2017-11-20,,1,영업/정상,0,정상,,,,,,,,충청남도 천안시 동남구 병천면 도원리 ***,충청남도 천안시 동남구 병천면 도원리*길 **-**,31255,도원양계,2021-06-17 13:42,U,2021-06-19 2:40,,228434.6009,363875.4755,가축사육업,,1408,0,0.0,종계/산란계,110208,127.31641782528992,36.77581825319287
13559,가축사육업,2008-06-04,,1,영업/정상,0,정상,,,,,,0.0,330-851,충청남도 천안시 동남구 북면 양곡리 ***-*번지,,,광명농장,2008-06-04 10:09,I,2018-08-31 23:59,,225427.0519,372167.321,가축사육업,,833,0,0.0,한우,0,127.28300515591374,36.85062071086367
13560,가축사육업,2008-06-04,,1,영업/정상,0,정상,,,,,564-1465,0.0,330-861,충청남도 천안시 동남구 병천면 병천리 ***-**,,,금잔디농원,2023-07-27 17:16,U,2023-07-29 2:40,,227243.2767,363240.5541,가축사육업,,834,0,0.0,육계,36720,127.30305066145216,36.77013189163306
13561,가축사육업,2017-10-18,,1,영업/정상,0,정상,,,,,,,,충청남도 천안시 서북구 성환읍 양령리 ***-*번지,충청남도 천안시 서북구 성환읍 양령*길 ***-*,31004,승현2농장,2017-10-18 17:29,I,2018-08-31 23:59,,214907.726,384473.6652,가축사육업,,1406,0,0.0,육우,200,127.16529899834546,36.96173510554019
13562,가축사육업,2017-11-28,,1,영업/정상,0,정상,,,,,,,,"충청남도 천안시 동남구 성남면 대흥리 ***-*번지 ***-*,*,*,*,*,***-**,**",충청남도 천안시 동남구 성남면 대흥*길 ***-**,31248,태양목장,2017-11-28 9:37,I,2018-08-31 23:59,,220932.7063,358147.1207,가축사육업,,1410,0,0.0,한우,337,127.23222894331577,36.72439449536775
13563,가축사육업,2017-12-05,,1,영업/정상,0,정상,,,,,,,,충청남도 천안시 동남구 성남면 대흥리 *-*번지,충청남도 천안시 동남구 성남면 대흥*길 **,31248,관성2농장,2017-12-05 15:33,I,2018-08-31 23:59,,221711.8516,359173.0989,가축사육업,,1411,0,0.0,한우,150,127.2409797714642,36.733622238072066
13564,가축사육업,2017-12-15,,1,영업/정상,0,정상,,,,,,,,충청남도 천안시 서북구 성환읍 양령리 ***-*,"충청남도 천안시 서북구 성환읍 양령*길 ***-*, 더나농장",31004,더나농장,2022-12-05 11:21,U,2022-12-07 2:40,,214112.4424,384256.487,가축사육업,,1412,0,0.0,한우,180,127.15636493815153,36.95979035964376
13565,가축사육업,2017-12-28,,1,영업/정상,0,정상,,,,,,,,충청남도 천안시 동남구 풍세면 보성리 ***-*,"충청남도 천안시 동남구 풍세면 광풍로 ****, 이슬농장",31216,이슬농장,2023-02-24 17:15,U,2023-02-26 2:40,,211153.7184,358338.7966,가축사육업,,1413,0,0.0,염소,0,127.12276491713858,36.726286229013986
13566,가축사육업,2013-09-05,,1,영업/정상,0,정상,,,,,565-1157,,330-923,충청남도 천안시 동남구 광덕면 매당리 ***번지,,,마을농장,2013-11-14 21:08,I,2018-08-31 23:59,,210000.9027,356445.3865,가축사육업,,1108,0,0.0,한우,9,127.10983526142533,36.709237152585466
13567,가축사육업,2013-09-05,,1,영업/정상,0,정상,,,,,566-7756,,330-923,충청남도 천안시 동남구 광덕면 매당리 **-*번지,충청남도 천안시 동남구 광덕면 당하길 **-*,31221,재용농장,2020-03-02 18:53,U,2020-03-04 2:40,,210213.0992,356305.1581,가축사육업,,1109,0,0.0,한우,14,127.11220828467302,36.70797128635952
13568,가축사육업,2013-09-05,,1,영업/정상,0,정상,,,,,566-7057,,330-923,충청남도 천안시 동남구 광덕면 매당리 ***-*번지,충청남도 천안시 동남구 광덕면 당하길 **-**,,장복농장,2013-11-14 21:10,I,2018-08-31 23:59,,210275.6423,356434.5934,가축사육업,,1110,0,0.0,한우,0,127.11290997708842,36.7091369814094
13569,가축사육업,2017-08-04,,1,영업/정상,0,정상,,,,,,,,"충청남도 천안시 동남구 목천읍 운전리 **-*번지 , **-*",충청남도 천안시 동남구 목천읍 신사운전길 ***,31246,다원농장,2019-07-30 16:22,U,2019-08-01 2:40,,221938.6542,362840.6103,가축사육업,,1401,0,0.0,육계,86500,127.24362396146519,36.76666518449709
13569,가축사육업,2017-08-04,,1,영업/정상,0,정상,,,,,,,,"충청남도 천안시 동남구 목천읍 운전리 **-*번지 , **-*",충청남도 천안시 동남구 목천읍 신사운전길 ***,31246,다원농장,2019-07-30 16:22,U,2019-08-01 2:40,,221938.6542,362840.6103,가축사육업,,1401,0,0.0,육계,134,127.24362396146519,36.76666518449709
13570,가축사육업,2017-09-13,,1,영업/정상,0,정상,,,,,,,,"충청남도 천안시 서북구 성환읍 양령리 ***-* ***-*, ***-*",충청남도 천안시 서북구 성환읍 양령*길 ***,31004,블랙잭목장,2024-01-31 15:33,U,2024-02-02 2:40,,214576.3006,384423.3883,가축사육업,,1403,0,0.0,젖소,200,127.16157654787375,36.96128723709193
13571,가축사육업,2017-09-14,,1,영업/정상,0,정상,,,,,,,,충청남도 천안시 동남구 동면 장송리 ***,,,한국염소연구소,2022-07-05 15:14,U,2022-07-07 2:40,,234111.6346,364914.5769,가축사육업,,1404,0,0.0,염소,300,127.38005481121887,36.78499461787042
13572,가축사육업,2012-08-08,,1,영업/정상,0,정상,,,,,,,331-801,충청남도 천안시 서북구 성환읍 대홍리 **-*번지,충청남도 천안시 서북구 성환읍 대홍*길 ***,31006,지민목장,2016-04-21 10:44,I,2018-08-31 23:59,,212974.5186,382275.6046,가축사육업,,1036,0,0.0,한우,25,127.1435539969266,36.94195730873943
13573,가축사육업,2012-08-17,,1,영업/정상,0,정상,,,,,,,331-802,충청남도 천안시 서북구 성환읍 양령리 ***-*,,,제일목장,2022-02-11 15:11,U,2022-02-13 2:40,,213686.8999,384257.3943,가축사육업,,1038,0,0.0,젖소,145,127.15158677362241,36.95980478647972
13574,가축사육업,2012-08-28,,1,영업/정상,0,정상,,,,,,,330-893,충청남도 천안시 동남구 성남면 대흥리 **-*번지,,,석곡농장,2018-11-06 8:36,U,2018-11-08 2:36,,221472.0646,358719.5754,가축사육업,,1039,0,0.0,오리,24878,127.2382825658417,36.729540935132434
13575,가축사육업,2012-09-07,,1,영업/정상,0,정상,,,,,,,330-862,충청남도 천안시 동남구 병천면 도원리 ***-*번지,충청남도 천안시 동남구 병천면 도원리*길 **,,대산농장,2020-03-27 13:12,U,2020-03-29 2:40,,228545.8985,364406.9506,가축사육업,,1042,0,0.0,한우,0,127.31768436586151,36.78060401407029
13576,가축사육업,2012-09-07,,1,영업/정상,0,정상,,,,,569-9567,,330-871,충청남도 천안시 동남구 동면 동산리 *-*번지 외*필지,충청남도 천안시 동남구 동면 충절로 **** (외*필지),,모산농장,2020-03-27 16:08,U,2020-03-29 2:40,,232974.1335,366102.8308,가축사육업,,1043,0,0.0,오리,15000,127.36736303817905,36.79574201955548
13577,가축사육업,2012-09-13,,1,영업/정상,0,정상,,,,,,,331-808,충청남도 천안시 서북구 성환읍 왕림리 ***-*,충청남도 천안시 서북구 성환읍 각금*길 ***,31007,새경근목장,2023-09-21 10:18,U,2023-09-23 2:40,,207954.2557,380088.8668,가축사육업,,1044,0,0.0,젖소,28,127.08717447915008,36.92230835204163
13578,가축사육업,2012-09-13,,1,영업/정상,0,정상,,,,2014-03-25,,,331-805,"충청남도 천안시 서북구 성환읍 성환리 **-** 외 *(**-*,**,**)",충청남도 천안시 서북구 성환읍 어룡*길 ***,31012,정필농장,2020-07-17 17:55,U,2020-07-19 2:40,,211534.4822,381974.6921,가축사육업,,1045,0,0.0,육계,176465,127.12738381785485,36.93926446701498
13579,가축사육업,2012-09-25,,1,영업/정상,0,정상,,,,,,,,충청남도 천안시 동남구 풍세면 가송리 ***,충청남도 천안시 동남구 풍세면 송정*길 **,31216,가송농장,2023-05-09 10:58,U,2023-05-11 2:40,,212008.516,359567.0388,가축사육업,,1047,0,0.0,육계,39246,127.13235303436502,36.73734372538413
13579,가축사육업,2012-09-25,,1,영업/정상,0,정상,,,,,,,,충청남도 천안시 동남구 풍세면 가송리 ***,충청남도 천안시 동남구 풍세면 송정*길 **,31216,가송농장,2023-05-09 10:58,U,2023-05-11 2:40,,212008.516,359567.0388,가축사육업,,1047,0,0.0,육계,33000,127.13235303436502,36.73734372538413
13580,가축사육업,2012-10-18,,1,영업/정상,0,정상,,,,2014-03-25,,,331-805,충청남도 천안시 서북구 성환읍 성환리 **-** 외*필지,,,번영농장,2020-07-17 16:28,U,2020-07-19 2:40,,211541.5081,382063.5217,가축사육업,,1048,0,0.0,육계,125873,127.12746403435438,36.94006480938632
13581,가축사육업,2017-08-03,,1,영업/정상,0,정상,,,,,,,,충청남도 천안시 서북구 성환읍 신가리 ***-*번지,충청남도 천안시 서북구 성환읍 가동길 **-***,31001,성환축산,2017-08-03 17:26,I,2018-08-31 23:59,,209427.5433,384854.3389,가축사육업,,1400,0,0.0,육계,75000,127.103768138573,36.965235711649754
13582,가축사육업,2018-05-30,,1,영업/정상,0,정상,,,,,,,,충청남도 천안시 동남구 광덕면 대평리 ***-*번지,,,영풍농장,2018-07-20 11:16,I,2018-08-31 23:59,,213661.9227,352633.557,가축사육업,,1429,0,0.0,육계,80000,127.15074132828524,36.674842686695484
13583,가축사육업,2013-10-02,,1,영업/정상,0,정상,,,,,567-9544,,330-872,충청남도 천안시 동남구 동면 화덕리 산 **번지,,,안기농장,2013-10-02 8:30,I,2018-08-31 23:59,,236691.991,363568.8342,가축사육업,,1189,0,0.0,산양,10,127.40889703128697,36.772772114471465
13584,가축사육업,2013-10-02,,1,영업/정상,0,정상,,,,,523-4461,,330-872,충청남도 천안시 동남구 동면 장송리 ***-*번지,충청남도 천안시 동남구 동면 장송*길 **,31261,장비농장,2013-10-02 8:34,I,2018-08-31 23:59,,233488.5115,364797.9544,가축사육업,,1190,0,0.0,산양,10,127.37306904230024,36.783965923820894
13585,가축사육업,2008-06-18,,1,영업/정상,0,정상,,,,,,0.0,330-922,충청남도 천안시 동남구 광덕면 신덕리 **-*,,,승진 제2농장,2021-09-06 9:35,U,2021-09-08 2:40,,212009.3391,354738.1275,가축사육업,,842,0,0.0,한우,0,127.132286838287,36.693829600244925
13586,가축사육업,2008-07-04,,1,영업/정상,0,정상,,,,,041-622-3255,0.0,330-836,충청남도 천안시 서북구 성거읍 천흥리 산 **번지,,,부부농장,2008-07-04 13:25,I,2018-08-31 23:59,,219533.8894,375397.8978,가축사육업,,845,0,0.0,한우,70,127.2170114705627,36.8798708090353
13587,가축사육업,2008-07-04,,1,영업/정상,0,정상,,,,,558-3432,0.0,330-833,충청남도 천안시 서북구 성거읍 정촌리 ***-*번지,충청남도 천안시 서북구 성거읍 정자*길 *-**,,가마골농장,2020-02-07 13:32,U,2020-02-09 2:40,,216476.0397,376131.9841,가축사육업,,846,0,0.0,한우,58,127.18272833410869,36.886543658747
13588,가축사육업,2008-07-09,,1,영업/정상,0,정상,,,,,,0.0,330-861,충청남도 천안시 동남구 병천면 가전리 ***-**번지,충청남도 천안시 동남구 병천면 *산단로 ***-***,31253,팜스월드지지피천안 유전자연구소,2020-04-01 16:25,U,2020-04-03 2:40,,223260.6826,362252.7305,가축사육업,,852,L00,0.0,돼지,130,127.25841301720816,36.76133637351875
13589,가축사육업,2008-03-28,,1,영업/정상,0,정상,,,,,,0.0,330-881,"충청남도 천안시 동남구 수신면 해정리 *** 외 *(***-*,*,***,***)",충청남도 천안시 동남구 수신면 수신로 ***-*,31250,만나축산,2021-12-04 15:31,U,2021-12-07 2:40,,224736.6032,357363.2809,가축사육업,,813,0,0.0,돼지,3000,127.27478451275441,36.717240067271725
13590,가축사육업,2008-03-28,,1,영업/정상,0,정상,,,,,,0.0,331-815,충청남도 천안시 서북구 직산읍 부송리 ***-*,충청남도 천안시 서북구 직산읍 부송*길 **,,상훈2농장,2022-09-23 15:33,U,2022-09-25 2:40,,211914.5863,374531.1235,가축사육업,,814,0,0.0,돼지,1000,127.13153425254134,36.872186701479315
13591,가축사육업,2004-10-28,,1,영업/정상,0,정상,,,,,553-6813,0.0,330-862,충청남도 천안시 동남구 병천면 봉항리 **번지 *통,충청남도 천안시 동남구 병천면 봉항로 ****-**,,재두농장,2014-05-30 14:02,I,2018-08-31 23:59,,228085.3589,372190.6854,가축사육업,,68,0,0.0,한우,45,127.31281186802181,36.85075620423396
13592,가축사육업,2004-10-28,,1,영업/정상,0,정상,,,,,564-1091,0.0,330-861,충청남도 천안시 동남구 병천면 가전리 ***번지 *통,충청남도 천안시 동남구 병천면 가전*길 **,,백전백두농장,2020-02-04 11:25,U,2020-02-06 2:40,,223888.632,362042.629,가축사육업,,70,0,0.0,한우,60,127.26543909894268,36.75942758083721
13593,가축사육업,2004-10-28,,1,영업/정상,0,정상,,,,,564-1752,0.0,330-863,충청남도 천안시 동남구 병천면 송정리 **-*번지,충청남도 천안시 동남구 병천면 송정리*길 **-*,,행복농장,2015-11-09 13:16,I,2018-08-31 23:59,,229294.2482,359733.4788,가축사육업,,71,0,0.0,한우,65,127.32588850602284,36.73846869600173
13593,가축사육업,2004-10-28,,1,영업/정상,0,정상,,,,,564-1752,0.0,330-863,충청남도 천안시 동남구 병천면 송정리 **-*번지,충청남도 천안시 동남구 병천면 송정리*길 **-*,,행복농장,2015-11-09 13:16,I,2018-08-31 23:59,,229294.2482,359733.4788,가축사육업,,71,0,0.0,한우,0,127.32588850602284,36.73846869600173
13594,가축사육업,2004-10-28,,1,영업/정상,0,정상,,,,,554-7319,0.0,330-862,충청남도 천안시 동남구 병천면 봉항리 ***-*번지 *통,충청남도 천안시 동남구 병천면 봉항로 ****-**,,원규농장,2015-07-09 13:51,I,2018-08-31 23:59,,228308.9415,371999.7456,가축사육업,,72,0,0.0,한우,0,127.31531165800419,36.849029022876366
13595,가축사육업,2004-10-28,,1,영업/정상,0,정상,,,,,,0.0,330-862,충청남도 천안시 동남구 병천면 매성리 **-*,,,봉황농장,2023-04-12 13:38,U,2023-04-15 2:40,,227936.612,369273.0574,가축사육업,,74,0,0.0,한우,90,127.31103712003357,36.82447023667689
13596,가축사육업,2005-07-11,,1,영업/정상,0,정상,,,,,,0.0,330-893,충청남도 천안시 동남구 성남면 봉양리 ***-*,충청남도 천안시 동남구 성남면 봉양*길 ***,,밤실목장,2022-10-06 21:06,U,2022-10-08 2:40,,223311.9964,356002.7239,가축사육업,,410,0,0.0,한우,100,127.25879759470955,36.70501587347564
13597,가축사육업,2005-07-11,,1,영업/정상,0,정상,,,,,553-0669,0.0,330-893,충청남도 천안시 동남구 성남면 봉양리 ***-*번지,충청남도 천안시 동남구 성남면 봉양*길 ***-*,31249,형재목장,2015-11-09 8:51,I,2018-08-31 23:59,,223581.7701,355380.8872,가축사육업,,411,0,0.0,한우,60,127.2617975811555,36.69940579539056
13598,가축사육업,2005-07-11,,1,영업/정상,0,정상,,,,,553-9026,0.0,330-893,충청남도 천안시 동남구 성남면 봉양리 ***-* 외 *필지,충청남도 천안시 동남구 성남면 봉양*길 ***-* (외 *필지),,봉양목장,2022-02-11 14:36,U,2022-02-13 2:40,,223037.4845,355483.7978,가축사육업,,413,0,0.0,젖소,60,127.2557099021994,36.70034644326695
13599,가축사육업,2005-08-03,,1,영업/정상,0,정상,,,,,561-9728,0.0,330-862,충청남도 천안시 동남구 병천면 관성리 ***,충청남도 천안시 동남구 병천면 관성*길 ***,31240,관성농장,2023-01-13 11:02,U,2023-01-15 2:40,,229916.9678,368100.7136,가축사육업,,469,0,0.0,한우,15,127.33318795970649,36.8138459992756
13599,가축사육업,2005-08-03,,1,영업/정상,0,정상,,,,,561-9728,0.0,330-862,충청남도 천안시 동남구 병천면 관성리 ***,충청남도 천안시 동남구 병천면 관성*길 ***,31240,관성농장,2023-01-13 11:02,U,2023-01-15 2:40,,229916.9678,368100.7136,가축사육업,,469,0,0.0,한우,30,127.33318795970649,36.8138459992756
13599,가축사육업,2005-08-03,,1,영업/정상,0,정상,,,,,561-9728,0.0,330-862,충청남도 천안시 동남구 병천면 관성리 ***,충청남도 천안시 동남구 병천면 관성*길 ***,31240,관성농장,2023-01-13 11:02,U,2023-01-15 2:40,,229916.9678,368100.7136,가축사육업,,469,0,0.0,한우,190,127.33318795970649,36.8138459992756
13600,가축사육업,2005-08-03,,1,영업/정상,0,정상,,,,2020-06-15,554-2104,0.0,330-862,충청남도 천안시 동남구 병천면 관성리 ***,충청남도 천안시 동남구 병천면 관성*길 **,,창섭농장,2022-02-07 19:44,U,2022-02-09 2:40,,228395.8391,368564.611,가축사육업,,471,0,0.0,한우,15,127.31615799939945,36.81807286923221
13601,가축사육업,2005-08-03,,1,영업/정상,0,정상,,,,,553-2039,0.0,330-862,충청남도 천안시 동남구 병천면 관성리 ***-*번지 외 *필지,충청남도 천안시 동남구 병천면 관성*길 ** (외 *필지),,효성농장,2015-02-16 18:19,I,2018-08-31 23:59,,228670.686,368637.8308,가축사육업,,472,0,0.0,돼지,1600,127.31924111947649,36.81872437961486
13602,가축사육업,2005-08-03,,1,영업/정상,0,정상,,,,,,0.0,330-862,충청남도 천안시 동남구 병천면 관성리 ***-*번지,충청남도 천안시 동남구 병천면 관성*길 **,,인섭농장,2017-03-30 10:24,I,2018-08-31 23:59,,228498.2296,368580.2963,가축사육업,,473,0,0.0,한우,130,127.31730613505302,36.818211138006035
13603,가축사육업,2007-12-27,,1,영업/정상,0,정상,,,,,,0.0,330-882,충청남도 천안시 동남구 수신면 장산리 ***번지,충청남도 천안시 동남구 수신면 장산동길 ***-**,31252,송림농장,2018-07-03 10:27,I,2018-08-31 23:59,,226557.9756,360550.7413,가축사육업,,807,0,0.0,한우,196,127.29528151324587,36.74591337172628
13604,가축사육업,2008-01-11,,1,영업/정상,0,정상,,,,,,0.0,330-852,충청남도 천안시 동남구 북면 용암리 ***-*번지,,,오곡2농장,2020-01-06 14:58,U,2020-01-08 2:40,,223173.468,365747.0309,가축사육업,,808,0,0.0,한우,90,127.25754214848313,36.792825655295495
13605,가축사육업,2008-01-16,,1,영업/정상,0,정상,,,,,,0.0,330-808,충청남도 천안시 서북구 성환읍 와룡리 ***,,,병성목장,2023-05-08 14:36,U,2023-05-10 2:40,,208743.9992,382606.4662,가축사육업,,809,0,0.0,한우,0,127.0960666269983,36.94498710667096
13606,가축사육업,2008-03-03,,1,영업/정상,0,정상,,,,,,0.0,330-825,충청남도 천안시 서북구 입장면 효계리 ***-*,충청남도 천안시 서북구 입장면 입장로 **-*,,송이농장,2021-02-04 9:39,U,2021-02-06 2:40,,219546.8682,378138.9251,가축사육업,,812,0,0.0,한우,47,127.21722747019257,36.90456953824094
13607,가축사육업,2007-05-08,,1,영업/정상,0,정상,,,,,522-9160,0.0,330-882,충청남도 천안시 동남구 수신면 속창리 **-*번지,충청남도 천안시 동남구 수신면 수신로 ***-**,31251,송원목장,2017-11-08 11:02,I,2018-08-31 23:59,,225597.402,359181.8386,가축사육업,,766,0,0.0,한우,30,127.28448012135529,36.73360446108935
13608,가축사육업,2007-06-01,,1,영업/정상,0,정상,,,,,568-7604,0.0,330-851,충청남도 천안시 동남구 북면 납안리 ***-*번지,,,누리목장,2014-10-27 11:35,I,2018-08-31 23:59,,223159.036,372578.4896,가축사육업,,768,0,0.0,한우,30,127.25758779732644,36.854383820110804
13609,가축사육업,2007-06-08,,1,영업/정상,0,정상,,,,,,0.0,330-872,충청남도 천안시 동남구 동면 송연리 **-*,충청남도 천안시 동남구 동면 화복로 *-**,,부대동면농장,2021-06-28 19:25,U,2021-06-30 2:40,,232526.8035,365008.0497,가축사육업,,769,0,0.0,돼지,7500,127.36230440208288,36.7858924966241
13610,가축사육업,2007-06-08,,1,영업/정상,0,정상,,,,,,0.0,330-871,충청남도 천안시 동남구 동면 덕성리 ***,충청남도 천안시 동남구 동면 덕성*길 *,,털보농장,2023-06-28 14:37,U,2023-06-30 2:40,,233293.4286,367274.9556,가축사육업,,770,0,0.0,한우,40,127.37099163300884,36.80629273772059
13611,가축사육업,2008-04-24,,1,영업/정상,0,정상,,,,,,0.0,330-825,충청남도 천안시 서북구 입장면 홍천리 **-*,충청남도 천안시 서북구 입장면 홍천길 **,31056,성훈농장,2022-10-26 9:05,U,2022-10-28 2:40,,220461.7315,378334.4143,가축사육업,,826,0,0.0,한우,1500,127.22749777548371,36.90631172721044
13611,가축사육업,2008-04-24,,1,영업/정상,0,정상,,,,,,0.0,330-825,충청남도 천안시 서북구 입장면 홍천리 **-*,충청남도 천안시 서북구 입장면 홍천길 **,31056,성훈농장,2022-10-26 9:05,U,2022-10-28 2:40,,220461.7315,378334.4143,가축사육업,,826,0,0.0,한우,2,127.22749777548371,36.90631172721044
13612,가축사육업,2008-04-24,,1,영업/정상,0,정상,,,,,,0.0,330-891,충청남도 천안시 동남구 성남면 대정리 ***-*번지,충청남도 천안시 동남구 성남면 대정*길 ***-*,,말미농장,2008-04-24 22:49,I,2018-08-31 23:59,,218883.1972,358723.3948,가축사육업,,829,0,0.0,한우,0,127.20930083031503,36.72963018219934
13613,가축사육업,2011-04-06,,1,영업/정상,0,정상,,,,,564-1752,0.0,330-863,충청남도 천안시 동남구 병천면 송정리 ***-*번지,충청남도 천안시 동남구 병천면 송정리*길 **-**,,행복2농장,2015-11-09 13:15,I,2018-08-31 23:59,,229493.4967,359339.2445,가축사육업,,984,0,0.0,한우,170,127.32810410726523,36.7349100922357
13614,가축사육업,2011-04-15,,1,영업/정상,0,정상,,,,,558-2369,0.0,330-853,충청남도 천안시 동남구 북면 은지리 ***-*번지 외 *필지,충청남도 천안시 동남구 북면 박문수길 ** (외 *필지),,수민목장,2016-11-17 20:26,I,2018-08-31 23:59,,223655.8155,363903.9591,가축사육업,,985,0,0.0,육우,59,127.26288931568695,36.77620587025541
13615,가축사육업,2011-04-18,,1,영업/정상,0,정상,,,,,522-3786,0.0,215-829,충청남도 천안시 동남구 수신면 장산리 ***-* 외 *필지,,,도현농장,2021-12-30 10:07,U,2022-01-01 2:40,,226805.2447,360559.2295,가축사육업,,986,0,0.0,한우,14,127.29805050702359,36.74598292478251
13616,가축사육업,2011-04-27,,1,영업/정상,0,정상,,,,,553-4280,0.0,330-872,충청남도 천안시 동남구 동면 죽계리 ***,충청남도 천안시 동남구 동면 죽계리*길 ***,,신대진목장,2022-02-11 14:55,U,2022-02-13 2:40,,233804.4949,365963.4883,가축사육업,,987,0,0.0,젖소,160,127.37666045231786,36.79445721581888
13617,가축사육업,2011-05-26,,1,영업/정상,0,정상,,,,,,,330-861,충청남도 천안시 동남구 병천면 병천리 ***,충청남도 천안시 동남구 병천면 개목고개길 ***,31254,농업회사법인 투게더팜주식회사,2023-05-11 10:20,U,2023-05-13 2:40,,226438.8213,364777.6463,가축사육업,,989,L00,0.0,돼지,7000,127.29409341822581,36.78400530675825
13618,가축사육업,2011-06-13,,1,영업/정상,0,정상,,,,,,,330-862,"충청남도 천안시 동남구 병천면 도원리 ***번지 외*필지(***-*,***)",,,아우내농장,2019-06-13 10:09,U,2019-06-15 2:40,,227472.7137,365408.6273,가축사육업,,990,0,0.0,오리,12341,127.30569842216627,36.789661712972176
13619,가축사육업,2011-07-08,,1,영업/정상,0,정상,,,,,523-9939,,330-871,"충청남도 천안시 동남구 동면 구도리 *-*번지 외*필지(*-*,*-*,*-*,**,**,**)",충청남도 천안시 동남구 동면 구도*길 **-**,31260,해성2농장,2015-11-06 17:01,I,2018-08-31 23:59,,231250.5355,361937.9587,가축사육업,,992,0,0.0,돼지,3200,127.34788105511791,36.75827095807482
13620,가축사육업,2004-11-08,,1,영업/정상,0,정상,,,,,,0.0,330-862,충청남도 천안시 동남구 병천면 관성리 *** 외 **필지,,,충무농업회사 법인주식회사,2023-03-08 14:02,U,2023-03-11 2:40,,228668.2049,369078.6006,가축사육업,,100,L00,0.0,돼지,6500,127.31922987869069,36.822696181801376
13621,가축사육업,2004-11-22,,1,영업/정상,0,정상,,,,,041-564-1367,0.0,330-861,"충청남도 천안시 동남구 병천면 병천리 ***번지 외 *필지(***-*, ***-*)",충청남도 천안시 동남구 병천면 개목고개길 ***,31254,보람축산,2015-07-07 10:37,I,2018-08-31 23:59,,226393.8216,364489.3207,가축사육업,,103,0,0.0,돼지,2100,127.29357934609116,36.781408465240276
13622,가축사육업,2004-11-24,,1,영업/정상,0,정상,,,,,566-6784,0.0,330-845,충청남도 천안시 동남구 목천읍 삼성리 **번지,충청남도 천안시 동남구 목천읍 도전마을길 **-*,31226,금호농장,2020-06-19 9:39,U,2020-06-21 2:40,,215473.3499,361083.9883,가축사육업,,104,0,0.0,돼지,7500,127.17117578623092,36.75096320127929
13623,가축사육업,2004-10-27,,1,영업/정상,0,정상,,,,,554-8469,0.0,330-912,충청남도 천안시 동남구 풍세면 용정리 ***-*,충청남도 천안시 동남구 풍세면 봉강천로 ***-**,,소망농장,2021-09-29 17:52,U,2021-10-01 2:40,,210123.1152,361045.3387,가축사육업,,42,0,0.0,종계/산란계,82000,127.11126358956965,36.7506867251703
13623,가축사육업,2004-10-27,,1,영업/정상,0,정상,,,,,554-8469,0.0,330-912,충청남도 천안시 동남구 풍세면 용정리 ***-*,충청남도 천안시 동남구 풍세면 봉강천로 ***-**,,소망농장,2021-09-29 17:52,U,2021-10-01 2:40,,210123.1152,361045.3387,가축사육업,,42,0,0.0,종계/산란계,500,127.11126358956965,36.7506867251703
13623,가축사육업,2004-10-27,,1,영업/정상,0,정상,,,,,554-8469,0.0,330-912,충청남도 천안시 동남구 풍세면 용정리 ***-*,충청남도 천안시 동남구 풍세면 봉강천로 ***-**,,소망농장,2021-09-29 17:52,U,2021-10-01 2:40,,210123.1152,361045.3387,가축사육업,,42,0,0.0,종계/산란계,20,127.11126358956965,36.7506867251703
13624,가축사육업,2004-10-27,,1,영업/정상,0,정상,,,,,,0.0,330-912,충청남도 천안시 동남구 풍세면 용정리 ***-**번지 외 용정리 ***-**,충청남도 천안시 동남구 풍세면 봉강천로 ***-** (외 봉강천로 ***-**),31214,유니농장,2020-04-08 15:21,U,2020-04-10 2:40,,210232.0429,361039.9867,가축사육업,,45,0,0.0,종계/산란계,43000,127.11248328223591,36.750637336661526
13625,가축사육업,2004-10-27,,1,영업/정상,0,정상,,,,,,0.0,330-911,"충청남도 천안시 동남구 풍세면 가송리 *** 외*(***-*,***-*,*,*,***-*)",충청남도 천안시 동남구 풍세면 송정*길 **-*,31216,하마농장,2023-10-20 10:44,U,2023-10-22 2:40,,213303.9326,358581.927,가축사육업,,46,0,0.0,종계/산란계,38902,127.14683941555217,36.72844957010043
13626,가축사육업,2004-10-27,,1,영업/정상,0,정상,,,,,,0.0,331-817,충청남도 천안시 서북구 직산읍 수헐리 **-*번지,충청남도 천안시 서북구 직산읍 천안대로 ****-*,,으뜸농장,2018-02-10 17:16,I,2018-08-31 23:59,,212189.6511,376751.2323,가축사육업,,49,0,0.0,종계/산란계,100000,127.13465475806659,36.89218841049875
13627,가축사육업,2005-04-21,,1,영업/정상,0,정상,,,,,,0.0,331-815,충청남도 천안시 서북구 직산읍 부송리 ***번지,충청남도 천안시 서북구 직산읍 부송*길 **-**,,동진목장,2016-04-20 13:06,I,2018-08-31 23:59,,211664.5208,374660.9002,가축사육업,,246,0,0.0,젖소,112,127.12873159555413,36.87335921327873
13628,가축사육업,2005-04-21,,1,영업/정상,0,정상,,,,,,0.0,331-813,충청남도 천안시 서북구 직산읍 마정리 ***번지,충청남도 천안시 서북구 직산읍 금곡로 ***-*,,용승목장,2020-01-13 11:09,U,2020-01-15 2:40,,208697.2295,374211.3982,가축사육업,,248,0,0.0,한우,37,127.09544592500248,36.86934055510685
13629,가축사육업,2005-04-13,,1,영업/정상,0,정상,,,,,557-2390,0.0,330-842,충청남도 천안시 동남구 목천읍 서흥리 **-*번지 외 *필지,충청남도 천안시 동남구 목천읍 서흥*길 * (외 *필지),,용연목장,2014-03-10 17:52,I,2018-08-31 23:59,,220908.2517,366658.1907,가축사육업,,221,0,0.0,한우,120,127.2321876503679,36.8010886461277
13630,가축사육업,2005-04-14,,1,영업/정상,0,정상,,,,,553-3340,0.0,330-893,충청남도 천안시 동남구 성남면 대흥리 ***-*,충청남도 천안시 동남구 성남면 대흥*길 ***,,대한농장,2023-02-14 20:29,U,2023-02-16 2:40,,219656.85,358055.0473,가축사육업,,227,0,0.0,육계,30000,127.21794459619326,36.72359198567288
13631,가축사육업,2005-04-14,,1,영업/정상,0,정상,,,,,,0.0,330-893,충청남도 천안시 동남구 성남면 대흥리 ***-*,,,능골농장,2023-11-07 14:05,U,2023-11-09 2:40,,219588.3492,357904.0219,가축사육업,,229,0,0.0,종계/산란계,30000,127.21717394708429,36.722232489251596
13632,가축사육업,2005-04-30,,1,영업/정상,0,정상,,,,,581-1451,0.0,330-801,"충청남도 천안시 서북구 성환읍 대홍리 *** 외 *필지(***-*,*,*,*)",,,창대목장,2022-02-11 15:12,U,2022-02-13 2:40,,,,가축사육업,,278,0,0.0,젖소,81,127.140771582033,36.9385114965909
13633,가축사육업,2008-04-01,,1,영업/정상,0,정상,,,,,,0.0,331-802,충청남도 천안시 서북구 성환읍 도하리 ***-* 외 *필지(***-*),,,제일축산,2021-03-04 16:56,U,2021-03-06 2:40,,215719.469,382568.5172,가축사육업,,817,0,0.0,한우,150,127.17437438503735,36.94455508424565
13634,가축사육업,2008-04-04,,1,영업/정상,0,정상,,,,,,0.0,330-836,충청남도 천안시 서북구 성거읍 천흥리 **번지,충청남도 천안시 서북구 성거읍 천흥*길 **,,세유농장,2013-12-12 13:55,I,2018-08-31 23:59,,219210.7905,375087.7814,가축사육업,,819,0,0.0,한우,17,127.21337954371353,36.877082992883324
13635,가축사육업,2008-04-22,,1,영업/정상,0,정상,,,,,566-6846,0.0,330-844,충청남도 천안시 동남구 목천읍 소사리 ***-*,충청남도 천안시 동남구 목천읍 도장로 *-*,31227,주형목장,2021-03-30 3:42,U,2021-04-01 2:40,,215219.0854,360360.8883,가축사육업,,822,0,0.0,한우,79,127.1683142000823,36.74445136922907
13636,가축사육업,2005-04-28,,1,영업/정상,0,정상,,,,,,0.0,,충청남도 천안시 서북구 성환읍 신방리 ***-*번지,충청남도 천안시 서북구 성환읍 신방*길 **,31000,큰골목장,2019-05-13 11:25,U,2019-05-15 2:40,,207225.5507,382407.8649,가축사육업,,266,0,0.0,한우,114,127.0790181861721,36.94321030826238
13637,가축사육업,2005-04-28,,1,영업/정상,0,정상,,,,,,0.0,330-807,충청남도 천안시 서북구 성환읍 송덕리 ***-*번지,충청남도 천안시 서북구 성환읍 왕지*길 ***-**,,서령목장,2015-12-15 17:30,I,2018-08-31 23:59,,209177.3698,378687.7544,가축사육업,,269,0,0.0,한우,0,127.10088459566272,36.90967208523191
13638,가축사육업,2005-04-29,,1,영업/정상,0,정상,,,,,,0.0,330-802,"충청남도 천안시 서북구 성환읍 양령리 ***-* , *","충청남도 천안시 서북구 성환읍 상령길 **-** (, *)",,버들목장,2021-06-10 10:34,U,2021-06-12 2:40,,213296.3742,385122.6225,가축사육업,,273,0,0.0,젖소,119,127.1472169262692,36.96760673511913
13639,가축사육업,2005-04-29,,1,영업/정상,0,정상,,,,,,0.0,330-802,충청남도 천안시 서북구 성환읍 양령리 ***-* 외 *필지,충청남도 천안시 서북구 성환읍 상령길 *** (외 *필지),,한성목장,2022-02-11 15:51,U,2022-02-13 2:40,,213400.5677,384974.3432,가축사육업,,274,0,0.0,젖소,65,127.14838435982232,36.96626915371387
13640,가축사육업,2005-11-18,,1,영업/정상,0,정상,,,,,581-9046,0.0,330-811,충청남도 천안시 서북구 직산읍 군서리 **-* 외 *필지,충청남도 천안시 서북구 직산읍 군수*길 *** (외 *필지),,상대목장,2023-04-05 17:16,U,2023-04-07 2:40,,214090.4492,377554.5022,가축사육업,,603,0,0.0,한우,40,127.15599379641777,36.89940025280152
13641,가축사육업,2005-06-01,,1,영업/정상,0,정상,,,,,553-5213,0.0,330-852,충청남도 천안시 동남구 북면 오곡리 ***-*번지,,,서인농장,2014-11-18 10:53,I,2018-08-31 23:59,,225232.2263,369868.7869,가축사육업,,300,0,0.0,한우,14,127.28074461205746,36.82991407928392
13642,가축사육업,2005-06-01,,1,영업/정상,0,정상,,,,,557-1229,0.0,330-853,"충청남도 천안시 동남구 북면 상동리 *** 외 *필지,***-*",,,그린농장,2023-02-10 9:33,U,2023-02-12 2:40,,,,가축사육업,,302,0,0.0,한우,200,127.264927804449,36.7691157638773
13642,가축사육업,2005-06-01,,1,영업/정상,0,정상,,,,,557-1229,0.0,330-853,"충청남도 천안시 동남구 북면 상동리 *** 외 *필지,***-*",,,그린농장,2023-02-10 9:33,U,2023-02-12 2:40,,,,가축사육업,,302,0,0.0,한우,2000,127.264927804449,36.7691157638773
13643,가축사육업,2005-06-01,,1,영업/정상,0,정상,,,,,553-0390,0.0,330-893,충청남도 천안시 동남구 성남면 신덕리 ***번지,,,종일목장,2020-03-27 16:30,U,2020-03-29 2:40,,220871.3629,357291.6686,가축사육업,,303,0,0.0,한우,55,127.23151898898652,36.716687270455175
13644,가축사육업,2005-06-02,,1,영업/정상,0,정상,,,,,554-8797,0.0,330-862,충청남도 천안시 동남구 병천면 관성리 ***번지 외 *필지,충청남도 천안시 동남구 병천면 관성*길 ***-* (외 *필지),,상현1농장,2015-05-06 16:38,I,2018-08-31 23:59,,229760.4212,367771.6069,가축사육업,,304,0,0.0,돼지,0,127.33142071362714,36.81088537795427
13645,가축사육업,2005-06-02,,1,영업/정상,0,정상,,,,,553-5527,0.0,330-862,충청남도 천안시 동남구 병천면 관성리 ***번지 외 *필지,충청남도 천안시 동남구 병천면 관성*길 *** (외 *필지),,관성농장,2016-01-25 17:38,I,2018-08-31 23:59,,229484.1317,367532.1793,가축사육업,,305,0,0.0,한우,15,127.32831521955829,36.808736544902864
13645,가축사육업,2005-06-02,,1,영업/정상,0,정상,,,,,553-5527,0.0,330-862,충청남도 천안시 동남구 병천면 관성리 ***번지 외 *필지,충청남도 천안시 동남구 병천면 관성*길 *** (외 *필지),,관성농장,2016-01-25 17:38,I,2018-08-31 23:59,,229484.1317,367532.1793,가축사육업,,305,0,0.0,한우,30,127.32831521955829,36.808736544902864
13645,가축사육업,2005-06-02,,1,영업/정상,0,정상,,,,,553-5527,0.0,330-862,충청남도 천안시 동남구 병천면 관성리 ***번지 외 *필지,충청남도 천안시 동남구 병천면 관성*길 *** (외 *필지),,관성농장,2016-01-25 17:38,I,2018-08-31 23:59,,229484.1317,367532.1793,가축사육업,,305,0,0.0,한우,190,127.32831521955829,36.808736544902864
13646,가축사육업,2004-10-27,,1,영업/정상,0,정상,,,,,,0.0,330-825,"충청남도 천안시 서북구 입장면 호당리 * *통*-*, *번지","충청남도 천안시 서북구 입장면 위례산길 *** (*-*, *번지)",,텃골영농조합법인,2021-11-16 17:02,U,2021-11-18 2:40,,221195.9241,375401.0241,가축사육업,,50,L00,0.0,종계/산란계,245012,127.23565407716514,36.879863258676274
13647,가축사육업,2013-09-11,,1,영업/정상,0,정상,,,,,,,330-871,충청남도 천안시 동남구 동면 화계리 ***-* 외*필지(***-*),충청남도 천안시 동남구 동면 화계*길 **-* (외*필지(***-*)),,반계2농장,2023-01-30 15:09,U,2023-02-01 2:40,,229878.5356,363531.7929,가축사육업,,1161,0,0.0,한우,12,127.33257850278825,36.77267704211115
13648,가축사육업,2013-09-13,,1,영업/정상,0,정상,,,,,,,330-891,충청남도 천안시 동남구 성남면 석곡리 ***-*번지,충청남도 천안시 동남구 성남면 석곡*길 **-**,,거기농장,2013-12-11 15:41,I,2018-08-31 23:59,,220077.5077,359481.3839,가축사육업,,1165,0,0.0,육계,2000,127.22269075046289,36.736436075318636
13649,가축사육업,2013-09-26,,1,영업/정상,0,정상,,,,,,,330-842,충청남도 천안시 동남구 목천읍 송전리 ***번지,,,쉼터사슴농장,2020-03-30 15:02,U,2020-04-01 2:40,,219556.8249,370797.9799,가축사육업,,1169,0,0.0,사슴,18,127.21715068523929,36.8384209149417
13650,가축사육업,2013-09-26,,1,영업/정상,0,정상,,,,,574-2393,,330-842,충청남도 천안시 동남구 목천읍 덕전리 ***번지,충청남도 천안시 동남구 목천읍 삼방로 ***,,거록원사슴농장,2016-02-25 17:50,I,2018-08-31 23:59,,220070.3578,368575.388,가축사육업,,1170,0,0.0,사슴,25,127.22284926427498,36.81838253344805
13651,가축사육업,2013-09-26,,1,영업/정상,0,정상,,,,,557-3932,,330-842,충청남도 천안시 동남구 목천읍 서흥리 **,충청남도 천안시 동남구 목천읍 서흥*길 ***,,용연사슴농장,2021-09-15 9:51,U,2021-09-17 2:40,,221755.771,367319.2943,가축사육업,,1171,0,0.0,사슴,28,127.24170308419326,36.807026804148805
13652,가축사육업,2013-09-26,,1,영업/정상,0,정상,,,,,566-0839,,330-847,충청남도 천안시 동남구 목천읍 응원리 ***-*번지,충청남도 천안시 동남구 목천읍 응원*길 **,31224,천응사슴농장,2013-09-26 8:54,I,2018-08-31 23:59,,215844.1162,362554.9461,가축사육업,,1173,0,0.0,사슴,15,127.17535800941377,36.7642120298824
13653,가축사육업,2014-01-21,,1,영업/정상,0,정상,,,,,,,330-912,충청남도 천안시 동남구 풍세면 용정리 산 **-*번지,,,규암농장,2014-01-21 17:16,I,2018-08-31 23:59,,209752.7599,359276.3293,가축사육업,,1215,0,0.0,한우,11,127.10709394118442,36.73474980260544
13654,가축사육업,2005-06-02,,1,영업/정상,0,정상,,,,,,0.0,330-862,충청남도 천안시 동남구 병천면 관성리 ***번지 외 **필지,충청남도 천안시 동남구 병천면 관성*길 **,31240,영신농장,2020-06-01 18:25,U,2020-06-04 2:40,,228670.5855,368600.4941,가축사육업,,306,0,0.0,돼지,0,127.31923858981756,36.81838794571483
13655,가축사육업,2005-06-02,,1,영업/정상,0,정상,,,,,,0.0,330-862,충청남도 천안시 동남구 병천면 매성리 **,충청남도 천안시 동남구 병천면 관성*길 *,31240,충성농장,2021-03-04 14:48,U,2021-03-06 2:40,,228175.1133,368484.6728,가축사육업,,307,0,0.0,한우,240,127.31368124451798,36.81735913429503
13656,가축사육업,2010-06-01,,1,영업/정상,0,정상,,,,,,0.0,330-882,충청남도 천안시 동남구 수신면 장산리 ***-*,충청남도 천안시 동남구 수신면 장산동길 ***-**,,진솔2농장,2024-01-02 10:26,U,2024-01-04 2:40,,227199.6623,360311.6944,가축사육업,,952,0,0.0,돼지,2300,127.30245804916132,36.74374118737066
13657,가축사육업,2010-06-01,,1,영업/정상,0,정상,,,,,,0.0,331-808,충청남도 천안시 서북구 성환읍 신방리 ***-*,충청남도 천안시 서북구 성환읍 신방*길 **-**,,초우축산,2023-02-21 17:26,U,2023-02-23 2:40,,206769.4838,382102.9324,가축사육업,,953,0,0.0,한우,43,127.07389565628384,36.94046596740256
13658,가축사육업,2010-06-01,,1,영업/정상,0,정상,,,,,,0.0,330-911,충청남도 천안시 동남구 풍세면 가송리 ***,충청남도 천안시 동남구 풍세면 송정*길 **,31216,삼보농장,2022-10-25 11:29,U,2022-10-27 2:40,,213156.8291,358260.1569,가축사육업,,954,0,0.0,종계/산란계,197280,127.14518712853426,36.72555209339543
13659,가축사육업,2010-06-16,,1,영업/정상,0,정상,,,,,,0.0,331-807,충청남도 천안시 서북구 성환읍 송덕리 ***-**번지,충청남도 천안시 서북구 성환읍 송덕*길 **,,풍일농장,2015-01-08 15:01,I,2018-08-31 23:59,,210160.2542,379352.4441,가축사육업,,957,0,0.0,돼지,2200,127.11192251508795,36.91565151208122
13660,가축사육업,2010-06-18,,1,영업/정상,0,정상,,,,,,0.0,330-923,충청남도 천안시 동남구 광덕면 매당리 **-*번지,충청남도 천안시 동남구 광덕면 당하길 **,,은희농장,2016-02-04 11:23,I,2018-08-31 23:59,,210192.5164,356390.8478,가축사육업,,958,0,0.0,한우,42,127.11197906198363,36.70874367148024
13661,가축사육업,2010-07-09,,1,영업/정상,0,정상,,,,,,0.0,330-912,충청남도 천안시 동남구 풍세면 용정리 ***-*번지,,,이산리목장,2015-08-13 17:44,I,2018-08-31 23:59,,208897.0013,359998.0537,가축사육업,,960,0,0.0,한우,20,127.09752154407276,36.74126171075157
13662,가축사육업,2010-07-14,,1,영업/정상,0,정상,,,,,,0.0,330-862,충청남도 천안시 동남구 병천면 도원리 ***-*,,,도원농장,2022-11-23 21:30,U,2022-11-25 2:40,,228192.1786,364584.6899,가축사육업,,961,0,0.0,종계/산란계,0,127.31372850815117,36.782216176017705
13663,가축사육업,2005-04-18,,1,영업/정상,0,정상,,,,,,0.0,331-807,충청남도 천안시 서북구 성환읍 율금리 ***,충청남도 천안시 서북구 성환읍 율금*길 *,31009,유미목장,2022-02-11 15:52,U,2022-02-13 2:40,,208914.9333,377009.7189,가축사육업,,231,0,0.0,젖소,65,127.09792016785995,36.89455398916327
13663,가축사육업,2005-04-18,,1,영업/정상,0,정상,,,,,,0.0,331-807,충청남도 천안시 서북구 성환읍 율금리 ***,충청남도 천안시 서북구 성환읍 율금*길 *,31009,유미목장,2022-02-11 15:52,U,2022-02-13 2:40,,208914.9333,377009.7189,가축사육업,,231,0,0.0,젖소,30,127.09792016785995,36.89455398916327
13664,가축사육업,2005-04-18,,1,영업/정상,0,정상,,,,,,0.0,330-807,충청남도 천안시 서북구 성환읍 율금리 ***,충청남도 천안시 서북구 성환읍 율금*길 **,31009,한울목장,2022-02-11 15:07,U,2022-02-13 2:40,,209077.138,377016.0307,가축사육업,,232,0,0.0,젖소,100,127.09974000228635,36.89460932936618
13664,가축사육업,2005-04-18,,1,영업/정상,0,정상,,,,,,0.0,330-807,충청남도 천안시 서북구 성환읍 율금리 ***,충청남도 천안시 서북구 성환읍 율금*길 **,31009,한울목장,2022-02-11 15:07,U,2022-02-13 2:40,,209077.138,377016.0307,가축사육업,,232,0,0.0,젖소,168,127.09974000228635,36.89460932936618
13665,가축사육업,2005-10-26,,1,영업/정상,0,정상,,,,,,0.0,330-802,충청남도 천안시 서북구 성환읍 수향리 **-* 외 **필지,충청남도 천안시 서북구 성환읍 연암로 *** (천안연암대학교),31005,연암대학교,2022-11-03 15:22,U,2022-11-05 2:40,,213830.0396,382939.9881,가축사육업,,559,L00,0.0,종계/산란계,145,127.15317002249573,36.947931831307855
13665,가축사육업,2005-10-26,,1,영업/정상,0,정상,,,,,,0.0,330-802,충청남도 천안시 서북구 성환읍 수향리 **-* 외 **필지,충청남도 천안시 서북구 성환읍 연암로 *** (천안연암대학교),31005,연암대학교,2022-11-03 15:22,U,2022-11-05 2:40,,213830.0396,382939.9881,가축사육업,,559,L00,0.0,종계/산란계,90,127.15317002249573,36.947931831307855
13665,가축사육업,2005-10-26,,1,영업/정상,0,정상,,,,,,0.0,330-802,충청남도 천안시 서북구 성환읍 수향리 **-* 외 **필지,충청남도 천안시 서북구 성환읍 연암로 *** (천안연암대학교),31005,연암대학교,2022-11-03 15:22,U,2022-11-05 2:40,,213830.0396,382939.9881,가축사육업,,559,L00,0.0,종계/산란계,3100,127.15317002249573,36.947931831307855
13665,가축사육업,2005-10-26,,1,영업/정상,0,정상,,,,,,0.0,330-802,충청남도 천안시 서북구 성환읍 수향리 **-* 외 **필지,충청남도 천안시 서북구 성환읍 연암로 *** (천안연암대학교),31005,연암대학교,2022-11-03 15:22,U,2022-11-05 2:40,,213830.0396,382939.9881,가축사육업,,559,L00,0.0,종계/산란계,33249,127.15317002249573,36.947931831307855
13666,가축사육업,2005-10-26,,1,영업/정상,0,정상,,,,,581-4216,0.0,330-801,충청남도 천안시 서북구 성환읍 어룡리 ***-*번지 외 *필지,충청남도 천안시 서북구 성환읍 와룡길 **-* (외 *필지),,열쇠목장,2019-07-15 16:22,U,2019-07-17 2:40,,210219.2487,381150.0861,가축사육업,,560,0,0.0,젖소,117,127.11260866263072,36.9318491673446
13667,가축사육업,2005-10-26,,1,영업/정상,0,정상,,,,,566-7613,0.0,330-923,충청남도 천안시 동남구 광덕면 매당리 **번지,충청남도 천안시 동남구 광덕면 당하길 **,,석현1농장,2019-10-31 15:04,U,2019-11-02 2:40,,210196.714,356338.7482,가축사육업,,580,0,0.0,돼지,600,127.11202535088444,36.70827414773901
13668,가축사육업,2005-10-26,,1,영업/정상,0,정상,,,,,,0.0,331-808,"충청남도 천안시 서북구 성환읍 왕림리 **-*번지 ,***-*,***-*",충청남도 천안시 서북구 성환읍 임리길 **-**,31007,한진1농장,2020-01-30 20:17,U,2020-02-01 2:40,,207780.4903,380480.9222,가축사육업,,562,0,0.0,돼지,220,127.0852283103656,36.92584254641284
13669,가축사육업,2005-10-26,,1,영업/정상,0,정상,,,,,,0.0,331-808,"충청남도 천안시 서북구 성환읍 왕림리 ***-* ,*",충청남도 천안시 서북구 성환읍 각금*길 ***-**,31007,한진2농장,2022-02-24 13:33,U,2022-02-26 2:40,,208191.0,379794.3079,가축사육업,,563,0,0.0,돼지,1600,127.0898282928847,36.91965211129009
13670,가축사육업,2005-10-26,,1,영업/정상,0,정상,,,,,622-0501,0.0,330-835,충청남도 천안시 서북구 성거읍 소우리 ***-*,충청남도 천안시 서북구 성거읍 명우리길 **,31048,소우목장,2022-02-11 14:35,U,2022-02-13 2:40,,215417.7904,375067.2377,가축사육업,,565,0,0.0,젖소,50,127.17083566519189,36.876967140169555
13671,가축사육업,2005-10-26,,1,영업/정상,0,정상,,,,,583-4891,0.0,330-825,충청남도 천안시 서북구 입장면 호당리 **-*번지 외 *필지,충청남도 천안시 서북구 입장면 위례산길 *** (외 *필지),,권일1농장,2016-04-25 14:50,I,2018-08-31 23:59,,221040.7321,375495.9207,가축사육업,,568,0,0.0,돼지,0,127.23391596155558,36.8807218180444
13672,가축사육업,2005-10-26,,1,영업/정상,0,정상,,,,,,0.0,330-911,충청남도 천안시 동남구 풍세면 가송리 ***번지,충청남도 천안시 동남구 풍세면 성엽자기길 **,,진우농장,2019-02-12 20:59,U,2019-02-14 2:40,,212688.7263,357804.7307,가축사육업,,570,0,0.0,종계/산란계,20280,127.13993954467283,36.72145451728727
13672,가축사육업,2005-10-26,,1,영업/정상,0,정상,,,,,,0.0,330-911,충청남도 천안시 동남구 풍세면 가송리 ***번지,충청남도 천안시 동남구 풍세면 성엽자기길 **,,진우농장,2019-02-12 20:59,U,2019-02-14 2:40,,212688.7263,357804.7307,가축사육업,,570,0,0.0,종계/산란계,35000,127.13993954467283,36.72145451728727
13673,가축사육업,2005-10-26,,1,영업/정상,0,정상,,,,,553-9053,0.0,330-893,충청남도 천안시 동남구 성남면 봉양리 ***-* 외 *필지(***-*),충청남도 천안시 동남구 성남면 봉양*길 ***,31249,혜선목장,2022-02-11 14:36,U,2022-02-13 2:40,,223325.8647,355753.0365,가축사육업,,573,0,0.0,젖소,48,127.25894520935756,36.7027655725281
13674,가축사육업,2005-10-26,,1,영업/정상,0,정상,,,,,,0.0,330-892,충청남도 천안시 동남구 성남면 신사리 *** 외 *필지(***-*.*.**.**),충청남도 천안시 동남구 성남면 신사*길 **-** (외 *필지(***-*.*.**.**)),,충무농장,2023-02-28 10:59,U,2023-03-03 2:40,,221395.5491,360531.9044,가축사육업,,574,0,0.0,돼지,6000,127.23747658461367,36.74587369350707
13675,가축사육업,2005-10-26,,1,영업/정상,0,정상,,,,,555-5627,0.0,330-891,"충청남도 천안시 동남구 성남면 용원리 ***-* 외 *필지(***, ***, ***)",충청남도 천안시 동남구 성남면 천정*길 **-**,31246,예천농장,2023-06-29 15:18,U,2023-07-01 2:40,,218419.1839,361517.4012,가축사육업,,575,0,0.0,육계,34955,127.20417341821963,36.75481630885534
13676,가축사육업,2005-10-26,,1,영업/정상,0,정상,,,,,,0.0,330-893,"충청남도 천안시 동남구 성남면 대흥리 ***-* 외 *필지(***, ***-*)",충청남도 천안시 동남구 성남면 대흥*길 ***-**,31248,경희농장,2020-12-09 10:57,U,2020-12-11 2:40,,221010.4313,358579.7928,가축사육업,,576,0,0.0,육계,26800,127.23311085326884,36.72829163501194
13676,가축사육업,2005-10-26,,1,영업/정상,0,정상,,,,,,0.0,330-893,"충청남도 천안시 동남구 성남면 대흥리 ***-* 외 *필지(***, ***-*)",충청남도 천안시 동남구 성남면 대흥*길 ***-**,31248,경희농장,2020-12-09 10:57,U,2020-12-11 2:40,,221010.4313,358579.7928,가축사육업,,576,0,0.0,육계,13,127.23311085326884,36.72829163501194
13677,가축사육업,2005-10-26,,1,영업/정상,0,정상,,,,,,0.0,330-881,"충청남도 천안시 동남구 수신면 백자리 **-* , **, **-* 번지","충청남도 천안시 동남구 수신면 발산*길 *** (, **, **-* 번지)",,자연알로(수신),2022-12-05 9:17,U,2022-12-07 2:40,,,,가축사육업,,577,0,0.0,종계/산란계,22824,127.297168529256,36.7292593402238
13678,가축사육업,2005-10-26,,1,영업/정상,0,정상,,,,,553-8495,0.0,330-871,충청남도 천안시 동남구 동면 행암리 *** 외 *필지,,,케이앤피에그팜,2022-12-30 15:24,U,2023-01-01 2:40,,231579.5913,365815.7655,가축사육업,,578,0,0.0,종계/산란계,120000,127.35172632474419,36.79320271656314
13679,가축사육업,2013-09-27,,1,영업/정상,0,정상,,,,,,,330-846,충청남도 천안시 동남구 목천읍 신계리 ***번지,충청남도 천안시 동남구 목천읍 신계*길 **,,우리사슴목장,2020-03-29 13:24,U,2020-03-31 2:40,,218029.1284,363921.2255,가축사육업,,1176,0,0.0,사슴,12,127.19986198499156,36.77648477294823
13680,가축사육업,2013-09-27,,1,영업/정상,0,정상,,,,,565-5056,,330-847,"충청남도 천안시 동남구 목천읍 응원리 ***-*번지 외*필지(***-*, ***-*, ***-*)","충청남도 천안시 동남구 목천읍 응원*길 ** (외*필지(***-*, ***-*, ***-*))",,영광사슴목장,2015-06-19 11:24,I,2018-08-31 23:59,,216008.7989,362636.3362,가축사육업,,1177,0,0.0,사슴,35,127.17720413263095,36.76494268766129
13681,가축사육업,2013-09-27,,1,영업/정상,0,정상,,,,,566-0234,,330-911,충청남도 천안시 동남구 풍세면 가송리 ***-*번지,충청남도 천안시 동남구 풍세면 송정안*길 **-*,,가송사슴농장,2013-09-27 8:54,I,2018-08-31 23:59,,212396.6523,359057.8383,가축사육업,,1178,0,0.0,사슴,0,127.13669038079465,36.732750289047
13682,가축사육업,2013-10-01,,1,영업/정상,0,정상,,,,,557-8296,,330-841,충청남도 천안시 동남구 목천읍 교천리 ***번지 외*필지(***-*),,,갈뫼정,2013-10-01 8:34,I,2018-08-31 23:59,,217497.1881,364645.1286,가축사육업,,1179,0,0.0,육계,1000,127.19391993676643,36.78301782256774
13683,가축사육업,2013-10-01,,1,영업/정상,0,정상,,,,,,,330-911,충청남도 천안시 동남구 풍세면 두남리 **-**번지,충청남도 천안시 동남구 풍세면 두지길 ***,,복지농장,2013-10-01 8:38,I,2018-08-31 23:59,,212709.2943,361164.2142,가축사육업,,1180,0,0.0,산양,8,127.1402253708566,36.75172698503455
13684,가축사육업,2013-10-01,,1,영업/정상,0,정상,,,,,553-3387,,330-852,충청남도 천안시 동남구 북면 오곡리 **-*,,,지산농장,2023-06-09 9:44,U,2023-06-11 2:40,,225185.6397,368789.4775,가축사육업,,1185,0,0.0,염소,40,127.28018677140746,36.8201897536552
13685,가축사육업,2013-10-01,,1,영업/정상,0,정상,,,,,,,330-853,충청남도 천안시 동남구 북면 상동리 ***-**번지,충청남도 천안시 동남구 북면 충절로 ****-***,31243,황가네흑염소,2020-04-21 15:50,U,2020-04-23 2:40,,223422.3525,362886.8008,가축사육업,,1187,0,0.0,염소,8,127.26024302675097,36.767046027325804
13686,가축사육업,2005-06-02,,1,영업/정상,0,정상,,,,,553-1839,0.0,330-862,충청남도 천안시 동남구 병천면 봉항리 ***번지,충청남도 천안시 동남구 병천면 봉항로 ***-**,,상현2농장,2015-05-04 17:06,I,2018-08-31 23:59,,228222.2782,369546.3599,가축사육업,,308,0,0.0,한우,77,127.31424912894063,36.826924478290046
13687,가축사육업,2005-06-02,,1,영업/정상,0,정상,,,,,,0.0,330-862,충청남도 천안시 동남구 병천면 봉항리 ***,충청남도 천안시 동남구 병천면 봉항*길 **,,가나안농장,2023-05-02 16:33,U,2023-05-04 2:40,,227900.5077,370318.8571,가축사육업,,309,0,0.0,돼지,20000,127.3106707123295,36.83389487723054
13687,가축사육업,2005-06-02,,1,영업/정상,0,정상,,,,,,0.0,330-862,충청남도 천안시 동남구 병천면 봉항리 ***,충청남도 천안시 동남구 병천면 봉항*길 **,,가나안농장,2023-05-02 16:33,U,2023-05-04 2:40,,227900.5077,370318.8571,가축사육업,,309,0,0.0,돼지,450,127.3106707123295,36.83389487723054
13688,가축사육업,2005-06-02,,1,영업/정상,0,정상,,,,,554-1065,0.0,,"충청남도 천안시 동남구 병천면 봉항리 ***-* 외 *(***-*,***-*,***-*,***,***-*,***,***-*,***,***-*)",충청남도 천안시 동남구 병천면 봉항로 ***,31239,성인농장,2021-01-22 17:48,U,2021-01-24 2:40,,228162.1604,371219.1572,가축사육업,,310,0,0.0,돼지,1700,127.31363707869507,36.84199962693195
13689,가축사육업,2005-06-02,,1,영업/정상,0,정상,,,,,561-3406,0.0,330-862,충청남도 천안시 동남구 병천면 도원리 ***-** 외*필지,,,덕성농장,2021-01-29 16:28,U,2021-01-31 2:40,,228030.3869,363173.6738,가축사육업,,311,0,0.0,오리,11000,127.31186432203043,36.76950634977831
13690,가축사육업,2005-06-03,,1,영업/정상,0,정상,,,,,557-2686,0.0,330-841,"충청남도 천안시 동남구 목천읍 교천리 ***-* 외 *필지(***, ***, ***-*)",충청남도 천안시 동남구 목천읍 교천지산길 ***-*,31228,다산목장,2023-05-19 10:09,U,2023-05-21 2:40,,217316.8583,364479.66,가축사육업,,314,0,0.0,젖소,55,127.19189603311982,36.781530078562945
13691,가축사육업,2004-10-01,,1,영업/정상,0,정상,,,,,553-5767,0.0,330-893,충청남도 천안시 동남구 성남면 대흥리 ***번지,충청남도 천안시 동남구 성남면 대흥*길 ***-**,,시골축산,2016-03-21 14:31,I,2018-08-31 23:59,,219850.2405,357866.212,가축사육업,,23,0,0.0,종계/산란계,73440,127.22010450928344,36.72188636117885
13692,가축사육업,2004-10-02,,1,영업/정상,0,정상,,,,,,0.0,330-893,충청남도 천안시 동남구 성남면 대흥리 ***,충청남도 천안시 동남구 성남면 대흥*길 ***-*,,주식회사 농업회사법인 정원팜스(2),2022-07-13 16:22,U,2022-07-15 2:40,,219621.9033,358216.8844,가축사육업,,25,L00,0.0,돼지,2500,127.21755754482567,36.72505103779309
13693,가축사육업,2004-10-05,,1,영업/정상,0,정상,,,,,,0.0,330-912,충청남도 천안시 동남구 풍세면 용정리 ***-**번지,충청남도 천안시 동남구 풍세면 봉강천로 ***-*,,청운농장,2018-06-21 20:37,I,2018-08-31 23:59,,210236.3779,361157.8156,가축사육업,,26,0,0.0,종계/산란계,100800,127.11253339496324,36.751699060207734
13694,가축사육업,2009-07-20,,1,영업/정상,0,정상,,,,,566-6900,0.0,330-911,충청남도 천안시 동남구 풍세면 미죽리 ***번지,충청남도 천안시 동남구 풍세면 미죽로 ***,,유진목장,2013-07-15 11:41,I,2018-08-31 23:59,,213923.9858,360107.8658,가축사육업,,926,0,0.0,한우,0,127.15380838547587,36.74219115012508
13695,가축사육업,2009-07-27,,1,영업/정상,0,정상,,,,,,0.0,330-862,충청남도 천안시 동남구 병천면 매성리 **-*번지,,,매미농장,2016-02-15 13:03,I,2018-08-31 23:59,,227994.3917,369070.9855,가축사육업,,927,0,0.0,한우,44,127.31167732774207,36.822647685699756
13696,가축사육업,2005-11-30,,1,영업/정상,0,정상,,,,,581-3369,0.0,330-801,충청남도 천안시 서북구 성환읍 대홍리 ***-*,충청남도 천안시 서북구 성환읍 천안대로 ****-**,,호선목장,2022-02-11 15:17,U,2022-02-13 2:40,,212177.4809,382130.1206,가축사육업,,632,0,0.0,젖소,90,127.13460425239413,36.94065696062655
13697,가축사육업,2005-11-30,,1,영업/정상,0,정상,,,,,,0.0,330-807,충청남도 천안시 서북구 성환읍 율금리 ***-*,충청남도 천안시 서북구 성환읍 율금*길 **-**,,능성목장,2022-02-11 15:23,U,2022-02-13 2:40,,209677.3252,377679.6479,가축사육업,,634,0,0.0,젖소,0,127.10648186562919,36.900583193033206
13698,가축사육업,2005-11-30,,1,영업/정상,0,정상,,,,,581-6700,0.0,330-801,충청남도 천안시 서북구 성환읍 어룡리 ***,충청남도 천안시 서북구 성환읍 어룡*길 **,,진홍목장,2022-02-11 15:07,U,2022-02-13 2:40,,210722.089,381815.8563,가축사육업,,637,0,0.0,젖소,70,127.11826210203427,36.93784276178036
13699,가축사육업,2005-06-21,,1,영업/정상,0,정상,,,,,564-1467,0.0,330-862,충청남도 천안시 동남구 병천면 도원리 산 *-*,,,도원목장,2023-08-16 9:54,U,2023-08-19 2:40,,228802.7133,363978.8346,가축사육업,,331,0,0.0,한우,0,127.32054510266218,36.77673853105546
13700,가축사육업,2005-06-21,,1,영업/정상,0,정상,,,,,564-1501,0.0,330-861,충청남도 천안시 동남구 병천면 병천리 ***번지,충청남도 천안시 동남구 병천면 개목고개길 ***,,원화목장,2015-11-07 10:27,I,2018-08-31 23:59,,226696.6207,363868.5282,가축사육업,,332,0,0.0,젖소,70,127.29694970102956,36.77580606317321
13701,가축사육업,2005-06-21,,1,영업/정상,0,정상,,,,,561-9584,0.0,330-861,"충청남도 천안시 동남구 병천면 병천리 *-* ,*",,,진양목장,2023-03-27 17:09,U,2023-03-29 2:40,,227213.9825,363581.2623,가축사육업,,333,0,0.0,젖소,40,127.30273467384498,36.773202844451596
13702,가축사육업,2005-06-22,,1,영업/정상,0,정상,,,,,564-1926,0.0,330-863,"충청남도 천안시 동남구 병천면 송정리 ***-* 외 *필지(***-*, -*, -*, -*, ***-*)","충청남도 천안시 동남구 병천면 송정리*길 *-**, 외 *필지(***-*, -*, -*, -*, ***-*)",31257,송정목장,2022-08-19 14:40,U,2022-08-21 2:40,,228409.0917,359789.0685,가축사육업,,337,0,0.0,젖소,60,127.31598036075138,36.7389964548942
13703,가축사육업,2005-06-22,,1,영업/정상,0,정상,,,,,,0.0,330-863,충청남도 천안시 동남구 병천면 송정리 산 **-*번지,충청남도 천안시 동남구 병천면 송정리*길 **-**,,대진목장,2016-03-15 13:21,I,2018-08-31 23:59,,228821.7181,359984.7214,가축사육업,,338,0,0.0,젖소,145,127.32060751915269,36.74074707614931
13704,가축사육업,2005-06-22,,1,영업/정상,0,정상,,,,,564-1054,0.0,330-863,충청남도 천안시 동남구 병천면 송정리 **번지,,,준이목장,2015-07-03 13:34,I,2018-08-31 23:59,,228866.9365,360129.0615,가축사육업,,339,0,0.0,젖소,40,127.3211192404896,36.742046354981724
13705,가축사육업,2005-06-22,,1,영업/정상,0,정상,,,,,,0.0,330-863,충청남도 천안시 동남구 병천면 송정리 ***-* 외 *필지(***),충청남도 천안시 동남구 병천면 송정리*길 **,31257,용문목장,2022-08-22 15:17,U,2022-08-24 2:40,,230047.0346,359475.6436,가축사육업,,340,0,0.0,젖소,85,127.3343065716919,36.73612186775154
13706,가축사육업,2005-06-22,,1,영업/정상,0,정상,,,,,561-9562,0.0,330-863,"충청남도 천안시 동남구 병천면 송정리 *** 외 *필지(***-*, ***)",충청남도 천안시 동남구 병천면 송정리*길 **,31257,대성목장,2022-07-19 10:21,U,2022-07-21 2:40,,229953.3172,359390.1605,가축사육업,,341,0,0.0,한우,70,127.3332540023866,36.7353545338752
13706,가축사육업,2005-06-22,,1,영업/정상,0,정상,,,,,561-9562,0.0,330-863,"충청남도 천안시 동남구 병천면 송정리 *** 외 *필지(***-*, ***)",충청남도 천안시 동남구 병천면 송정리*길 **,31257,대성목장,2022-07-19 10:21,U,2022-07-21 2:40,,229953.3172,359390.1605,가축사육업,,341,0,0.0,한우,0,127.3332540023866,36.7353545338752
13707,가축사육업,2005-06-28,,1,영업/정상,0,정상,,,,,548-2697,0.0,330-911,충청남도 천안시 동남구 풍세면 남관리 ***,충청남도 천안시 동남구 풍세면 용두*길 ***,,운성목장,2023-07-06 9:57,U,2023-07-08 2:40,,209522.3619,361778.3512,가축사육업,,342,0,0.0,젖소,65,127.10454548092372,36.75729816371613
13708,가축사육업,2005-06-28,,1,영업/정상,0,정상,,,,,548-2697,0.0,330-911,충청남도 천안시 동남구 풍세면 남관리 ***,충청남도 천안시 동남구 풍세면 용두*길 ***,,부성목장,2021-09-03 9:06,U,2021-09-05 2:40,,209570.0338,361748.0805,가축사육업,,343,0,0.0,젖소,0,127.10507897611755,36.75702491459514
13709,가축사육업,2005-06-28,,1,영업/정상,0,정상,,,,,,0.0,330-911,충청남도 천안시 동남구 풍세면 남관리 ***-** 외 *필지(***-**),,,구억목장,2022-03-25 19:53,U,2022-03-27 2:40,,209006.5971,361686.4019,가축사육업,,344,0,0.0,젖소,82,127.0987684117415,36.7564746004874
13710,가축사육업,2011-07-08,,1,영업/정상,0,정상,,,,,,,330-863,충청남도 천안시 동남구 병천면 용두리 ***-*번지,충청남도 천안시 동남구 병천면 용두리*길 ***,,병천농장,2016-01-19 16:29,I,2018-08-31 23:59,,228098.2017,360776.4927,가축사육업,,995,0,0.0,한우,21,127.31253584761356,36.74790337679538
13711,가축사육업,2011-07-08,,1,영업/정상,0,정상,,,,,,,331-802,충청남도 천안시 서북구 성환읍 도하리 ***-*번지,충청남도 천안시 서북구 성환읍 하리*길 **,,이레농장,2020-02-04 13:10,U,2020-02-06 2:40,,215347.9107,382555.8745,가축사육업,,996,0,0.0,종계/산란계,94600,127.17020294197071,36.94444726295728
13712,가축사육업,2011-07-18,,1,영업/정상,0,정상,,,,,583-0709,,331-821,"충청남도 천안시 서북구 입장면 가산리 ***번지 외*필지(***,***,***)",,,용정목장,2016-04-26 10:36,I,2018-08-31 23:59,,216829.7078,381255.6549,가축사육업,,998,0,0.0,한우,0,127.18680904789124,36.93270604602227
13713,가축사육업,2011-08-12,,1,영업/정상,0,정상,,,,,,,331-802,충청남도 천안시 서북구 성환읍 양령리 ***-*,,,태영농장,2022-11-23 20:20,U,2022-11-25 2:40,,213165.445,385177.2945,가축사육업,,1000,0,0.0,한우,20,127.1457475921845,36.96810120310673
13713,가축사육업,2011-08-12,,1,영업/정상,0,정상,,,,,,,331-802,충청남도 천안시 서북구 성환읍 양령리 ***-*,,,태영농장,2022-11-23 20:20,U,2022-11-25 2:40,,213165.445,385177.2945,가축사육업,,1000,0,0.0,한우,130,127.1457475921845,36.96810120310673
13714,가축사육업,2005-06-16,,1,영업/정상,0,정상,,,,,566-0230,0.0,330-844,충청남도 천안시 동남구 목천읍 도장리 **번지,충청남도 천안시 동남구 목천읍 도장로 ***-*,,대운농장,2015-11-09 11:41,I,2018-08-31 23:59,,217586.9359,360938.9168,가축사육업,,319,0,0.0,육계,0,127.19484023281503,36.74961927451957
13715,가축사육업,2010-07-29,,1,영업/정상,0,정상,,,,,,0.0,330-871,충청남도 천안시 동남구 동면 덕성리 ***-*번지,,,한오리농장,2018-08-29 11:00,I,2018-08-31 23:59,,233191.7705,366566.2516,가축사육업,,967,0,0.0,오리,12000,127.36982165024013,36.79991026173772
13716,가축사육업,2010-09-07,,1,영업/정상,0,정상,,,,,523-0707,0.0,330-923,충청남도 천안시 동남구 광덕면 매당리 **-*번지,충청남도 천안시 동남구 광덕면 당하길 **,,명우농장,2015-06-17 14:40,I,2018-08-31 23:59,,210164.9972,356263.4477,가축사육업,,970,0,0.0,한우,78,127.11166938983766,36.70759593878117
13717,가축사육업,2010-11-02,,1,영업/정상,0,정상,,,,,,0.0,330-872,충청남도 천안시 동남구 동면 화덕리 ***-*,충청남도 천안시 동남구 동면 화복로 ***-**,,대영농장,2021-12-10 9:25,U,2021-12-12 2:40,,235649.1188,362700.5551,가축사육업,,972,0,0.0,돼지,1200,127.39717545037107,36.76498785623693
13718,가축사육업,2005-03-07,,1,영업/정상,0,정상,,,,,553-1123,0.0,330-893,"충청남도 천안시 동남구 성남면 대흥리 ***-*번지 외 *필지(***-*, ***-*, ***-*)",충청남도 천안시 동남구 성남면 대흥*길 ***-**,31248,대풍농장,2016-01-22 18:20,I,2018-08-31 23:59,,219590.371,358410.874,가축사육업,,122,0,0.0,종계/산란계,50000,127.21720952211393,36.726799747765746
13719,가축사육업,2005-12-26,,1,영업/정상,0,정상,,,,,581-3609,0.0,331-802,충청남도 천안시 서북구 성환읍 양령리 ***번지,,,진세목장,2020-03-27 16:12,U,2020-03-29 2:40,,213531.68,385030.3004,가축사육업,,702,0,0.0,육우,23,127.14985766958968,36.96677150526012
13720,가축사육업,2005-12-26,,1,영업/정상,0,정상,,,,,,0.0,330-891,충청남도 천안시 동남구 성남면 용원리 ***,충청남도 천안시 동남구 성남면 천정*길 **-**,,진왕영농조합법인,2021-12-04 14:53,U,2021-12-07 2:40,,217811.0626,361766.0552,가축사육업,,705,L00,0.0,돼지,10000,127.19736916682491,36.757068517774144
13721,가축사육업,2005-12-26,,1,영업/정상,0,정상,,,,,553-5420,0.0,330-912,충청남도 천안시 동남구 풍세면 삼태리 ***-*번지,,,화성농장,2015-11-09 16:21,I,2018-08-31 23:59,,208091.3418,359959.5831,가축사육업,,706,0,0.0,돼지,2000,127.08850052449276,36.74092220247979
13722,가축사육업,2005-12-26,,1,영업/정상,0,정상,,,,,555-5759,0.0,330-893,충청남도 천안시 동남구 성남면 신덕리 ***번지,충청남도 천안시 동남구 성남면 성남신덕*길 **,,성록농장,2017-08-07 10:46,I,2018-08-31 23:59,,221818.0756,358161.2753,가축사육업,,709,0,0.0,육계,19826,127.24214019486917,36.724502179616636
13722,가축사육업,2005-12-26,,1,영업/정상,0,정상,,,,,555-5759,0.0,330-893,충청남도 천안시 동남구 성남면 신덕리 ***번지,충청남도 천안시 동남구 성남면 성남신덕*길 **,,성록농장,2017-08-07 10:46,I,2018-08-31 23:59,,221818.0756,358161.2753,가축사육업,,709,0,0.0,육계,72000,127.24214019486917,36.724502179616636
13723,가축사육업,2004-10-27,,1,영업/정상,0,정상,,,,,553-7307,0.0,330-893,"충청남도 천안시 동남구 성남면 봉양리 ***번지 외*필지(***-*,***-*,***-*,***)",충청남도 천안시 동남구 성남면 봉양*길 ***,31249,성남농장,2015-11-19 17:58,I,2018-08-31 23:59,,223269.9827,356114.9543,가축사육업,,60,0,0.0,종계/산란계,187000,127.25833081384717,36.706028220814574
13724,가축사육업,2004-10-27,,1,영업/정상,0,정상,,,,,,0.0,331-813,충청남도 천안시 서북구 직산읍 마정리 산 **-*,충청남도 천안시 서북구 직산읍 금곡로 ***-**,31028,직산농장,2021-10-06 14:48,U,2021-10-08 2:40,,208426.0778,374170.4665,가축사육업,,61,0,0.0,종계/산란계,48000,127.0924044478743,36.8689741606365
13724,가축사육업,2004-10-27,,1,영업/정상,0,정상,,,,,,0.0,331-813,충청남도 천안시 서북구 직산읍 마정리 산 **-*,충청남도 천안시 서북구 직산읍 금곡로 ***-**,31028,직산농장,2021-10-06 14:48,U,2021-10-08 2:40,,208426.0778,374170.4665,가축사육업,,61,0,0.0,종계/산란계,150,127.0924044478743,36.8689741606365
13725,가축사육업,2004-10-27,,1,영업/정상,0,정상,,,,,,0.0,331-802,충청남도 천안시 서북구 성환읍 양령리 **-*,충청남도 천안시 서북구 성환읍 후생촌*길 **,,한일농장,2023-02-14 20:15,U,2023-02-16 2:40,,215234.2379,383948.7783,가축사육업,,62,0,0.0,종계/산란계,26000,127.1689547751165,36.95700026375564
13726,가축사육업,2004-10-28,,1,영업/정상,0,정상,,,,,553-5224,0.0,330-891,충청남도 천안시 동남구 성남면 석곡리 **-*번지,충청남도 천안시 동남구 성남면 신사대화로 **-**,31247,목골농장,2017-07-11 16:56,I,2018-08-31 23:59,,220841.5076,359860.646,가축사육업,,64,0,0.0,종계/산란계,9880,127.23125464134831,36.73983722500805
13727,가축사육업,2004-10-28,,1,영업/정상,0,정상,,,,,,0.0,330-862,충청남도 천안시 동남구 병천면 매성리 **-*,충청남도 천안시 동남구 병천면 관성*길 **,,진영농장,2024-01-16 10:41,U,2024-01-18 2:40,,228198.4339,368588.4191,가축사육업,,65,0,0.0,한우,20,127.3139464444332,36.81829328874761
13727,가축사육업,2004-10-28,,1,영업/정상,0,정상,,,,,,0.0,330-862,충청남도 천안시 동남구 병천면 매성리 **-*,충청남도 천안시 동남구 병천면 관성*길 **,,진영농장,2024-01-16 10:41,U,2024-01-18 2:40,,228198.4339,368588.4191,가축사육업,,65,0,0.0,한우,0,127.3139464444332,36.81829328874761
13728,가축사육업,2004-10-28,,1,영업/정상,0,정상,,,,,,0.0,330-863,충청남도 천안시 동남구 병천면 송정리 **,충청남도 천안시 동남구 병천면 송정리*길 **-**,,가온농장,2023-02-23 11:23,U,2023-02-25 2:40,,228658.2838,360384.8946,가축사육업,,66,0,0.0,한우,80,127.31879263335091,36.74435797660358
13728,가축사육업,2004-10-28,,1,영업/정상,0,정상,,,,,,0.0,330-863,충청남도 천안시 동남구 병천면 송정리 **,충청남도 천안시 동남구 병천면 송정리*길 **-**,,가온농장,2023-02-23 11:23,U,2023-02-25 2:40,,228658.2838,360384.8946,가축사육업,,66,0,0.0,한우,0,127.31879263335091,36.74435797660358
13729,가축사육업,2005-11-30,,1,영업/정상,0,정상,,,,,581-6786,0.0,330-808,충청남도 천안시 서북구 성환읍 와룡리 **-*번지,,,유현목장,2016-04-27 14:58,I,2018-08-31 23:59,,209421.1673,383711.0031,가축사육업,,638,0,0.0,한우,24,127.10368238502122,36.954933404217314
13730,가축사육업,2005-11-30,,1,영업/정상,0,정상,,,,,,0.0,330-808,충청남도 천안시 서북구 성환읍 왕림리 ***,충청남도 천안시 서북구 성환읍 왕지*길 **-*,,성목장,2022-02-11 15:18,U,2022-02-13 2:40,,208599.4674,379166.3403,가축사육업,,639,0,0.0,젖소,60,127.09440527535509,36.91398996908724
13731,가축사육업,2005-11-30,,1,영업/정상,0,정상,,,,,,0.0,330-808,충청남도 천안시 서북구 성환읍 신방리 ***-**,,,성희목장,2022-02-11 15:22,U,2022-02-13 2:40,,207043.7754,382295.7391,가축사육업,,641,0,0.0,젖소,70,127.07697653423595,36.94220132529854
13732,가축사육업,2005-12-01,,1,영업/정상,0,정상,,,,,580-3317,0.0,330-801,충청남도 천안시 서북구 성환읍 신방리 *-*,충청남도 천안시 서북구 성환읍 신방*길 *** (농촌진흥청축산연구소),31000,국립축산과학원 축산자원개발부,2023-05-23 17:20,U,2023-05-25 2:40,,209052.0483,381119.2067,가축사육업,,644,L00,0.0,젖소,450,127.09950720891113,36.931582768640475
13732,가축사육업,2005-12-01,,1,영업/정상,0,정상,,,,,580-3317,0.0,330-801,충청남도 천안시 서북구 성환읍 신방리 *-*,충청남도 천안시 서북구 성환읍 신방*길 *** (농촌진흥청축산연구소),31000,국립축산과학원 축산자원개발부,2023-05-23 17:20,U,2023-05-25 2:40,,209052.0483,381119.2067,가축사육업,,644,L00,0.0,젖소,1200,127.09950720891113,36.931582768640475
13733,가축사육업,2005-12-01,,1,영업/정상,0,정상,,,,,,0.0,330-801,충청남도 천안시 서북구 성환읍 신방리 *-*,충청남도 천안시 서북구 성환읍 신방*길 *** (농촌진흥청축산연구소),31000,국립축산과학원 축산자원개발부,2021-12-04 14:32,U,2021-12-07 2:40,,209052.0483,381119.2067,가축사육업,,645,L00,0.0,돼지,450,127.09950720891113,36.931582768640475
13733,가축사육업,2005-12-01,,1,영업/정상,0,정상,,,,,,0.0,330-801,충청남도 천안시 서북구 성환읍 신방리 *-*,충청남도 천안시 서북구 성환읍 신방*길 *** (농촌진흥청축산연구소),31000,국립축산과학원 축산자원개발부,2021-12-04 14:32,U,2021-12-07 2:40,,209052.0483,381119.2067,가축사육업,,645,L00,0.0,돼지,1200,127.09950720891113,36.931582768640475
13734,가축사육업,2005-12-26,,1,영업/정상,0,정상,,,,,,0.0,330-250,충청남도 천안시 동남구 용곡동 ***-*번지 외 *필지,"충청남도 천안시 동남구 용곡*길 ** (용곡동,외 *필지)",,인영농장,2020-03-27 16:15,U,2020-03-29 2:40,,212713.681,365137.0274,가축사육업,,711,0,0.0,육우,12,127.1403403675659,36.78752626085161
13735,가축사육업,2005-12-26,,1,영업/정상,0,정상,,,,,,0.0,330-893,충청남도 천안시 동남구 성남면 봉양리 ***-*번지,충청남도 천안시 동남구 성남면 봉양*길 ***-**,,영훈목장,2020-02-04 11:35,U,2020-02-06 2:40,,222172.4503,356895.1959,가축사육업,,713,0,0.0,한우,0,127.24607048236543,36.71308522903043
13736,가축사육업,2005-12-21,,1,영업/정상,0,정상,,,,,567-0052,0.0,330-922,충청남도 천안시 동남구 광덕면 신덕리 **번지,충청남도 천안시 동남구 광덕면 신덕리*길 **,,승진농장,2014-05-12 17:53,I,2018-08-31 23:59,,211957.9121,354671.332,가축사육업,,671,0,0.0,육계,0,127.13171034992625,36.693228337415576
13737,가축사육업,2005-12-21,,1,영업/정상,0,정상,,,,,553-9698,0.0,330-912,충청남도 천안시 동남구 풍세면 용정리 ***-**번지,충청남도 천안시 동남구 풍세면 봉강천로 ***-**,,희성농장,2017-11-20 13:19,I,2018-08-31 23:59,,210004.1967,360568.169,가축사육업,,672,0,0.0,한우,6000,127.10992573816961,36.746388144073435
13737,가축사육업,2005-12-21,,1,영업/정상,0,정상,,,,,553-9698,0.0,330-912,충청남도 천안시 동남구 풍세면 용정리 ***-**번지,충청남도 천안시 동남구 풍세면 봉강천로 ***-**,,희성농장,2017-11-20 13:19,I,2018-08-31 23:59,,210004.1967,360568.169,가축사육업,,672,0,0.0,한우,130,127.10992573816961,36.746388144073435
13738,가축사육업,2005-09-26,,1,영업/정상,0,정상,,,,,,0.0,330-871,"충청남도 천안시 동남구 동면 화계리 ***번지 외 *필지(***,***-*,***-*,***)",충청남도 천안시 동남구 동면 충절로 ****-*,31258,성훈농장,2016-03-08 11:30,I,2018-08-31 23:59,,229556.2019,363195.4294,가축사육업,,509,0,0.0,돼지,1500,127.32895505466881,36.76965616577809
13738,가축사육업,2005-09-26,,1,영업/정상,0,정상,,,,,,0.0,330-871,"충청남도 천안시 동남구 동면 화계리 ***번지 외 *필지(***,***-*,***-*,***)",충청남도 천안시 동남구 동면 충절로 ****-*,31258,성훈농장,2016-03-08 11:30,I,2018-08-31 23:59,,229556.2019,363195.4294,가축사육업,,509,0,0.0,돼지,2,127.32895505466881,36.76965616577809
13739,가축사육업,2008-07-09,,1,영업/정상,0,정상,,,,,553-4364,0.0,330-871,충청남도 천안시 동남구 동면 행암리 ***번지,충청남도 천안시 동남구 동면 동산행암길 ***-*,,성신농장,2013-07-18 10:16,I,2018-08-31 23:59,,231413.8152,367241.1521,가축사육업,,855,0,0.0,한우,0,127.34992763793332,36.80605222008082
13740,가축사육업,2008-07-09,,1,영업/정상,0,정상,,,,,554-9842,0.0,330-872,충청남도 천안시 동남구 동면 송연리 ***-*번지,,,경섭목장,2015-05-04 13:30,I,2018-08-31 23:59,,230646.3778,362874.9127,가축사육업,,857,0,0.0,한우,26,127.3411527305636,36.766733477169744
13741,가축사육업,2005-06-16,,1,영업/정상,0,정상,,,,,581-2594,0.0,330-808,충청남도 천안시 서북구 성환읍 우신리 ***-*번지,충청남도 천안시 서북구 성환읍 신방*길 **-*,,동민농장,2016-06-14 14:40,I,2018-08-31 23:59,,209732.116,380813.822,가축사육업,,324,0,0.0,한우,35,127.10713661142015,36.92882426528271
13742,가축사육업,2005-06-20,,1,영업/정상,0,정상,,,,,,0.0,330-862,충청남도 천안시 동남구 병천면 관성리 ***-* 외 *필지(***-**),충청남도 천안시 동남구 병천면 관성*길 **,31240,풍년농장1,2022-04-28 15:25,U,2022-04-30 2:40,,228848.8873,367350.0049,가축사육업,,329,0,0.0,종계/산란계,0,127.3211896502945,36.80711451016886
13743,가축사육업,2005-03-24,,1,영업/정상,0,정상,,,,,,0.0,330-912,충청남도 천안시 동남구 풍세면 용정리 **-* 외 *필지(**-*),충청남도 천안시 동남구 풍세면 용두*길 **,31214,성호영농조합법인,2023-09-14 16:30,U,2023-09-16 2:40,,209483.0551,360903.7232,가축사육업,,153,L00,0.0,돼지,2800,127.10409449797142,36.74941718024389
13744,가축사육업,2005-03-24,,1,영업/정상,0,정상,,,,,,0.0,330-844,충청남도 천안시 동남구 목천읍 도장리 *** 외 *필지,충청남도 천안시 동남구 목천읍 주락골길 ** (외 *필지),,문화농장,2023-07-31 9:36,U,2023-08-02 2:40,,216269.731,360348.9969,가축사육업,,156,0,0.0,돼지,2200,127.18007801057817,36.74432685753027
13744,가축사육업,2005-03-24,,1,영업/정상,0,정상,,,,,,0.0,330-844,충청남도 천안시 동남구 목천읍 도장리 *** 외 *필지,충청남도 천안시 동남구 목천읍 주락골길 ** (외 *필지),,문화농장,2023-07-31 9:36,U,2023-08-02 2:40,,216269.731,360348.9969,가축사육업,,156,0,0.0,돼지,100000,127.18007801057817,36.74432685753027
13745,가축사육업,2005-03-24,,1,영업/정상,0,정상,,,,,,0.0,330-911,충청남도 천안시 동남구 풍세면 두남리 **-*,충청남도 천안시 동남구 풍세면 두지길 ***,,강정목장,2021-02-04 9:35,U,2021-02-06 2:40,,212829.4079,361202.9872,가축사육업,,158,0,0.0,한우,35,127.14157105849374,36.752074764329535
13746,가축사육업,2005-03-24,,1,영업/정상,0,정상,,,,,,0.0,330-912,"충청남도 천안시 동남구 풍세면 풍서리 **번지 ,**",충청남도 천안시 동남구 풍세면 광풍로 ****,31216,예산목장,2020-01-06 13:22,U,2020-01-08 2:40,,211366.8416,358294.3769,가축사육업,,160,0,0.0,한우,50,127.12515004123112,36.72588344387596
13747,가축사육업,2005-03-24,,1,영업/정상,0,정상,,,,,,0.0,330-923,충청남도 천안시 동남구 광덕면 매당리 **-* 외 *필지,충청남도 천안시 동남구 광덕면 광풍로 ***-* (외 *필지),,제일농장,2022-04-11 19:44,U,2022-04-13 2:40,,209345.6402,355643.3256,가축사육업,,162,0,0.0,한우,50,127.10249189537112,36.70201625588261
13747,가축사육업,2005-03-24,,1,영업/정상,0,정상,,,,,,0.0,330-923,충청남도 천안시 동남구 광덕면 매당리 **-* 외 *필지,충청남도 천안시 동남구 광덕면 광풍로 ***-* (외 *필지),,제일농장,2022-04-11 19:44,U,2022-04-13 2:40,,209345.6402,355643.3256,가축사육업,,162,0,0.0,한우,3500,127.10249189537112,36.70201625588261
13748,가축사육업,2005-03-24,,1,영업/정상,0,정상,,,,,,0.0,330-912,충청남도 천안시 동남구 풍세면 보성리 ***번지,충청남도 천안시 동남구 풍세면 용무길 **-**,,LG농장,2020-02-04 11:28,U,2020-02-06 2:40,,209569.6368,358662.5722,가축사육업,,163,0,0.0,한우,22,127.10503613266246,36.72922099731311
13749,가축사육업,2005-03-25,,1,영업/정상,0,정상,,,,,553-3163,0.0,330-852,"충청남도 천안시 동남구 북면 용암리 ***-**번지 ***-**,***-**",충청남도 천안시 동남구 북면 용암*길 *,31242,비룡축산,2016-02-16 17:47,I,2018-08-31 23:59,,222576.8083,364410.0933,가축사육업,,165,0,0.0,한우,10,127.25081771137756,36.780792883591864
13750,가축사육업,2005-08-29,,1,영업/정상,0,정상,,,,,,0.0,331-822,충청남도 천안시 서북구 입장면 양대리 ***-*,충청남도 천안시 서북구 입장면 양대길 *,31060,광열목장,2022-02-11 15:09,U,2022-02-13 2:40,,222956.4591,377799.1691,가축사육업,,496,0,0.0,젖소,100,127.2554738005183,36.90143151189162
13751,가축사육업,2007-08-24,,1,영업/정상,0,정상,,,,,,0.0,330-922,충청남도 천안시 동남구 북면 대평리 ***번지,충청남도 천안시 동남구 북면 대평*길 **,,대평농장,2007-08-24 17:48,I,2018-08-31 23:59,,225323.4265,373967.133,가축사육업,,787,0,0.0,한우,0,127.28190311936847,36.86684133987932
13752,가축사육업,2007-08-24,,1,영업/정상,0,정상,,,,,,0.0,330-844,충청남도 천안시 동남구 목천읍 소사리 ***-*번지,,,건영농장,2014-04-22 9:21,I,2018-08-31 23:59,,215366.584,359551.0028,가축사육업,,790,0,0.0,한우,47,127.16994951845324,36.73715103494488
13753,가축사육업,2007-09-03,,1,영업/정상,0,정상,,,,,,0.0,331-811,충청남도 천안시 서북구 직산읍 판정리 ***-*,"충청남도 천안시 서북구 직산읍 성진로 ***-**, 흥인농장",31033,흥인농장,2021-09-24 14:56,U,2021-09-26 2:40,,215495.2393,378461.0745,가축사육업,,793,0,0.0,종계/산란계,34944,127.17177341652355,36.907547328659405
13754,가축사육업,2007-09-19,,1,영업/정상,0,정상,,,,,555-8811,0.0,330-846,충청남도 천안시 동남구 목천읍 신계리 ***번지,충청남도 천안시 동남구 목천읍 신계*길 **,,천안자연농원,2015-07-06 13:30,I,2018-08-31 23:59,,217754.4614,363349.8766,가축사육업,,794,0,0.0,한우,9,127.19677201640249,36.771341486424625
13755,가축사육업,2005-12-16,,1,영업/정상,0,정상,,,,,,0.0,330-893,충청남도 천안시 동남구 성남면 대흥리 ***-*번지,,,대흥농장,2020-02-04 11:33,U,2020-02-06 2:40,,220557.2405,358800.3755,가축사육업,,650,0,0.0,한우,11,127.22804347633266,36.730289213926866
13755,가축사육업,2005-12-16,,1,영업/정상,0,정상,,,,,,0.0,330-893,충청남도 천안시 동남구 성남면 대흥리 ***-*번지,,,대흥농장,2020-02-04 11:33,U,2020-02-06 2:40,,220557.2405,358800.3755,가축사육업,,650,0,0.0,한우,21,127.22804347633266,36.730289213926866
13755,가축사육업,2005-12-16,,1,영업/정상,0,정상,,,,,,0.0,330-893,충청남도 천안시 동남구 성남면 대흥리 ***-*번지,,,대흥농장,2020-02-04 11:33,U,2020-02-06 2:40,,220557.2405,358800.3755,가축사육업,,650,0,0.0,한우,200,127.22804347633266,36.730289213926866
13755,가축사육업,2005-12-16,,1,영업/정상,0,정상,,,,,,0.0,330-893,충청남도 천안시 동남구 성남면 대흥리 ***-*번지,,,대흥농장,2020-02-04 11:33,U,2020-02-06 2:40,,220557.2405,358800.3755,가축사육업,,650,0,0.0,한우,19800,127.22804347633266,36.730289213926866
13756,가축사육업,2005-12-16,,1,영업/정상,0,정상,,,,,,0.0,330-893,충청남도 천안시 동남구 성남면 대흥리 ***-*번지,,,대흥농장,2016-03-14 19:05,I,2018-08-31 23:59,,220661.3509,358779.6459,가축사육업,,651,0,0.0,한우,11,127.22920842243327,36.73010016520586
13756,가축사육업,2005-12-16,,1,영업/정상,0,정상,,,,,,0.0,330-893,충청남도 천안시 동남구 성남면 대흥리 ***-*번지,,,대흥농장,2016-03-14 19:05,I,2018-08-31 23:59,,220661.3509,358779.6459,가축사육업,,651,0,0.0,한우,21,127.22920842243327,36.73010016520586
13756,가축사육업,2005-12-16,,1,영업/정상,0,정상,,,,,,0.0,330-893,충청남도 천안시 동남구 성남면 대흥리 ***-*번지,,,대흥농장,2016-03-14 19:05,I,2018-08-31 23:59,,220661.3509,358779.6459,가축사육업,,651,0,0.0,한우,200,127.22920842243327,36.73010016520586
13756,가축사육업,2005-12-16,,1,영업/정상,0,정상,,,,,,0.0,330-893,충청남도 천안시 동남구 성남면 대흥리 ***-*번지,,,대흥농장,2016-03-14 19:05,I,2018-08-31 23:59,,220661.3509,358779.6459,가축사육업,,651,0,0.0,한우,19800,127.22920842243327,36.73010016520586
13757,가축사육업,2005-06-30,,1,영업/정상,0,정상,,,,,,0.0,330-871,"충청남도 천안시 동남구 동면 구도리 *** 외 *필지(***,***,***)",충청남도 천안시 동남구 동면 구도*길 **-**,31260,은열목장,2022-02-11 14:46,U,2022-02-13 2:40,,230352.0623,362241.4259,가축사육업,,378,0,0.0,젖소,57,127.33783123246175,36.76103459880387
13758,가축사육업,2005-07-01,,1,영업/정상,0,정상,,,,,561-1674,0.0,330-861,충청남도 천안시 동남구 병천면 병천리 **-*,충청남도 천안시 동남구 병천면 개목고개길 **-**,,은신목장,2022-02-11 14:34,U,2022-02-13 2:40,,227143.6633,363533.8583,가축사육업,,379,0,0.0,젖소,40,127.3019453414045,36.77277769897733
13759,가축사육업,2005-12-21,,1,영업/정상,0,정상,,,,,,0.0,330-892,충청남도 천안시 동남구 성남면 신사리 ***,충청남도 천안시 동남구 성남면 신사*길 **-**,,송림한우농장,2023-06-13 16:49,U,2023-06-15 2:40,,220740.2892,360814.0699,가축사육업,,676,0,0.0,한우,30,127.23014717840165,36.74843080647659
13760,가축사육업,2005-12-21,,1,영업/정상,0,정상,,,,,567-9631,0.0,330-872,"충청남도 천안시 동남구 동면 수남리 ***-*번지 ***-*, ***-*",충청남도 천안시 동남구 동면 수남*길 **,31261,선농장,2016-02-02 14:44,I,2018-08-31 23:59,,233077.2134,363379.1426,가축사육업,,677,0,0.0,한우,95,127.36840003982196,36.771195556900295
13761,가축사육업,2005-12-21,,1,영업/정상,0,정상,,,,,,0.0,330-862,"충청남도 천안시 동남구 병천면 관성리 ***-** 외 *(***-**, ***-**, ***-**)",충청남도 천안시 동남구 병천면 도원가정길 **-**,31240,음메농장,2022-06-08 16:54,U,2022-06-10 2:40,,228854.6091,366461.7628,가축사육업,,678,0,0.0,한우,150,127.32122019515624,36.79911046404899
13762,가축사육업,2007-10-05,,1,영업/정상,0,정상,,,,,,0.0,330-862,충청남도 천안시 동남구 병천면 도원리 *** 외 *필지,,,자연알로(병천),2022-10-12 20:54,U,2022-10-14 2:40,,227864.7251,365402.6685,가축사육업,,798,0,0.0,종계/산란계,0,127.31009008470572,36.78959659955068
13763,가축사육업,2007-10-19,,1,영업/정상,0,정상,,,,,,0.0,331-808,충청남도 천안시 서북구 성환읍 와룡리 ***-**번지,충청남도 천안시 서북구 성환읍 와우*길 **-*,,보성목장,2015-11-16 16:43,I,2018-08-31 23:59,,209324.4985,383034.2043,가축사육업,,799,0,0.0,젖소,55,127.10258872181353,36.948835851881064
13764,가축사육업,2007-11-21,,1,영업/정상,0,정상,,,,,581-9086,0.0,330-808,충청남도 천안시 서북구 성환읍 신방리 ***-*번지,충청남도 천안시 서북구 성환읍 방축길 ***,,포일농장,2017-04-11 11:44,I,2018-08-31 23:59,,207232.2534,382208.1115,가축사육업,,802,0,0.0,한우,21,127.07909153791019,36.94141031258636
13765,가축사육업,2007-12-10,,1,영업/정상,0,정상,,,,,581-4139,0.0,330-811,충청남도 천안시 서북구 직산읍 군서리 ***-*번지,충청남도 천안시 서북구 직산읍 군서*길 **-**,31032,충청농장,2016-10-27 15:22,I,2018-08-31 23:59,,214086.2279,377809.3981,가축사육업,,803,0,0.0,한우,20,127.15595115039504,36.90169715005559
13765,가축사육업,2007-12-10,,1,영업/정상,0,정상,,,,,581-4139,0.0,330-811,충청남도 천안시 서북구 직산읍 군서리 ***-*번지,충청남도 천안시 서북구 직산읍 군서*길 **-**,31032,충청농장,2016-10-27 15:22,I,2018-08-31 23:59,,214086.2279,377809.3981,가축사육업,,803,0,0.0,한우,44,127.15595115039504,36.90169715005559
13766,가축사육업,2005-06-28,,1,영업/정상,0,정상,,,,,522-0587,0.0,330-882,"충청남도 천안시 동남구 수신면 장산리 **-*번지 ,**-* 번지","충청남도 천안시 동남구 수신면 장산*길 ** (,**-* 번지)",,큰제일목장,2014-02-22 17:23,I,2018-08-31 23:59,,227285.6187,358852.4793,가축사육업,,356,0,0.0,젖소,70,127.30336850340395,36.73058969677102
13767,가축사육업,2005-06-28,,1,영업/정상,0,정상,,,,,522-3873,0.0,330-882,충청남도 천안시 동남구 수신면 장산리 ***-*번지 외 *필지,,,지연목장,2015-11-09 11:35,I,2018-08-31 23:59,,226006.2415,360897.7793,가축사육업,,357,0,0.0,젖소,85,127.28911547575875,36.7490557800994
13768,가축사육업,2005-06-28,,1,영업/정상,0,정상,,,,,522-3890,0.0,330-881,"충청남도 천안시 동남구 수신면 백자리 *** 외 *(***-*,***-*,***)",충청남도 천안시 동남구 수신면 백자*길 ***,31250,한신목장,2020-08-24 11:12,U,2020-08-26 2:40,,225265.4457,356501.7182,가축사육업,,358,0,0.0,한우,90,127.28067544289493,36.7094625738811
13769,가축사육업,2005-06-28,,1,영업/정상,0,정상,,,,,522-9347,0.0,330-881,충청남도 천안시 동남구 수신면 백자리 ***-*,충청남도 천안시 동남구 수신면 백자*길 ***,31250,시온목장,2022-06-09 9:11,U,2022-06-11 2:40,,225326.5023,356489.1585,가축사육업,,359,0,0.0,한우,0,127.28135836300532,36.7093477763264
13770,가축사육업,2005-06-28,,1,영업/정상,0,정상,,,,,,0.0,330-882,충청남도 천안시 동남구 수신면 속창리 ***-*,충청남도 천안시 동남구 수신면 속창*길 **-**,,삼안목장,2021-03-05 15:18,U,2021-03-07 2:40,,224654.5114,358942.0258,가축사육업,,360,0,0.0,한우,32,127.27391643366808,36.73146837933057
13771,가축사육업,2005-06-30,,1,영업/정상,0,정상,,,,,567-5377,0.0,330-872,"충청남도 천안시 동남구 동면 수남리 ***-* 외 *필지(***.-*,***,***)",충청남도 천안시 동남구 동면 수남*길 **,31261,청운목장,2022-02-11 14:42,U,2022-02-13 2:40,,234766.4452,363322.3497,가축사육업,,364,0,0.0,젖소,120,127.38731799537045,36.77062349061944
13772,가축사육업,2009-03-25,,1,영업/정상,0,정상,,,,,554-9582,0.0,330-871,"충청남도 천안시 동남구 동면 동산리 *** ***,***","충청남도 천안시 동남구 동면 동산행암길 *** (***,***)",,동선목장,2021-03-08 15:33,U,2021-03-10 2:40,,231700.5582,365622.147,가축사육업,,912,0,0.0,젖소,80,127.35307359020233,36.7914540085759
13773,가축사육업,2009-04-07,,1,영업/정상,0,정상,,,,,,0.0,330-843,충청남도 천안시 동남구 목천읍 운전리 ***-*번지,,,운전교차로목장,2020-03-29 11:32,U,2020-03-31 2:40,,222314.7006,362283.2077,가축사육업,,913,0,0.0,한우,30,127.24781949036576,36.761633665249086
13774,가축사육업,2009-04-14,,1,영업/정상,0,정상,,,,,566-6245,0.0,330-844,충청남도 천안시 동남구 목천읍 소사리 ***-*번지,충청남도 천안시 동남구 목천읍 소사*길 **-**,,소사목장,2014-05-28 11:47,I,2018-08-31 23:59,,215464.3609,359311.4854,가축사육업,,915,0,0.0,한우,10,127.17103939456719,36.734991134567544
13775,가축사육업,2004-10-05,,1,영업/정상,0,정상,,,,,577-6360,0.0,330-911,충청남도 천안시 동남구 풍세면 남관리 *** 외 *필지(***),충청남도 천안시 동남구 풍세면 잔다리길 **-**,31213,일웅농장,2023-02-14 20:35,U,2023-02-16 2:40,,210210.2298,361466.277,가축사육업,,27,0,0.0,육계,60000,127.11224468599883,36.75447892108062
13776,가축사육업,2004-10-05,,1,영업/정상,0,정상,,,,,,0.0,330-911,충청남도 천안시 동남구 풍세면 가송리 ***,충청남도 천안시 동남구 풍세면 성엽자기길 **,31216,영창농장,2024-01-28 20:43,U,2024-01-30 2:40,,212831.2494,357866.535,가축사육업,,29,0,0.0,종계/산란계,151200,127.14153593243748,36.72200954032729
13777,가축사육업,2004-10-07,,1,영업/정상,0,정상,,,,,,0.0,330-911,충청남도 천안시 동남구 풍세면 가송리 ***-*,충청남도 천안시 동남구 풍세면 송정*길 **,,오성농장,2023-10-13 15:25,U,2023-10-15 2:40,,213151.9471,358335.6551,가축사육업,,30,0,0.0,종계/산란계,58240,127.14513377060881,36.72623248583542
13777,가축사육업,2004-10-07,,1,영업/정상,0,정상,,,,,,0.0,330-911,충청남도 천안시 동남구 풍세면 가송리 ***-*,충청남도 천안시 동남구 풍세면 송정*길 **,,오성농장,2023-10-13 15:25,U,2023-10-15 2:40,,213151.9471,358335.6551,가축사육업,,30,0,0.0,종계/산란계,1,127.14513377060881,36.72623248583542
13777,가축사육업,2004-10-07,,1,영업/정상,0,정상,,,,,,0.0,330-911,충청남도 천안시 동남구 풍세면 가송리 ***-*,충청남도 천안시 동남구 풍세면 송정*길 **,,오성농장,2023-10-13 15:25,U,2023-10-15 2:40,,213151.9471,358335.6551,가축사육업,,30,0,0.0,종계/산란계,2100,127.14513377060881,36.72623248583542
13778,가축사육업,2005-04-04,,1,영업/정상,0,정상,,,,,523-9939,0.0,330-871,"충청남도 천안시 동남구 동면 구도리 ***-* , ***-* 번지",충청남도 천안시 동남구 동면 구도*길 **,31260,(주)해성애니멀,2021-01-14 14:21,U,2021-01-16 2:40,,230000.1569,362290.7547,가축사육업,,212,L00,0.0,돼지,0,127.33389208870176,36.76149026915078
13779,가축사육업,2005-07-05,,1,영업/정상,0,정상,,,,,,0.0,,충청남도 천안시 동남구 동면 송연리 **번지 외*(**),,,수성목장,2020-05-25 17:49,U,2020-05-27 2:40,,232672.4438,364431.0677,가축사육업,,381,0,0.0,한우,0,127.36391131048953,36.780688368412505
13780,가축사육업,2005-07-05,,1,영업/정상,0,정상,,,,,523-4139,0.0,330-871,충청남도 천안시 동남구 동면 광덕리 **-* 외 *필지,충청남도 천안시 동남구 동면 동산광덕길 ***-**,31258,새터목장,2022-02-11 14:47,U,2022-02-13 2:40,,231104.111,365283.0915,가축사육업,,383,0,0.0,젖소,75,127.34637738751037,36.7884185350984
13781,가축사육업,2005-07-05,,1,영업/정상,0,정상,,,,,523-9537,0.0,330-871,충청남도 천안시 동남구 동면 광덕리 ** 외 *필지,충청남도 천안시 동남구 동면 동산광덕길 ***-**,31258,풍요목장,2022-02-11 14:44,U,2022-02-13 2:40,,231172.3427,365365.8529,가축사육업,,385,0,0.0,젖소,76,127.34714518024707,36.78916205347471
13782,가축사육업,2005-07-05,,1,영업/정상,0,정상,,,,,523-9872,0.0,330-871,충청남도 천안시 동남구 동면 광덕리 ***-* 외 *(***),"충청남도 천안시 동남구 동면 광덕*길 **-*, 송이목장",31258,송이목장,2022-02-11 14:29,U,2022-02-13 2:40,,230879.027,365545.1164,가축사육업,,386,0,0.0,젖소,52,127.34386631334533,36.79078696399236
13783,가축사육업,2005-07-05,,1,영업/정상,0,정상,,,,,554-4230,0.0,330-871,충청남도 천안시 동남구 동면 광덕리 ***-*,충청남도 천안시 동남구 동면 동산광덕길 ***-**,,덕우목장,2021-11-01 20:52,U,2021-11-03 2:40,,230112.4734,366041.7588,가축사육업,,387,0,0.0,젖소,73,127.33529775055143,36.795286783464974
13784,가축사육업,2005-07-11,,1,영업/정상,0,정상,,,,,564-3456,0.0,330-851,충청남도 천안시 동남구 북면 대평리 ***,충청남도 천안시 동남구 북면 대평*길 **-*,,덕은목장,2023-02-10 9:35,U,2023-02-12 2:40,,225403.2328,374422.6062,가축사육업,,388,0,0.0,한우,77,127.28281332708066,36.87094340151965
13785,가축사육업,2005-12-26,,1,영업/정상,0,정상,,,,,581-2462,0.0,330-801,충청남도 천안시 서북구 성환읍 대홍리 산 *번지,,,토종꼬꼬2농장,2016-11-24 17:46,I,2018-08-31 23:59,,,,가축사육업,,716,0,0.0,종계/산란계,0,127.140771582033,36.9385114965909
13786,가축사육업,2005-12-26,,1,영업/정상,0,정상,,,,,,0.0,330-846,"충청남도 천안시 동남구 목천읍 신계리 **-* 외 *필지(**-*,*,*,*,**)",충청남도 천안시 동남구 목천읍 충절로 ****,31233,농업회사법인천안농산주식회사,2023-05-25 14:18,U,2023-05-27 2:40,,219866.3772,363861.9587,가축사육업,,720,L00,0.0,돼지,9800,127.22044060280433,36.77591412396648
13787,가축사육업,2005-12-26,,1,영업/정상,0,정상,,,,,,0.0,330-808,충청남도 천안시 서북구 성환읍 신방리 ***-**번지,,,원목장,2020-02-04 11:36,U,2020-02-06 2:40,,207360.0027,382606.5778,가축사육업,,721,0,0.0,젖소,85,127.08052946686348,36.9449998451537
13788,가축사육업,2004-11-03,,1,영업/정상,0,정상,,,,,,0.0,330-825,충청남도 천안시 서북구 입장면 시장리 ***-*번지,충청남도 천안시 서북구 입장면 위례산길 ***-*,31059,세민농장,2017-02-24 11:22,I,2018-08-31 23:59,,220573.6682,376796.4481,가축사육업,,87,0,0.0,돼지,900,127.22871215826125,36.89245093986748
13789,가축사육업,2004-11-03,,1,영업/정상,0,정상,,,,2014-09-26,,0.0,330-825,충청남도 천안시 서북구 입장면 호당리 **,충청남도 천안시 서북구 입장면 호계길 **-*,,호원농장,2022-07-08 13:44,U,2022-07-10 2:40,,220933.7464,375831.0999,가축사육업,,88,0,0.0,돼지,1100,127.232725143213,36.883744440696454
13790,가축사육업,2004-11-03,,1,영업/정상,0,정상,,,,,,0.0,330-825,충청남도 천안시 서북구 입장면 호당리 ***-*,충청남도 천안시 서북구 입장면 호계길 **-*,,전원농장,2023-05-31 10:19,U,2023-06-02 2:40,,221170.9766,376062.9832,가축사육업,,89,0,0.0,돼지,1000,127.2353926646767,36.88582863524868
13791,가축사육업,2004-11-03,,1,영업/정상,0,정상,,,,,041-585-5029,0.0,330-825,충청남도 천안시 서북구 입장면 시장리 ***-*번지,,,병준농장,2016-03-22 10:20,I,2018-08-31 23:59,,220351.8108,376870.3007,가축사육업,,90,0,0.0,돼지,700,127.22622522077224,36.89312120777625
13792,가축사육업,2004-11-05,,1,영업/정상,0,정상,,,,,,0.0,330-863,충청남도 천안시 동남구 병천면 송정리 ***-*,,,대길농장,2024-01-31 10:56,U,2024-02-02 2:40,,230313.4777,359590.222,가축사육업,,92,0,0.0,한우,72,127.33729410662497,36.7371458826497
13792,가축사육업,2004-11-05,,1,영업/정상,0,정상,,,,,,0.0,330-863,충청남도 천안시 동남구 병천면 송정리 ***-*,,,대길농장,2024-01-31 10:56,U,2024-02-02 2:40,,230313.4777,359590.222,가축사육업,,92,0,0.0,한우,109,127.33729410662497,36.7371458826497
13793,가축사육업,2004-11-08,,1,영업/정상,0,정상,,,,,,0.0,330-892,충청남도 천안시 동남구 성남면 신사리 *** *통,충청남도 천안시 동남구 성남면 신사운전길 ***,,대웅돈 유전자,2023-12-05 11:06,U,2023-12-07 2:40,,221672.6689,361612.3552,가축사육업,,97,0,0.0,돼지,123,127.24061010860324,36.755603426799446
13794,가축사육업,2004-11-08,,1,영업/정상,0,정상,,,,,553-2765,0.0,330-844,충청남도 천안시 동남구 목천읍 소사리 ***-*,충청남도 천안시 동남구 목천읍 소사*길 **-*,,안동목장,2022-02-11 14:51,U,2022-02-13 2:40,,215698.5523,359330.8084,가축사육업,,98,0,0.0,젖소,60,127.17366170615922,36.73516142895403
13795,가축사육업,2004-11-08,,1,영업/정상,0,정상,,,,,566-7368,0.0,330-912,충청남도 천안시 동남구 풍세면 용정리 ***-*번지,충청남도 천안시 동남구 풍세면 태학산로 ***,,삼화양돈,2014-12-02 20:10,I,2018-08-31 23:59,,209466.1177,360429.663,가축사육업,,99,0,0.0,돼지,0,127.10389900097005,36.74514553223228
13796,가축사육업,2005-07-19,,1,영업/정상,0,정상,,,,,566-7596,0.0,330-912,"충청남도 천안시 동남구 풍세면 용정리 ***-*번지 외 *필지(***-*, ***-*, ***-*)",충청남도 천안시 동남구 풍세면 돈마루*길 **-*,31214,삼관목장,2019-11-06 9:11,U,2019-11-08 2:40,,208766.7357,359678.3051,가축사육업,,432,0,0.0,한우,229,127.09605937513645,36.73838161495698
13796,가축사육업,2005-07-19,,1,영업/정상,0,정상,,,,,566-7596,0.0,330-912,"충청남도 천안시 동남구 풍세면 용정리 ***-*번지 외 *필지(***-*, ***-*, ***-*)",충청남도 천안시 동남구 풍세면 돈마루*길 **-*,31214,삼관목장,2019-11-06 9:11,U,2019-11-08 2:40,,208766.7357,359678.3051,가축사육업,,432,0,0.0,한우,342,127.09605937513645,36.73838161495698
13797,가축사육업,2018-05-23,,1,영업/정상,0,정상,,,,,,,,충청남도 천안시 동남구 북면 대평리 ***-*,충청남도 천안시 동남구 북면 대평*길 **-**[*미고시],31062,성화목장,2021-03-30 3:21,U,2021-04-01 2:40,,225606.098,374635.6934,가축사육업,,1426,0,0.0,한우,83,127.28509569726485,36.872858033695174
13798,가축사육업,2005-04-01,,1,영업/정상,0,정상,,,,,551-9063,0.0,330-881,충청남도 천안시 동남구 수신면 백자리 ***번지,충청남도 천안시 동남구 수신면 백자*길 **-**,,한버들농장,2014-07-24 17:26,I,2018-08-31 23:59,,224686.6967,356123.9605,가축사육업,,191,0,0.0,한우,100,127.27418602863617,36.70607373290914
13799,가축사육업,2005-04-01,,1,영업/정상,0,정상,,,,,,0.0,330-881,충청남도 천안시 동남구 수신면 백자리 ***-* ***-*외 *필지,충청남도 천안시 동남구 수신면 백자*길 *** (***-*외 *필지),,한신한우목장,2023-06-30 9:53,U,2023-07-02 2:40,,225333.4462,356521.2803,가축사육업,,194,0,0.0,한우,55,127.28143713854975,36.70963704412021
13800,가축사육업,2005-04-01,,1,영업/정상,0,정상,,,,,,0.0,,충청남도 천안시 동남구 수신면 발산리 ***번지 외 *(***),충청남도 천안시 동남구 수신면 발산*길 ***,31250,수석농장,2019-12-10 20:02,U,2019-12-12 2:40,,225498.5248,357514.1341,가축사육업,,195,0,0.0,한우,130,127.28331768166926,36.71857932598334
13801,가축사육업,2005-04-01,,1,영업/정상,0,정상,,,,,522-9082,0.0,330-881,충청남도 천안시 동남구 수신면 백자리 *-*번지,충청남도 천안시 동남구 수신면 발산*길 ***-**,,의환목장,2017-08-05 15:02,I,2018-08-31 23:59,,225771.0109,357342.9665,가축사육업,,196,0,0.0,한우,150,127.28636190481211,36.71702958864566
13802,가축사육업,2009-02-27,,1,영업/정상,0,정상,,,,,557-8254,0.0,330-842,충청남도 천안시 동남구 목천읍 동리 **,충청남도 천안시 동남구 목천읍 동리*길 ***,,고덕농장,2020-12-15 11:05,U,2020-12-17 2:40,,221831.1727,365971.0267,가축사육업,,904,0,0.0,한우,0,127.2425095125434,36.79487586527567
13803,가축사육업,2009-02-27,,1,영업/정상,0,정상,,,,,557-2216,0.0,330-842,충청남도 천안시 동남구 목천읍 동리 **-*번지,충청남도 천안시 동남구 목천읍 동리*길 ***-*,,자연농장,2013-11-13 20:16,I,2018-08-31 23:59,,221205.5857,365616.6201,가축사육업,,905,0,0.0,한우,43000,127.23549043143407,36.79169647544251
13803,가축사육업,2009-02-27,,1,영업/정상,0,정상,,,,,557-2216,0.0,330-842,충청남도 천안시 동남구 목천읍 동리 **-*번지,충청남도 천안시 동남구 목천읍 동리*길 ***-*,,자연농장,2013-11-13 20:16,I,2018-08-31 23:59,,221205.5857,365616.6201,가축사육업,,905,0,0.0,한우,9,127.23549043143407,36.79169647544251
13804,가축사육업,2009-02-27,,1,영업/정상,0,정상,,,,,,0.0,330-851,충청남도 천안시 동남구 북면 양곡리 ***,,,헌형농장,2021-01-06 17:47,U,2021-01-08 2:40,,225312.9006,372464.1669,가축사육업,,906,0,0.0,한우,20,127.281735113558,36.853298605987646
13805,가축사육업,2004-10-27,,1,영업/정상,0,정상,,,,,,0.0,330-911,"충청남도 천안시 동남구 풍세면 가송리 ***-* ***,***-*",충청남도 천안시 동남구 풍세면 송정*길 **,31216,애그빌농장,2022-12-05 9:41,U,2022-12-07 2:40,,213021.4038,358545.4641,가축사육업,,38,0,0.0,종계/산란계,0,127.14367597838078,36.728124894629175
13806,가축사육업,2005-07-11,,1,영업/정상,0,정상,,,,,,0.0,330-872,"충청남도 천안시 동남구 동면 죽계리 ***-* 외 *(***-*,***-*)",충청남도 천안시 동남구 동면 죽계리*길 **,31259,대진목장,2022-06-21 9:47,U,2022-06-23 2:40,,233684.7847,365862.6079,가축사육업,,398,0,0.0,젖소,145,127.37531476026899,36.79355245042259
13807,가축사육업,2005-07-11,,1,영업/정상,0,정상,,,,,523-2544,0.0,330-871,충청남도 천안시 동남구 동면 광덕리 **-* 외*(**),"충청남도 천안시 동남구 동면 동산광덕길 **, 화산목장",31258,화산목장,2022-02-11 14:39,U,2022-02-13 2:40,,231116.9752,364755.3065,가축사육업,,399,0,0.0,젖소,60,127.34650000959692,36.78366228752833
13808,가축사육업,2005-07-11,,1,영업/정상,0,정상,,,,,553-4290,0.0,330-871,충청남도 천안시 동남구 동면 화계리 ** ***번지,충청남도 천안시 동남구 동면 화계*길 ** (***번지),,화성목장,2022-12-26 9:37,U,2022-12-28 2:40,,230301.5214,364410.9011,가축사육업,,400,0,0.0,젖소,70,127.33735119722739,36.78058523851326
13808,가축사육업,2005-07-11,,1,영업/정상,0,정상,,,,,553-4290,0.0,330-871,충청남도 천안시 동남구 동면 화계리 ** ***번지,충청남도 천안시 동남구 동면 화계*길 ** (***번지),,화성목장,2022-12-26 9:37,U,2022-12-28 2:40,,230301.5214,364410.9011,가축사육업,,400,0,0.0,젖소,0,127.33735119722739,36.78058523851326
13809,가축사육업,2005-07-11,,1,영업/정상,0,정상,,,,,553-9047,0.0,330-892,충청남도 천안시 동남구 성남면 신사리 **-*번지,충청남도 천안시 동남구 성남면 성심원길 ***-**,,한심목장,2015-11-09 8:57,I,2018-08-31 23:59,,221759.374,360941.9834,가축사육업,,403,0,0.0,젖소,60,127.24156203369435,36.74956069312002
13810,가축사육업,2005-07-11,,1,영업/정상,0,정상,,,,,553-0543,0.0,330-892,충청남도 천안시 동남구 성남면 신사리 **-*번지 외 *필지,충청남도 천안시 동남구 성남면 세성로 *** (외 *필지),,성민농장,2015-11-09 15:57,I,2018-08-31 23:59,,222356.1747,360490.7167,가축사육업,,405,0,0.0,한우,90,127.24823164379875,36.74548047294598
13811,가축사육업,2005-07-11,,1,영업/정상,0,정상,,,,,553-0539,0.0,330-892,충청남도 천안시 동남구 성남면 화성리 ***,충청남도 천안시 동남구 성남면 성심원길 **-**,,성양목장,2022-03-08 10:05,U,2022-03-10 2:40,,222522.8911,361246.9517,가축사육업,,407,0,0.0,육우,85,127.25012061952322,36.752291015429364
13812,가축사육업,2009-12-01,,1,영업/정상,0,정상,,,,,565-6741,0.0,330-922,충청남도 천안시 동남구 광덕면 원덕리 ***-*번지,충청남도 천안시 동남구 광덕면 쌍령*길 ***-*,,밤골2농장,2013-07-18 10:37,I,2018-08-31 23:59,,209907.2619,351152.2223,가축사육업,,933,0,0.0,한우,10,127.10871922528521,36.66154026768317
13813,가축사육업,2010-02-03,,1,영업/정상,0,정상,,,,,,0.0,330-871,충청남도 천안시 동남구 동면 동산리 산 **번지,충청남도 천안시 동남구 동면 동산*길 **-**,,모산목장,2013-07-05 12:29,I,2018-08-31 23:59,,232564.9051,365637.2567,가축사육업,,936,0,0.0,한우,10,127.36275807638486,36.79156090953068
13814,가축사육업,2010-02-03,,1,영업/정상,0,정상,,,,,,0.0,330-871,"충청남도 천안시 동남구 동면 동산리 ***-* 외 *(***-*,*,*)",충청남도 천안시 동남구 동면 동산행암길 **-*,31258,동영목장,2022-02-11 14:42,U,2022-02-13 2:40,,231892.3961,364760.6436,가축사육업,,937,0,0.0,젖소,266,127.3551869056329,36.78368465926438
13815,가축사육업,2010-02-18,,1,영업/정상,0,정상,,,,,,0.0,330-841,충청남도 천안시 동남구 목천읍 천정리 **번지,충청남도 천안시 동남구 목천읍 천정*길 **,,대전충남양돈농협인공수정센터,2020-03-26 16:11,U,2020-03-28 2:40,,218579.8585,362065.7461,가축사육업,,939,L00,0.0,돼지,109,127.2059860281456,36.75975435938006
13816,가축사육업,2010-02-22,,1,영업/정상,0,정상,,,,,557-2300,0.0,330-850,충청남도 천안시 동남구 북면 은지리 ***-*번지,,,연아농장,2019-08-19 14:06,U,2019-08-21 2:40,,223625.7316,363896.2885,가축사육업,,941,0,0.0,한우,0,127.26255209283053,36.77613749857004
13817,가축사육업,2010-02-25,,1,영업/정상,0,정상,,,,,555-1517,0.0,330-923,충청남도 천안시 동남구 광덕면 무학리 *** 외 *필지(***-*),충청남도 천안시 동남구 광덕면 신흥리*길 **,31222,광덕중부권영농조합법인,2023-01-16 20:32,U,2023-01-18 2:40,,210153.1593,354385.1403,가축사육업,,942,L00,0.0,한우,200,127.11151214830103,36.69067026698666
13818,가축사육업,2010-02-25,,1,영업/정상,0,정상,,,,,564-6668,0.0,,"충청남도 천안시 동남구 목천읍 소사리 ***-* 외 *필지(***-*, ***)",충청남도 천안시 동남구 목천읍 소사*길 **,31227,은행목장,2021-03-30 2:12,U,2021-04-01 2:40,,214808.2329,359251.7651,가축사육업,,943,0,0.0,한우,46,127.1636924846446,36.73446340326921
13819,가축사육업,2010-03-09,,1,영업/정상,0,정상,,,,,,0.0,330-912,충청남도 천안시 동남구 풍세면 용정리 ***-*번지,충청남도 천안시 동남구 풍세면 돈마루*길 **,,태산농장,2020-03-30 14:55,U,2020-04-01 2:40,,208840.0774,359932.7687,가축사육업,,944,0,0.0,한우,2,127.09688344227297,36.74067394669297
13820,가축사육업,2010-03-16,,1,영업/정상,0,정상,,,,,,0.0,331-802,충청남도 천안시 서북구 성환읍 도하리 ***-*번지,충청남도 천안시 서북구 성환읍 연암로 ***-**,31005,애플축산,2017-07-24 16:48,I,2018-08-31 23:59,,214118.9984,383071.3321,가축사육업,,945,0,0.0,종계/산란계,13000,127.15641651853039,36.94911107968669
13821,가축사육업,2004-10-08,,1,영업/정상,0,정상,,,,,,0.0,330-844,충청남도 천안시 동남구 목천읍 도장리 ** 외*필지,,,신기농장,2023-12-04 14:18,U,2023-12-06 2:40,,217138.4081,361196.126,가축사육업,,33,0,0.0,돼지,2000,127.18982349248468,36.751945184591115
13822,가축사육업,2004-10-08,,1,영업/정상,0,정상,,,,,,0.0,330-882,충청남도 천안시 동남구 수신면 장산리 *** 외 *필지,충청남도 천안시 동남구 수신면 장산동길 ***-**,31252,주식회사 농업회사법인 정원팜스(3),2022-07-13 16:24,U,2022-07-15 2:40,,227263.4189,360873.3253,가축사육업,,34,L00,0.0,돼지,4500,127.30319191680134,36.74880022720141
13823,가축사육업,2005-06-30,,1,영업/정상,0,정상,,,,,554-4350,0.0,330-872,충청남도 천안시 동남구 동면 송연리 ***-*,충청남도 천안시 동남구 동면 화복로 **,,승연목장,2020-07-27 10:49,U,2020-07-29 2:40,,232621.3057,364290.0075,가축사육업,,367,0,0.0,한우,28,127.36333243498476,36.77941904553234
13824,가축사육업,2005-06-30,,1,영업/정상,0,정상,,,,,,0.0,,충청남도 천안시 동남구 동면 송연리 ***-**,충청남도 천안시 동남구 동면 장송죽계길 **-*,31260,형제목장,2021-11-12 11:00,U,2021-11-14 2:40,,232671.9211,364341.9113,가축사육업,,368,0,0.0,한우,53,127.36390164276673,36.779885006322
13825,가축사육업,2005-06-30,,1,영업/정상,0,정상,,,,,554-9582,0.0,330-871,충청남도 천안시 동남구 동면 동산리 *** 외 *필지,충청남도 천안시 동남구 동면 동산행암길 **-* (외 *필지),,동선2목장,2022-02-11 14:43,U,2022-02-13 2:40,,231674.4433,365101.4854,가축사육업,,369,0,0.0,젖소,90,127.3527594154742,36.78676324786912
13826,가축사육업,2005-06-30,,1,영업/정상,0,정상,,,,,523-4319,0.0,330-871,충청남도 천안시 동남구 동면 광덕리 ***-* 외 *필지(***-*),충청남도 천안시 동남구 동면 광덕*길 **-*,31258,옥천목장,2021-04-01 17:01,U,2021-04-03 2:40,,230774.2001,365806.5623,가축사육업,,372,0,0.0,한우,66,127.34270241242602,36.79314623249843
13827,가축사육업,2005-06-30,,1,영업/정상,0,정상,,,,,553-4073,0.0,330-871,충청남도 천안시 동남구 동면 동산리 ***-*번지,,,지현목장,2015-04-06 8:39,I,2018-08-31 23:59,,231683.3724,365010.2883,가축사육업,,376,0,0.0,젖소,35,127.3528556654069,36.78594118124049
13828,가축사육업,2005-06-30,,1,영업/정상,0,정상,,,,,523-4431,0.0,330-871,충청남도 천안시 동남구 동면 광덕리 ***-*,충청남도 천안시 동남구 동면 동산광덕길 ***-*,,정산목장,2023-07-06 9:57,U,2023-07-08 2:40,,230025.3237,366214.1525,가축사육업,,377,0,0.0,젖소,50,127.33432808308801,36.79684296777519
13829,가축사육업,2009-05-19,,1,영업/정상,0,정상,,,,,553-0639,0.0,330-891,충청남도 천안시 동남구 성남면 석곡리 **-**번지 외 *필지(**-**),,,문화농장,2015-11-10 10:20,I,2018-08-31 23:59,,220730.9849,359619.0052,가축사육업,,921,0,0.0,육계,2200,127.23001066279342,36.73766219280827
13829,가축사육업,2009-05-19,,1,영업/정상,0,정상,,,,,553-0639,0.0,330-891,충청남도 천안시 동남구 성남면 석곡리 **-**번지 외 *필지(**-**),,,문화농장,2015-11-10 10:20,I,2018-08-31 23:59,,220730.9849,359619.0052,가축사육업,,921,0,0.0,육계,100000,127.23001066279342,36.73766219280827
13830,가축사육업,2005-12-26,,1,영업/정상,0,정상,,,,,569-9686,0.0,330-872,충청남도 천안시 동남구 동면 화덕리 ***-*번지,충청남도 천안시 동남구 동면 화복로 ***-** (장자농장),31261,장자농장,2016-06-02 14:22,I,2018-08-31 23:59,,235644.3272,362606.7041,가축사육업,,722,0,0.0,육계,30000,127.39711741009198,36.764142354328484
13831,가축사육업,2006-01-10,,1,영업/정상,0,정상,,,,,,0.0,330-813,충청남도 천안시 서북구 직산읍 석곡리 ***-*번지,충청남도 천안시 서북구 직산읍 돌실길 **-***,,우목원,2015-01-08 15:26,I,2018-08-31 23:59,,208432.7398,375989.2024,가축사육업,,724,0,0.0,한우,50,127.09249922132601,36.88536260409491
13832,가축사육업,2007-08-24,,1,영업/정상,0,정상,,,,,,0.0,330-863,충청남도 천안시 동남구 병천면 탑원리 ***-*번지,충청남도 천안시 동남구 병천면 탑원*길 **-*,,동진2농장,2020-04-01 12:54,U,2020-04-03 2:40,,227797.9583,362358.4747,가축사육업,,779,0,0.0,한우,16,127.30923137454106,36.762167432528535
13833,가축사육업,2007-08-24,,1,영업/정상,0,정상,,,,,553-0977,0.0,330-892,충청남도 천안시 동남구 성남면 대흥리 **-*번지,,,두성한우농장,2019-09-06 13:45,U,2019-09-08 2:40,,221628.0189,358793.0307,가축사육업,,780,0,0.0,한우,8,127.24003051119617,36.73019931894441
13834,가축사육업,2007-08-24,,1,영업/정상,0,정상,,,,,,0.0,330-807,충청남도 천안시 서북구 성환읍 율금리 ***번지,,,효섭목장,2020-03-31 16:33,U,2020-04-02 2:40,,209576.0585,377016.2658,가축사육업,,782,0,0.0,한우,16,127.10533735104565,36.8946065522702
13835,가축사육업,2004-10-28,,1,영업/정상,0,정상,,,,,,0.0,331-808,충청남도 천안시 서북구 성환읍 와룡리 ***-*,충청남도 천안시 서북구 성환읍 와우*길 **-**,31000,진원농장,2021-06-17 17:05,U,2021-06-19 2:40,,209267.5403,382814.2947,가축사육업,,80,0,0.0,종계/산란계,53000,127.10194658364281,36.94685484424767
13835,가축사육업,2004-10-28,,1,영업/정상,0,정상,,,,,,0.0,331-808,충청남도 천안시 서북구 성환읍 와룡리 ***-*,충청남도 천안시 서북구 성환읍 와우*길 **-**,31000,진원농장,2021-06-17 17:05,U,2021-06-19 2:40,,209267.5403,382814.2947,가축사육업,,80,0,0.0,종계/산란계,23432,127.10194658364281,36.94685484424767
13836,가축사육업,2004-11-03,,1,영업/정상,0,정상,,,,,041-585-5681,0.0,,"충청남도 천안시 서북구 입장면 호당리 *** 외 *필지(***,***-*,***,***-*)",,,소망농장,2021-06-23 13:58,U,2021-06-25 2:40,,220560.6248,376717.7755,가축사육업,,86,0,0.0,돼지,82000,127.2285637041946,36.8917423163439
13836,가축사육업,2004-11-03,,1,영업/정상,0,정상,,,,,041-585-5681,0.0,,"충청남도 천안시 서북구 입장면 호당리 *** 외 *필지(***,***-*,***,***-*)",,,소망농장,2021-06-23 13:58,U,2021-06-25 2:40,,220560.6248,376717.7755,가축사육업,,86,0,0.0,돼지,500,127.2285637041946,36.8917423163439
13836,가축사육업,2004-11-03,,1,영업/정상,0,정상,,,,,041-585-5681,0.0,,"충청남도 천안시 서북구 입장면 호당리 *** 외 *필지(***,***-*,***,***-*)",,,소망농장,2021-06-23 13:58,U,2021-06-25 2:40,,220560.6248,376717.7755,가축사육업,,86,0,0.0,돼지,20,127.2285637041946,36.8917423163439
13837,가축사육업,2005-03-22,,1,영업/정상,0,정상,,,,,,0.0,331-813,충청남도 천안시 서북구 직산읍 석곡리 ** 외 *필지,충청남도 천안시 서북구 직산읍 돌실길 **-** (외 *필지),,명은농장,2023-11-23 20:01,U,2023-11-25 2:40,,208632.1955,375994.7514,가축사육업,,148,0,0.0,돼지,1300,127.09473669100316,36.88541081691305
13838,가축사육업,2005-09-26,,1,영업/정상,0,정상,,,,,523-4383,0.0,330-872,충청남도 천안시 동남구 동면 죽계리 ***번지,충청남도 천안시 동남구 동면 죽계리*길 **,,상봉1농장,2013-11-12 8:36,I,2018-08-31 23:59,,233328.7894,365758.2727,가축사육업,,505,0,0.0,종계/산란계,3500,127.37132165564911,36.79262486300029
13839,가축사육업,2005-09-26,,1,영업/정상,0,정상,,,,,523-4383,0.0,330-871,충청남도 천안시 동남구 동면 덕성리 ***번지,,,상봉2농장,2016-07-18 11:05,I,2018-08-31 23:59,,233649.0578,366397.0674,가축사육업,,506,0,0.0,종계/산란계,1500,127.37493803515737,36.79836966372288
13839,가축사육업,2005-09-26,,1,영업/정상,0,정상,,,,,523-4383,0.0,330-871,충청남도 천안시 동남구 동면 덕성리 ***번지,,,상봉2농장,2016-07-18 11:05,I,2018-08-31 23:59,,233649.0578,366397.0674,가축사육업,,506,0,0.0,종계/산란계,36,127.37493803515737,36.79836966372288
13840,가축사육업,2005-11-16,,1,영업/정상,0,정상,,,,,553-0501,0.0,,"충청남도 천안시 동남구 성남면 신사리 ** 외*(**-*,*,*)",충청남도 천안시 동남구 성남면 신사대화로 ***,31245,혜경축산,2022-03-10 10:39,U,2022-03-12 2:40,,221546.8433,359956.9712,가축사육업,,599,0,0.0,한우,67,127.23915448003387,36.740689519212
13841,가축사육업,2005-11-16,,1,영업/정상,0,정상,,,,,557-5522,0.0,330-863,충청남도 천안시 동남구 병천면 송정리 ***-*번지,충청남도 천안시 동남구 병천면 송정리*길 **,,준농장,2015-10-16 16:24,I,2018-08-31 23:59,,229818.8207,359351.7709,가축사육업,,600,0,0.0,한우,32,127.33174674845665,36.73501282909194
13842,가축사육업,2010-04-06,,1,영업/정상,0,정상,,,,,553-8714,0.0,330-851,충청남도 천안시 동남구 북면 양곡리 ***번지,,,성공농장,2013-07-18 10:42,I,2018-08-31 23:59,,,,가축사육업,,948,0,0.0,한우,4,127.288650336817,36.8501855328171
13843,가축사육업,2005-11-23,,1,영업/정상,0,정상,,,,,,0.0,,충청남도 천안시 동남구 풍세면 용정리 ***-*,,,도종목장,2020-11-06 19:12,U,2020-11-08 2:40,,208720.1364,359668.4822,가축사육업,,617,0,0.0,한우,20,127.09553753151951,36.73829352548856
13844,가축사육업,2005-11-23,,1,영업/정상,0,정상,,,,,566-0631,0.0,330-912,충청남도 천안시 동남구 풍세면 용정리 ***-*번지 외 *필지(***-*),충청남도 천안시 동남구 풍세면 한우물*길 ** (외 *필지(***-*)),,영월목장,2014-05-30 11:28,I,2018-08-31 23:59,,209740.1122,359124.7756,가축사육업,,618,0,0.0,한우,27,127.10695042350376,36.73338425925032
13845,가축사육업,2005-03-08,,1,영업/정상,0,정상,,,,,,0.0,330-815,충청남도 천안시 서북구 직산읍 부송리 ***-* 외 *필지,충청남도 천안시 서북구 직산읍 부송*길 ** (외 *필지),,일화농장,2021-09-24 16:19,U,2021-09-26 2:40,,211509.198,374989.285,가축사육업,,126,0,0.0,돼지,3100,127.12699447893378,36.876320158031625
13846,가축사육업,2005-03-17,,1,영업/정상,0,정상,,,,,568-6813,0.0,330-921,충청남도 천안시 동남구 광덕면 광덕리 ***-*번지 외 *필지,충청남도 천안시 동남구 광덕면 검단리길 **-** (외 *필지),,현수농장,2015-04-21 17:26,I,2018-08-31 23:59,,204957.9611,351920.844,가축사육업,,128,0,0.0,돼지,1000,127.05336615170611,36.66850483406394
13847,가축사육업,2005-03-17,,1,영업/정상,0,정상,,,,,554-0116,0.0,330-913,충청남도 천안시 동남구 풍세면 풍서리 ***-*번지,,,가송농장,2017-11-16 17:55,I,2018-08-31 23:59,,212003.6133,357774.0678,가축사육업,,131,0,0.0,육계,39246,127.13227013826273,36.721187067561246
13847,가축사육업,2005-03-17,,1,영업/정상,0,정상,,,,,554-0116,0.0,330-913,충청남도 천안시 동남구 풍세면 풍서리 ***-*번지,,,가송농장,2017-11-16 17:55,I,2018-08-31 23:59,,212003.6133,357774.0678,가축사육업,,131,0,0.0,육계,33000,127.13227013826273,36.721187067561246
13848,가축사육업,2005-03-17,,1,영업/정상,0,정상,,,,,567-0480,0.0,,충청남도 천안시 동남구 광덕면 보산원리 ***-*번지,충청남도 천안시 동남구 광덕면 보산원로 **,31218,상만농장,2019-08-20 19:06,U,2019-08-22 2:40,,206565.6005,354426.824,가축사육업,,132,0,0.0,육계,38000,127.07137050328643,36.69107718559626
13849,가축사육업,2005-03-18,,1,영업/정상,0,정상,,,,,555-5759,0.0,330-893,충청남도 천안시 동남구 성남면 신덕리 *** 외*필지(***),충청남도 천안시 동남구 성남면 대흥신덕길 **,31248,성록농장,2022-12-19 14:02,U,2022-12-21 2:40,,222235.1539,358662.6933,가축사육업,,135,0,0.0,육계,19826,127.24682352595454,36.72901085765918
13849,가축사육업,2005-03-18,,1,영업/정상,0,정상,,,,,555-5759,0.0,330-893,충청남도 천안시 동남구 성남면 신덕리 *** 외*필지(***),충청남도 천안시 동남구 성남면 대흥신덕길 **,31248,성록농장,2022-12-19 14:02,U,2022-12-21 2:40,,222235.1539,358662.6933,가축사육업,,135,0,0.0,육계,72000,127.24682352595454,36.72901085765918
13850,가축사육업,2018-07-12,,1,영업/정상,0,정상,,,,,,,,충청남도 천안시 서북구 성환읍 안궁리 ***-*번지,충청남도 천안시 서북구 성환읍 상령길 *-**,31004,한진목장,2018-07-12 12:27,I,2018-08-31 23:59,,212573.7382,385040.0321,가축사육업,,1431,0,0.0,젖소,406,127.13910064598896,36.96687240985002
13850,가축사육업,2018-07-12,,1,영업/정상,0,정상,,,,,,,,충청남도 천안시 서북구 성환읍 안궁리 ***-*번지,충청남도 천안시 서북구 성환읍 상령길 *-**,31004,한진목장,2018-07-12 12:27,I,2018-08-31 23:59,,212573.7382,385040.0321,가축사육업,,1431,0,0.0,젖소,0,127.13910064598896,36.96687240985002
13851,가축사육업,2018-07-12,,1,영업/정상,0,정상,,,,,,,,충청남도 천안시 동남구 풍세면 용정리 ***-*번지,충청남도 천안시 동남구 풍세면 용두*길 **,31214,해솔목장,2018-07-12 12:49,I,2018-08-31 23:59,,210099.7743,360470.407,가축사육업,,1432,0,0.0,젖소,100,127.11099466447057,36.74550619251257
13852,가축사육업,2013-01-24,,1,영업/정상,0,정상,,,,,566-5655,,330-912,충청남도 천안시 동남구 풍세면 보성리 **-*번지 외 *필지(**-*),,,대경농장,2014-03-11 17:32,I,2018-08-31 23:59,,211789.6419,359762.6368,가축사육업,,1055,0,0.0,육계,46000,127.12990552683645,36.73910901315945
13852,가축사육업,2013-01-24,,1,영업/정상,0,정상,,,,,566-5655,,330-912,충청남도 천안시 동남구 풍세면 보성리 **-*번지 외 *필지(**-*),,,대경농장,2014-03-11 17:32,I,2018-08-31 23:59,,211789.6419,359762.6368,가축사육업,,1055,0,0.0,육계,5,127.12990552683645,36.73910901315945
13853,가축사육업,2013-02-20,,1,영업/정상,0,정상,,,,,553-9150,,330-891,충청남도 천안시 동남구 성남면 석곡리 **-**,충청남도 천안시 동남구 성남면 석곡*길 ***,31247,효제농장,2021-03-11 13:54,U,2021-03-13 2:40,,220884.3095,359442.481,가축사육업,,1059,L00,0.0,한우,200,127.23172246941478,36.73606816875478
13854,가축사육업,2013-10-02,,1,영업/정상,0,정상,,,,,,,330-871,충청남도 천안시 동남구 동면 화계리 ***번지,,,화계농장,2020-02-04 13:16,U,2020-02-06 2:40,,230279.4924,364206.2811,가축사육업,,1192,0,0.0,산양,5,127.337096318695,36.778742123535125
13855,가축사육업,2013-10-07,,1,영업/정상,0,정상,,,,,554-3170,,330-891,충청남도 천안시 동남구 성남면 대정리 ***-*,충청남도 천안시 동남구 성남면 대정*길 **-**,,천안메추리농장,2023-08-29 11:09,U,2023-08-31 2:40,,218952.1409,358368.7444,가축사육업,,1193,0,0.0,메추리,100000,127.21006387969415,36.72643302009899
13856,가축사육업,2013-10-07,,1,영업/정상,0,정상,,,,,553-0409,,330-893,충청남도 천안시 동남구 성남면 신덕리 ***-*번지,충청남도 천안시 동남구 성남면 성남신덕*길 ***,,대광농장,2013-10-07 8:44,I,2018-08-31 23:59,,221087.4727,357613.6957,가축사육업,,1194,0,0.0,사슴,13,127.23394673882784,36.719584334637645
13857,가축사육업,2010-11-10,,1,영업/정상,0,정상,,,,,,0.0,330-911,충청남도 천안시 동남구 풍세면 남관리 ***-*,충청남도 천안시 동남구 풍세면 잔다리길 ***-**,,안성2목장,2022-02-11 14:45,U,2022-02-13 2:40,,209765.5013,361428.1123,가축사육업,,973,0,0.0,젖소,78,127.10726392013245,36.75413966649699
13858,가축사육업,2010-11-19,,1,영업/정상,0,정상,,,,,581-6272,0.0,331-808,충청남도 천안시 서북구 성환읍 신방리 ***-*번지,충청남도 천안시 서북구 성환읍 방축길 **,,신무농장,2010-11-19 10:41,I,2018-08-31 23:59,,206985.8749,381796.3418,가축사육업,,974,0,0.0,한우,0,127.07632197971539,36.937701764161496
13859,가축사육업,2010-11-19,,1,영업/정상,0,정상,,,,,,0.0,331-821,충청남도 천안시 서북구 입장면 연곡리 ***-*,충청남도 천안시 서북구 입장면 양령*길 ***,31026,삼조우농장,2022-02-11 15:23,U,2022-02-13 2:40,,215602.6617,384203.0645,가축사육업,,975,0,0.0,젖소,37,127.17309667440989,36.95928557427201
13860,가축사육업,2010-12-06,,1,영업/정상,0,정상,,,,,675-9363,0.0,331-802,충청남도 천안시 서북구 성환읍 양령리 ***-*번지,충청남도 천안시 서북구 성환읍 양령*길 ***,,승현농장,2016-04-21 16:58,I,2018-08-31 23:59,,215016.1768,384508.7026,가축사육업,,976,0,0.0,육우,206,127.16651745567549,36.96204910403902
13860,가축사육업,2010-12-06,,1,영업/정상,0,정상,,,,,675-9363,0.0,331-802,충청남도 천안시 서북구 성환읍 양령리 ***-*번지,충청남도 천안시 서북구 성환읍 양령*길 ***,,승현농장,2016-04-21 16:58,I,2018-08-31 23:59,,215016.1768,384508.7026,가축사육업,,976,0,0.0,육우,0,127.16651745567549,36.96204910403902
13861,가축사육업,2010-12-21,,1,영업/정상,0,정상,,,,,,0.0,330-911,충청남도 천안시 동남구 풍세면 남관리 ***-*,충청남도 천안시 동남구 풍세면 통미*길 **,31213,유일목장,2022-09-29 15:38,U,2022-10-01 2:40,,210817.4949,362001.932,가축사육업,,977,0,0.0,한우,6,127.11905267292573,36.759299076571146
13862,가축사육업,2011-09-23,,1,영업/정상,0,정상,,,,,,,331-821,"충청남도 천안시 서북구 입장면 가산리 *-* *-*, *-*, **-**",충청남도 천안시 서북구 입장면 가좌울*길 ***-**,31026,한빛농장,2022-09-29 17:48,U,2022-10-01 2:40,,218559.9276,381614.4262,가축사육업,,1001,0,0.0,종계/산란계,360000,127.20623857074551,36.935906503748775
13863,가축사육업,2011-10-13,,1,영업/정상,0,정상,,,,,,,330-912,충청남도 천안시 동남구 풍세면 용정리 ***-*,충청남도 천안시 동남구 풍세면 돈마루*길 **,31214,신성목장,2022-02-11 14:48,U,2022-02-13 2:40,,209032.8052,359675.5774,가축사육업,,1002,0,0.0,젖소,60,127.09903829449196,36.73835455869419
13863,가축사육업,2011-10-13,,1,영업/정상,0,정상,,,,,,,330-912,충청남도 천안시 동남구 풍세면 용정리 ***-*,충청남도 천안시 동남구 풍세면 돈마루*길 **,31214,신성목장,2022-02-11 14:48,U,2022-02-13 2:40,,209032.8052,359675.5774,가축사육업,,1002,0,0.0,젖소,46,127.09903829449196,36.73835455869419
13864,가축사육업,2011-10-24,,1,영업/정상,0,정상,,,,,,,331-821,충청남도 천안시 서북구 입장면 가산리 ***-*,,,롯데목장,2021-03-04 17:01,U,2021-03-06 2:40,,217172.984,382564.2266,가축사육업,,1003,0,0.0,한우,18,127.19069172491061,36.94449115409953
13865,가축사육업,2011-11-28,,1,영업/정상,0,정상,,,,,564-2069,,330-923,충청남도 천안시 동남구 광덕면 매당리 **-**,충청남도 천안시 동남구 광덕면 광풍로 ***-**,31221,햇살농원,2023-01-13 9:28,U,2023-01-15 2:40,,209342.3999,355421.3817,가축사육업,,1006,0,0.0,종계/산란계,0,127.10245294321426,36.700016307409335
13866,가축사육업,2005-07-22,,1,영업/정상,0,정상,,,,,,0.0,,"충청남도 천안시 동남구 성남면 봉양리 **-* 외*(**-**, **-*)",,,천홍목장,2021-02-09 9:16,U,2021-02-11 2:40,,222945.2117,358359.0216,가축사육업,,459,0,0.0,한우,230,127.25476331223477,36.72625760571124
13867,가축사육업,2005-07-28,,1,영업/정상,0,정상,,,,,561-1515,0.0,330-862,"충청남도 천안시 동남구 병천면 봉항리 *번지 ,*번지","충청남도 천안시 동남구 병천면 봉항로 ****-** (,*번지)",,기린농장,2015-10-27 16:04,I,2018-08-31 23:59,,227986.4162,372280.618,가축사육업,,463,0,0.0,한우,12,127.31170579202215,36.85156950010909
13867,가축사육업,2005-07-28,,1,영업/정상,0,정상,,,,,561-1515,0.0,330-862,"충청남도 천안시 동남구 병천면 봉항리 *번지 ,*번지","충청남도 천안시 동남구 병천면 봉항로 ****-** (,*번지)",,기린농장,2015-10-27 16:04,I,2018-08-31 23:59,,227986.4162,372280.618,가축사육업,,463,0,0.0,한우,58,127.31170579202215,36.85156950010909
13868,가축사육업,2011-01-17,,1,영업/정상,0,정상,,,,,,0.0,331-802,충청남도 천안시 서북구 성환읍 양령리 ***-*,충청남도 천안시 서북구 성환읍 양령*길 ***,,가조농장,2021-03-04 17:00,U,2021-03-06 2:40,,215431.6566,384410.0909,가축사육업,,979,0,0.0,한우,0,127.17118077683848,36.961153848241054
13869,가축사육업,2011-02-14,,1,영업/정상,0,정상,,,,,553-0379,0.0,330-893,충청남도 천안시 동남구 성남면 신덕리 **번지,충청남도 천안시 동남구 성남면 성남신덕*길 ***-**,,진동목장,2015-02-17 15:34,I,2018-08-31 23:59,,221664.1205,357249.1443,가축사육업,,980,0,0.0,한우,9,127.24039105349782,36.71628638780928
13870,가축사육업,2011-02-24,,1,영업/정상,0,정상,,,,,,0.0,330-863,충청남도 천안시 동남구 병천면 송정리 ***-*,,,태균목장,2023-10-19 9:39,U,2023-10-21 2:40,,228077.7467,360195.6886,가축사육업,,981,0,0.0,한우,24,127.31228550533805,36.74267034981564
13871,가축사육업,2005-03-18,,1,영업/정상,0,정상,,,,,554-6811,0.0,330-862,충청남도 천안시 동남구 병천면 매성리 ** 외 *필지,충청남도 천안시 동남구 병천면 봉항로 *** (외 *필지),,대현농장,2021-07-22 10:08,U,2021-07-24 2:40,,228111.7947,368697.681,가축사육업,,137,0,0.0,오리,19560,127.3129794519763,36.81928040724116
13872,가축사육업,2005-03-18,,1,영업/정상,0,정상,,,,2016-12-14,564-2985,0.0,330-862,충청남도 천안시 동남구 병천면 도원리 ***-*번지,충청남도 천안시 동남구 병천면 봉항로 ***-**,31255,경인농장,2016-12-13 19:29,I,2018-08-31 23:59,,228007.9547,365190.4686,가축사육업,,138,0,0.0,종계/산란계,160000,127.31168696926991,36.78768026566547
13873,가축사육업,2005-12-16,,1,영업/정상,0,정상,,,,,558-3266,0.0,330-882,충청남도 천안시 동남구 수신면 신풍리 ***-*번지,충청남도 천안시 동남구 수신면 대화*길 **-**,,승지농장,2015-10-06 7:57,I,2018-08-31 23:59,,223680.5583,359420.5861,가축사육업,,658,0,0.0,육계,0,127.26302778587439,36.73580543830384
13874,가축사육업,2005-12-16,,1,영업/정상,0,정상,,,,,,0.0,330-863,충청남도 천안시 동남구 병천면 송정리 ***-*,,,현수목장,2023-11-16 16:56,U,2023-11-18 2:40,,,,가축사육업,,659,0,0.0,한우,50,127.323897292904,36.7372037042082
13875,가축사육업,2005-12-16,,1,영업/정상,0,정상,,,,,,0.0,330-863,"충청남도 천안시 동남구 병천면 용두리 ***-*번지 외 *필지(***-*,***-*,***-*)","충청남도 천안시 동남구 병천면 용두리*길 *** (외 *필지(***-*,***-*,***-*))",,우민양계,2015-11-10 10:10,I,2018-08-31 23:59,,228362.6693,360663.9967,가축사육업,,660,0,0.0,종계/산란계,65000,127.31549302118826,36.74688182633025
13876,가축사육업,2005-12-16,,1,영업/정상,0,정상,,,,,,0.0,330-862,충청남도 천안시 동남구 병천면 봉항리 ***-*번지 외 *필지(***-*),충청남도 천안시 동남구 병천면 관성*길 ***-**,31239,명섭농장,2018-10-11 15:40,U,2018-10-11 23:59,,228200.0844,369112.6179,가축사육업,,661,0,0.0,오리,16400,127.31398432242956,36.82301673871388
13877,가축사육업,2006-03-28,,1,영업/정상,0,정상,,,,,,0.0,330-852,충청남도 천안시 동남구 북면 오곡리 ***-*,충청남도 천안시 동남구 북면 오곡*길 **-**,,오곡농장,2022-04-11 20:21,U,2022-04-13 2:40,,224533.2542,369171.9277,가축사육업,,728,0,0.0,한우,70,127.2728871774582,36.823653071775006
13878,가축사육업,2006-03-28,,1,영업/정상,0,정상,,,,,,0.0,330-851,충청남도 천안시 동남구 북면 대평리 *** 외 *필지,,,신진농장,2020-12-31 16:50,U,2021-01-02 2:40,,225194.579,374326.3168,가축사육업,,729,0,0.0,한우,70,127.28047001749137,36.87008132527646
13879,가축사육업,2006-04-07,,1,영업/정상,0,정상,,,,,,0.0,330-881,충청남도 천안시 동남구 수신면 백자리 ***-*번지,충청남도 천안시 동남구 수신면 수신로 ***,,정표농장,2020-03-27 13:29,U,2020-03-29 2:40,,224353.2135,356297.9473,가축사육업,,731,0,0.0,한우,20,127.27045942602426,36.70765012583482
13880,가축사육업,2006-04-07,,1,영업/정상,0,정상,,,,,,0.0,330-881,충청남도 천안시 동남구 수신면 해정리 ***-*번지,충청남도 천안시 동남구 수신면 해정*길 **,,황소농장,2020-04-07 16:33,U,2020-04-09 2:40,,224124.1599,357921.9713,가축사육업,,732,0,0.0,한우,0,127.2679470331896,36.722290179357984
13881,가축사육업,2006-05-23,,1,영업/정상,0,정상,,,,,555-2675,0.0,330-862,충청남도 천안시 동남구 병천면 관성리 ***-**,,,관성농장,2022-12-07 17:41,U,2022-12-09 2:40,,229254.9183,367514.4446,가축사육업,,735,0,0.0,한우,15,127.32574592662772,36.80858383233585
13881,가축사육업,2006-05-23,,1,영업/정상,0,정상,,,,,555-2675,0.0,330-862,충청남도 천안시 동남구 병천면 관성리 ***-**,,,관성농장,2022-12-07 17:41,U,2022-12-09 2:40,,229254.9183,367514.4446,가축사육업,,735,0,0.0,한우,30,127.32574592662772,36.80858383233585
13881,가축사육업,2006-05-23,,1,영업/정상,0,정상,,,,,555-2675,0.0,330-862,충청남도 천안시 동남구 병천면 관성리 ***-**,,,관성농장,2022-12-07 17:41,U,2022-12-09 2:40,,229254.9183,367514.4446,가축사육업,,735,0,0.0,한우,190,127.32574592662772,36.80858383233585
13882,가축사육업,2006-07-11,,1,영업/정상,0,정상,,,,,,0.0,330-862,충청남도 천안시 동남구 병천면 봉항리 **,충청남도 천안시 동남구 병천면 봉항로 ****-**,,인섭2농장,2021-11-29 15:15,U,2021-12-01 2:40,,228245.3906,372081.9757,가축사육업,,736,0,0.0,한우,150,127.31460216833383,36.84977188185602
13883,가축사육업,2013-03-19,,1,영업/정상,0,정상,,,,,566-8345,,330-912,충청남도 천안시 동남구 풍세면 용정리 ***-*번지,충청남도 천안시 동남구 풍세면 돈마루*길 **-*,31214,소망농장,2013-11-14 15:12,I,2018-08-31 23:59,,208713.0674,359815.5933,가축사육업,,1064,0,0.0,한우,82000,127.09546005153486,36.739619228727584
13883,가축사육업,2013-03-19,,1,영업/정상,0,정상,,,,,566-8345,,330-912,충청남도 천안시 동남구 풍세면 용정리 ***-*번지,충청남도 천안시 동남구 풍세면 돈마루*길 **-*,31214,소망농장,2013-11-14 15:12,I,2018-08-31 23:59,,208713.0674,359815.5933,가축사육업,,1064,0,0.0,한우,500,127.09546005153486,36.739619228727584
13883,가축사육업,2013-03-19,,1,영업/정상,0,정상,,,,,566-8345,,330-912,충청남도 천안시 동남구 풍세면 용정리 ***-*번지,충청남도 천안시 동남구 풍세면 돈마루*길 **-*,31214,소망농장,2013-11-14 15:12,I,2018-08-31 23:59,,208713.0674,359815.5933,가축사육업,,1064,0,0.0,한우,20,127.09546005153486,36.739619228727584
13884,가축사육업,2013-03-21,,1,영업/정상,0,정상,,,,,,,330-853,충청남도 천안시 동남구 북면 상동리 ***-**번지,충청남도 천안시 동남구 북면 상동*길 **,31243,종민농장,2017-07-11 10:52,I,2018-08-31 23:59,,223282.2773,363397.3471,가축사육업,,1065,0,0.0,한우,22,127.2586896924788,36.7716500069335
13885,가축사육업,2013-07-11,,1,영업/정상,0,정상,,,,,566-7404,,,충청남도 천안시 동남구 풍세면 보성리 ***번지,충청남도 천안시 동남구 풍세면 용무길 **,31217,승훈농장,2019-05-24 9:40,U,2019-05-26 2:40,,209886.769,358570.2487,가축사육업,,1072,0,0.0,한우,64,127.10858517993967,36.728385828678846
13886,가축사육업,2013-07-11,,1,영업/정상,0,정상,,,,,565-5297,,330-260,충청남도 천안시 동남구 신방동 ***-*번지,충청남도 천안시 동남구 풍세로 *** (신방동),31206,유일사슴목장,2013-11-14 15:18,I,2018-08-31 23:59,,211746.4372,362966.6207,가축사육업,,1073,0,0.0,사슴,66,127.12947082265833,36.76798099003905
13887,가축사육업,2013-10-07,,1,영업/정상,0,정상,,,,,,,330-891,"충청남도 천안시 동남구 성남면 용원리 **-*번지 외 *필지(**-*, **-*)",충청남도 천안시 동남구 성남면 성남로 ***-**,31246,목천농장,2019-11-22 9:53,U,2019-11-24 2:40,,219498.0609,361927.6402,가축사육업,,1196,0,0.0,메추리,70000,127.2162656297106,36.75849151321522
13888,가축사육업,2013-10-07,,1,영업/정상,0,정상,,,,,574-4410,,330-862,충청남도 천안시 동남구 병천면 봉항리 **번지 외 *필지(**-*),충청남도 천안시 동남구 병천면 봉항로 ****-** (외 *필지(**-*)),,청산사슴농장,2013-10-07 9:48,I,2018-08-31 23:59,,228120.8289,372097.0953,가축사육업,,1197,0,0.0,사슴,36,127.31320611481037,36.84991182630055
13889,가축사육업,2013-10-07,,1,영업/정상,0,정상,,,,,,,330-862,충청남도 천안시 동남구 병천면 봉항리 ***번지 외 *필지(***),충청남도 천안시 동남구 병천면 봉항로 ***,31239,삼성농장,2020-04-23 17:59,U,2020-04-25 2:40,,227917.5599,370398.0303,가축사육업,,1198,0,0.0,한우,150,127.31086476529622,36.83460779514817
13889,가축사육업,2013-10-07,,1,영업/정상,0,정상,,,,,,,330-862,충청남도 천안시 동남구 병천면 봉항리 ***번지 외 *필지(***),충청남도 천안시 동남구 병천면 봉항로 ***,31239,삼성농장,2020-04-23 17:59,U,2020-04-25 2:40,,227917.5599,370398.0303,가축사육업,,1198,0,0.0,한우,116,127.31086476529622,36.83460779514817
13889,가축사육업,2013-10-07,,1,영업/정상,0,정상,,,,,,,330-862,충청남도 천안시 동남구 병천면 봉항리 ***번지 외 *필지(***),충청남도 천안시 동남구 병천면 봉항로 ***,31239,삼성농장,2020-04-23 17:59,U,2020-04-25 2:40,,227917.5599,370398.0303,가축사육업,,1198,0,0.0,한우,5,127.31086476529622,36.83460779514817
13890,가축사육업,2013-10-08,,1,영업/정상,0,정상,,,,,,,330-893,충청남도 천안시 동남구 성남면 봉양리 *** 외 *필지(***),충청남도 천안시 동남구 성남면 성남신덕*길 ***-**,31249,승미사슴농장,2021-12-14 15:48,U,2021-12-16 2:40,,222559.9094,358070.8198,가축사육업,,1199,0,0.0,사슴,26,127.25044164826078,36.72366979779682
13891,가축사육업,2013-10-08,,1,영업/정상,0,정상,,,,,,,330-862,충청남도 천안시 동남구 병천면 도원리 ***-*번지,충청남도 천안시 동남구 병천면 도원리*길 ***,,덕현목장,2020-04-22 10:39,U,2020-04-24 2:40,,226907.4559,365916.6593,가축사육업,,1200,0,0.0,산양,280,127.29938347472961,36.794255743313705
13891,가축사육업,2013-10-08,,1,영업/정상,0,정상,,,,,,,330-862,충청남도 천안시 동남구 병천면 도원리 ***-*번지,충청남도 천안시 동남구 병천면 도원리*길 ***,,덕현목장,2020-04-22 10:39,U,2020-04-24 2:40,,226907.4559,365916.6593,가축사육업,,1200,0,0.0,산양,150,127.29938347472961,36.794255743313705
13892,가축사육업,2013-11-05,,1,영업/정상,0,정상,,,,,,,330-921,충청남도 천안시 동남구 광덕면 대덕리 ***번지,충청남도 천안시 동남구 광덕면 성산*길 **-**,,성실목장,2020-04-01 10:08,U,2020-04-03 2:40,,208817.7309,354200.6861,가축사육업,,1204,0,0.0,산양,6,127.09656763975333,36.689021341744606
13893,가축사육업,2013-11-27,,1,영업/정상,0,정상,,,,,,,330-843,충청남도 천안시 동남구 목천읍 운전리 **-*번지,충청남도 천안시 동남구 목천읍 운전*길 **,,백운농장(1),2013-11-27 9:37,I,2018-08-31 23:59,,221241.2343,363050.8211,가축사육업,,1207,0,0.0,육계,160,127.23581857486688,36.76857522985064
13894,가축사육업,2013-11-27,,1,영업/정상,0,정상,,,,,,,330-843,충청남도 천안시 동남구 목천읍 운전리 **-*번지,충청남도 천안시 동남구 목천읍 운전*길 **,,백운농장(2),2013-11-27 9:45,I,2018-08-31 23:59,,221241.2343,363050.8211,가축사육업,,1208,0,0.0,산양,15,127.23581857486688,36.76857522985064
13895,가축사육업,2013-12-18,,1,영업/정상,0,정상,,,,,566-7368,,330-912,"충청남도 천안시 동남구 풍세면 용정리 *** 외 *필지(***-*, ***)",,,삼화양돈(2),2023-02-14 21:24,U,2023-02-16 2:40,,209621.7185,360319.2557,가축사육업,,1210,0,0.0,돼지,900,127.10563990020782,36.74414908352883
13896,가축사육업,2005-07-19,,1,영업/정상,0,정상,,,,,,0.0,330-844,충청남도 천안시 동남구 목천읍 소사리 **번지,충청남도 천안시 동남구 목천읍 소사*길 ***,31227,풍일농원,2015-11-09 16:25,I,2018-08-31 23:59,,216329.8321,359344.9493,가축사육업,,435,0,0.0,한우,240,127.18072958491724,36.73527824934345
13897,가축사육업,2005-07-19,,1,영업/정상,0,정상,,,,,,0.0,330-912,충청남도 천안시 동남구 풍세면 용정리 ***-*,충청남도 천안시 동남구 풍세면 한우물*길 **,,흥성목장,2021-04-07 14:46,U,2021-04-09 2:40,,210151.6382,359170.4001,가축사육업,,438,0,0.0,한우,75,127.11155822809077,36.73379110507715
13898,가축사육업,2005-07-19,,1,영업/정상,0,정상,,,,,,0.0,330-912,"충청남도 천안시 동남구 풍세면 삼태리 ***-* , ***-*번지","충청남도 천안시 동남구 풍세면 태학산로 *** (, ***-*번지)",,푸른목장,2023-11-27 10:32,U,2023-11-29 2:40,,208489.4921,360100.0646,가축사육업,,441,0,0.0,젖소,150,127.09295996823883,36.74218464978857
13899,가축사육업,2005-07-19,,1,영업/정상,0,정상,,,,,566-0127,0.0,330-912,충청남도 천안시 동남구 풍세면 보성리 *** 외 *필지(***-*),충청남도 천안시 동남구 풍세면 태학산로 **,31217,두산목장,2022-12-08 17:34,U,2022-12-10 2:40,,210594.0074,358769.9035,가축사육업,,442,0,0.0,젖소,89,127.11650524007196,36.73017736902987
13900,가축사육업,2005-07-19,,1,영업/정상,0,정상,,,,,567-6488,0.0,330-922,"충청남도 천안시 동남구 광덕면 무학리 **-* 외 *필지(**-*, **-*)",충청남도 천안시 동남구 광덕면 광덕로 ***-**,31222,향토목장,2022-02-11 14:43,U,2022-02-13 2:40,,211079.2443,354876.4319,가축사육업,,443,0,0.0,젖소,81,127.12188137687613,36.695087118791214
13901,가축사육업,2005-07-19,,1,영업/정상,0,정상,,,,,548-0842,0.0,330-922,충청남도 천안시 동남구 광덕면 원덕리 ***-*번지,충청남도 천안시 동남구 광덕면 차령고개로 ***-*,,명신농장,2015-04-25 15:26,I,2018-08-31 23:59,,211558.4765,350579.8883,가축사육업,,446,0,0.0,한우,60,127.12717947338902,36.65636431502531
13902,가축사육업,2005-06-30,,1,영업/정상,0,정상,,,,,567-7192,0.0,330-872,충청남도 천안시 동남구 동면 수남리 **,충청남도 천안시 동남구 동면 수남*길 **,,수지목장,2021-08-21 17:23,U,2021-08-24 2:40,,235112.4327,363253.822,가축사육업,,365,0,0.0,젖소,0,127.39119010859949,36.769993270843926
13903,가축사육업,2005-12-23,,1,영업/정상,0,정상,,,,,,0.0,330-811,충청남도 천안시 서북구 직산읍 판정리 ***-*번지,충청남도 천안시 서북구 직산읍 성진로 ***-**,,옥목장,2020-03-25 18:06,U,2020-03-27 2:40,,215222.8003,378273.743,가축사육업,,692,0,0.0,젖소,149,127.16871269209794,36.90586372719766
13904,가축사육업,2005-12-23,,1,영업/정상,0,정상,,,,2020-07-23,,0.0,330-817,충청남도 천안시 서북구 직산읍 수헐리 *-* 외 **필지,충청남도 천안시 서북구 직산읍 군수*길 ** (외 **필지),,현대농장(3),2020-07-23 17:59,U,2020-07-25 2:40,,212373.2634,377350.5448,가축사육업,,693,0,0.0,한우,30,127.13672435062293,36.897586372941255
13905,가축사육업,2011-12-16,,1,영업/정상,0,정상,,,,,585-7087,,331-826,충청남도 천안시 서북구 입장면 신두리 **-*,충청남도 천안시 서북구 입장면 성진로 ***-**,31027,고센목장,2023-04-10 13:23,U,2023-04-12 2:40,,218240.4235,379243.7644,가축사육업,,1009,0,0.0,육우,30,127.2025952520957,36.91455113088088
13906,가축사육업,2011-12-16,,1,영업/정상,0,정상,,,,,,,331-802,충청남도 천안시 서북구 성환읍 양령리 **-*,충청남도 천안시 서북구 성환읍 양령*길 ***,,황진목장,2021-03-04 14:08,U,2021-03-06 2:40,,214831.4388,384278.1354,가축사육업,,1010,0,0.0,젖소,45,127.16443856980402,36.9599744294669
13907,가축사육업,2011-12-29,,1,영업/정상,0,정상,,,,,,,330-862,충청남도 천안시 동남구 병천면 매성리 **-*,충청남도 천안시 동남구 병천면 봉항로 ***,31240,매성축산,2021-08-18 15:52,U,2021-08-20 2:40,,228122.787,368779.4937,가축사육업,,1013,0,0.0,한우,95,127.3131056672241,36.820017287122326
13908,가축사육업,2012-02-23,,1,영업/정상,0,정상,,,,,,,330-913,충청남도 천안시 동남구 풍세면 풍서리 ***번지,충청남도 천안시 동남구 풍세면 하정길 **,31217,지연목장,2020-03-29 11:36,U,2020-03-31 2:40,,210314.0821,357653.8232,가축사육업,,1019,0,0.0,한우,85,127.1133565289758,36.72012325766679
13909,가축사육업,2012-03-08,,1,영업/정상,0,정상,,,,,,,330-912,충청남도 천안시 동남구 풍세면 보성리 **-*,충청남도 천안시 동남구 풍세면 광풍로 ****,,주현2농장,2022-08-31 11:28,U,2022-09-02 2:40,,211368.6161,359492.9868,가축사육업,,1023,0,0.0,종계/산란계,129000,127.12518763363902,36.73668426825134
13910,가축사육업,2012-03-19,,1,영업/정상,0,정상,,,,,,,331-802,충청남도 천안시 서북구 성환읍 양령리 ***-*,충청남도 천안시 서북구 성환읍 양령*길 ***,31004,동혁목장,2020-12-04 11:16,U,2020-12-06 2:40,,214374.1359,384339.8273,가축사육업,,1024,0,0.0,한우,30,127.15930492663776,36.96053738094278
13911,가축사육업,2005-07-11,,1,영업/정상,0,정상,,,,,555-1236,0.0,330-851,충청남도 천안시 동남구 북면 대평리 ***번지,충청남도 천안시 동남구 북면 대평*길 **-**,,감산2목장,2015-03-11 20:18,I,2018-08-31 23:59,,225273.2443,373814.1971,가축사육업,,390,0,0.0,한우,70,127.2813352619782,36.8654645974459
13912,가축사육업,2005-07-11,,1,영업/정상,0,정상,,,,,568-7523,0.0,330-851,"충청남도 천안시 동남구 북면 대평리 *** ***,***-* 번지","충청남도 천안시 동남구 북면 대평*길 ***-** (***,***-* 번지)",,효성목장,2023-02-10 9:30,U,2023-02-12 2:40,,224911.681,374212.4183,가축사육업,,391,0,0.0,젖소,110,127.27729352892838,36.86906248476298
13913,가축사육업,2005-07-11,,1,영업/정상,0,정상,,,,,568-5022,0.0,330-851,"충청남도 천안시 동남구 북면 대평리 *** ***,***-*번지","충청남도 천안시 동남구 북면 대평*길 ** (***,***-*번지)",,은석목장,2023-02-10 9:25,U,2023-02-12 2:40,,225502.3226,373885.7639,가축사육업,,394,0,0.0,젖소,90,127.28390666538799,36.86610333672158
13914,가축사육업,2005-11-14,,1,영업/정상,0,정상,,,,,,0.0,330-862,"충청남도 천안시 동남구 병천면 매성리 **-*번지 외 *필지(**-*, **-*)",충청남도 천안시 동남구 병천면 봉항로 ***,31240,대길2농장,2015-10-07 8:14,I,2018-08-31 23:59,,228101.5081,368886.0243,가축사육업,,583,0,0.0,돼지,1800,127.31287110078055,36.82097785351578
13915,가축사육업,2005-11-14,,1,영업/정상,0,정상,,,,,,0.0,330-862,충청남도 천안시 동남구 병천면 관성리 ***-* 외 *필지,충청남도 천안시 동남구 병천면 관성*길 ** (외 *필지),,농업회사법인 주식회사 서연농장 지점(관성농장),2021-12-04 14:48,U,2021-12-07 2:40,,228443.6735,368728.3379,가축사육업,,585,L00,0.0,돼지,2000,127.316700212163,36.81954676204062
13916,가축사육업,2005-11-14,,1,영업/정상,0,정상,,,,,553-8194,0.0,330-893,충청남도 천안시 동남구 성남면 봉양리 ***번지 외 *필지,충청남도 천안시 동남구 성남면 봉양*길 ***-** (외 *필지),,기동축산,2016-12-01 9:19,I,2018-08-31 23:59,,223065.7884,355774.477,가축사육업,,586,0,0.0,돼지,0,127.25603537207212,36.70296510393373
13917,가축사육업,2005-11-14,,1,영업/정상,0,정상,,,,,553-9098,0.0,330-893,충청남도 천안시 동남구 성남면 봉양리 ***-*번지 외*필지(***-*),충청남도 천안시 동남구 성남면 봉양*길 ***-** (외*필지(***-*)),,늘푸른농장,2016-09-06 16:12,I,2018-08-31 23:59,,222892.9289,355655.7818,가축사육업,,587,0,0.0,돼지,2000,127.25409737764382,36.70189969419451
13918,가축사육업,2005-11-15,,1,영업/정상,0,정상,,,,,581-5131,0.0,330-807,충청남도 천안시 서북구 성환읍 율금리 ***,충청남도 천안시 서북구 성환읍 연암율금로 ***,,그린농장,2022-06-21 10:12,U,2022-06-23 2:40,,209286.6742,377251.0345,가축사육업,,589,0,0.0,돼지,200,127.1020936296491,36.89672490105944
13918,가축사육업,2005-11-15,,1,영업/정상,0,정상,,,,,581-5131,0.0,330-807,충청남도 천안시 서북구 성환읍 율금리 ***,충청남도 천안시 서북구 성환읍 연암율금로 ***,,그린농장,2022-06-21 10:12,U,2022-06-23 2:40,,209286.6742,377251.0345,가축사육업,,589,0,0.0,돼지,2000,127.1020936296491,36.89672490105944
13919,가축사육업,2008-07-04,,1,영업/정상,0,정상,,,,,564-1272,0.0,330-861,충청남도 천안시 동남구 병천면 병천리 ***-*번지,충청남도 천안시 동남구 병천면 병천*길 **-*,,재환목장,2013-07-18 10:12,I,2018-08-31 23:59,,226243.9452,364271.2793,가축사육업,,848,0,0.0,한우,21,127.29189290512963,36.77944785131281
13920,가축사육업,2013-08-14,,1,영업/정상,0,정상,,,,,,,330-871,충청남도 천안시 동남구 동면 동산리 ***-*번지,충청남도 천안시 동남구 동면 동산*길 **-**,31258,진공농장,2019-10-17 17:28,U,2019-10-19 2:40,,232259.2495,366268.9746,가축사육업,,1081,0,0.0,산양,60,127.3593603024251,36.79726368434101
13921,가축사육업,2013-08-19,,1,영업/정상,0,정상,,,,,573-6194,,330-912,충청남도 천안시 동남구 풍세면 용정리 ***,,,상도농장,2023-02-16 21:47,U,2023-02-18 2:40,,209065.7314,359225.9018,가축사육업,,1083,0,0.0,한우,45,127.09940164307157,36.73430215565545
13922,가축사육업,2005-07-19,,1,영업/정상,0,정상,,,,,,0.0,330-922,충청남도 천안시 동남구 광덕면 원덕리 ***번지,,,기현목장,2020-03-30 11:28,U,2020-04-01 2:40,,,,가축사육업,,448,0,0.0,한우,0,127.142303174786,36.6455469521924
13923,가축사육업,2005-04-29,,1,영업/정상,0,정상,,,,,,0.0,330-802,충청남도 천안시 서북구 성환읍 양령리 ***-*,충청남도 천안시 서북구 성환읍 대령길 **-**,31004,새물목장,2022-02-11 15:52,U,2022-02-13 2:40,,214247.9436,384744.8561,가축사육업,,276,0,0.0,젖소,46,127.15789557170399,36.96418891428857
13924,가축사육업,2005-04-30,,1,영업/정상,0,정상,,,,,582-0659,0.0,330-801,충청남도 천안시 서북구 성환읍 대홍리 ***-*,충청남도 천안시 서북구 성환읍 홍경길 ***-*,,상동목장,2022-02-11 15:50,U,2022-02-13 2:40,,212379.3939,382742.7259,가축사육업,,277,0,0.0,젖소,56,127.13688083042342,36.94617441680751
13925,가축사육업,2005-12-26,,1,영업/정상,0,정상,,,,,,0.0,330-230,충청남도 천안시 서북구 불당동 ***-*번지,충청남도 천안시 서북구 시청로 ** (불당동),,불당농장,2020-02-04 11:34,U,2020-02-06 2:40,,210234.8638,367606.2323,가축사육업,,696,0,0.0,육계,2000,127.11260246036403,36.809806222826275
13926,가축사육업,2005-12-26,,1,영업/정상,0,정상,,,,,,0.0,330-882,충청남도 천안시 동남구 수신면 장산리 산 **-*,충청남도 천안시 동남구 수신면 장산동길 ***-***,31252,천안제일고 제2농장,2023-02-02 19:46,U,2023-02-04 2:40,,227365.1619,360191.1807,가축사육업,,697,L00,0.0,한우,7,127.3043068044623,36.74265049057399
13926,가축사육업,2005-12-26,,1,영업/정상,0,정상,,,,,,0.0,330-882,충청남도 천안시 동남구 수신면 장산리 산 **-*,충청남도 천안시 동남구 수신면 장산동길 ***-***,31252,천안제일고 제2농장,2023-02-02 19:46,U,2023-02-04 2:40,,227365.1619,360191.1807,가축사육업,,697,L00,0.0,한우,60,127.3043068044623,36.74265049057399
13926,가축사육업,2005-12-26,,1,영업/정상,0,정상,,,,,,0.0,330-882,충청남도 천안시 동남구 수신면 장산리 산 **-*,충청남도 천안시 동남구 수신면 장산동길 ***-***,31252,천안제일고 제2농장,2023-02-02 19:46,U,2023-02-04 2:40,,227365.1619,360191.1807,가축사육업,,697,L00,0.0,한우,3960,127.3043068044623,36.74265049057399
13927,가축사육업,2005-12-26,,1,영업/정상,0,정상,,,,,,0.0,330-882,충청남도 천안시 동남구 수신면 장산리 산 **-*,충청남도 천안시 동남구 수신면 장산동길 ***-***,31252,천안제일고 제2농장,2022-05-11 13:54,U,2022-05-13 2:40,,227365.1619,360191.1807,가축사육업,,698,L00,0.0,돼지,7,127.3043068044623,36.74265049057399
13927,가축사육업,2005-12-26,,1,영업/정상,0,정상,,,,,,0.0,330-882,충청남도 천안시 동남구 수신면 장산리 산 **-*,충청남도 천안시 동남구 수신면 장산동길 ***-***,31252,천안제일고 제2농장,2022-05-11 13:54,U,2022-05-13 2:40,,227365.1619,360191.1807,가축사육업,,698,L00,0.0,돼지,60,127.3043068044623,36.74265049057399
13927,가축사육업,2005-12-26,,1,영업/정상,0,정상,,,,,,0.0,330-882,충청남도 천안시 동남구 수신면 장산리 산 **-*,충청남도 천안시 동남구 수신면 장산동길 ***-***,31252,천안제일고 제2농장,2022-05-11 13:54,U,2022-05-13 2:40,,227365.1619,360191.1807,가축사육업,,698,L00,0.0,돼지,3960,127.3043068044623,36.74265049057399
13928,가축사육업,2005-12-26,,1,영업/정상,0,정상,,,,,,0.0,330-882,충청남도 천안시 동남구 수신면 장산리 산 **-*,충청남도 천안시 동남구 수신면 장산동길 ***-***,31252,천안제일고 제2농장,2022-05-11 13:55,U,2022-05-13 2:40,,227365.1619,360191.1807,가축사육업,,699,L00,0.0,종계/산란계,7,127.3043068044623,36.74265049057399
13928,가축사육업,2005-12-26,,1,영업/정상,0,정상,,,,,,0.0,330-882,충청남도 천안시 동남구 수신면 장산리 산 **-*,충청남도 천안시 동남구 수신면 장산동길 ***-***,31252,천안제일고 제2농장,2022-05-11 13:55,U,2022-05-13 2:40,,227365.1619,360191.1807,가축사육업,,699,L00,0.0,종계/산란계,60,127.3043068044623,36.74265049057399
13928,가축사육업,2005-12-26,,1,영업/정상,0,정상,,,,,,0.0,330-882,충청남도 천안시 동남구 수신면 장산리 산 **-*,충청남도 천안시 동남구 수신면 장산동길 ***-***,31252,천안제일고 제2농장,2022-05-11 13:55,U,2022-05-13 2:40,,227365.1619,360191.1807,가축사육업,,699,L00,0.0,종계/산란계,3960,127.3043068044623,36.74265049057399
13929,가축사육업,2005-12-26,,1,영업/정상,0,정상,,,,,,0.0,330-801,충청남도 천안시 서북구 성환읍 대홍리 **-* 외 *필지,충청남도 천안시 서북구 성환읍 대홍*길 ***-** (외 *필지),,순길목장,2022-02-11 15:19,U,2022-02-13 2:40,,212885.0475,382058.6993,가축사육업,,700,0,0.0,젖소,0,127.14254593314624,36.940004036328816
13930,가축사육업,2006-07-11,,1,영업/정상,0,정상,,,,,,0.0,330-080,충청남도 천안시 동남구 구룡동 ***-*번지,"충청남도 천안시 동남구 용평*길 **-** (구룡동, 구룡농장)",31212,구룡동농장,2016-01-24 12:47,I,2018-08-31 23:59,,213976.2924,362441.2972,가축사육업,,737,0,0.0,한우,32,127.15443656231879,36.76321716689842
13931,가축사육업,2005-04-30,,1,영업/정상,0,정상,,,,,,0.0,330-802,"충청남도 천안시 서북구 성환읍 수향리 **-*** , 산**-*",,,새별목장,2022-06-21 15:43,U,2022-06-23 2:40,,213858.991,381871.8962,가축사육업,,282,0,0.0,젖소,120,127.15347557250222,36.938307036014834
13932,가축사육업,2005-04-30,,1,영업/정상,0,정상,,,,,582-0489,0.0,330-802,충청남도 천안시 서북구 성환읍 도하리 ***-* 외 *필지,,,감나무목장,2022-02-11 15:03,U,2022-02-13 2:40,,215112.9234,382653.7878,가축사육업,,283,0,0.0,젖소,55,127.16756687906096,36.945333322048256
13933,가축사육업,2005-04-26,,1,영업/정상,0,정상,,,,,,0.0,331-808,충청남도 천안시 서북구 성환읍 왕림리 ***-*,충청남도 천안시 서북구 성환읍 각금*길 ***,31007,홍석목장,2022-02-11 15:48,U,2022-02-13 2:40,,207912.568,380017.5593,가축사육업,,259,0,0.0,젖소,48,127.08670587996292,36.92166615779221
13934,가축사육업,2005-04-26,,1,영업/정상,0,정상,,,,,,0.0,331-808,충청남도 천안시 서북구 성환읍 왕림리 ***,충청남도 천안시 서북구 성환읍 각금*길 ***-**,31007,종섭목장,2023-12-08 13:15,U,2023-12-10 2:40,,208322.532,379897.0333,가축사육업,,260,0,0.0,한우,0,127.09130554224369,36.920576613388306
13935,가축사육업,2005-11-15,,1,영업/정상,0,정상,,,,,,0.0,330-801,충청남도 천안시 서북구 성환읍 복모리 ***-**번지,충청남도 천안시 서북구 성환읍 천안대로 ****-**,31001,대홍농장,2020-02-04 11:32,U,2020-02-06 2:40,,211570.0597,383084.6302,가축사육업,,595,0,0.0,한우,20,127.1278000757755,36.94926548245445
13936,가축사육업,2005-11-16,,1,영업/정상,0,정상,,,,,567-1577,0.0,,충청남도 천안시 동남구 목천읍 석천리 ***번지 천안오골계농장,"충청남도 천안시 동남구 목천읍 삼방로 ***, 천안오골계농장",31064,천안오골계농장,2018-12-21 9:42,U,2018-12-23 2:40,,220258.2687,369285.5773,가축사육업,,598,0,0.0,육계,35000,127.22497416151977,36.82477802892213
13937,가축사육업,2005-03-21,,1,영업/정상,0,정상,,,,,553-9552,0.0,330-872,"충청남도 천안시 동남구 동면 장송리 **-*번지 외 *필지(**-*,**-*,**-*)",,,진우농장,2015-07-30 8:35,I,2018-08-31 23:59,,233175.6062,364457.2564,가축사육업,,139,0,0.0,오리,20280,127.36954891052865,36.780906910998844
13937,가축사육업,2005-03-21,,1,영업/정상,0,정상,,,,,553-9552,0.0,330-872,"충청남도 천안시 동남구 동면 장송리 **-*번지 외 *필지(**-*,**-*,**-*)",,,진우농장,2015-07-30 8:35,I,2018-08-31 23:59,,233175.6062,364457.2564,가축사육업,,139,0,0.0,오리,35000,127.36954891052865,36.780906910998844
13938,가축사육업,2005-03-21,,1,영업/정상,0,정상,,,,,567-0786,0.0,330-872,충청남도 천안시 동남구 동면 수남리 ***-*번지,충청남도 천안시 동남구 동면 수남*길 **,,태림농장,2015-11-25 17:45,I,2018-08-31 23:59,,234707.3396,363173.4463,가축사육업,,140,0,0.0,육계,21000,127.38664921682337,36.769283898040264
13939,가축사육업,2005-07-19,,1,영업/정상,0,정상,,,,,566-0030,0.0,330-844,충청남도 천안시 동남구 목천읍 도장리 ***,충청남도 천안시 동남구 목천읍 도장*길 *-**,31225,유미목장,2022-02-11 14:52,U,2022-02-13 2:40,,215416.8999,360498.5376,가축사육업,,452,0,0.0,젖소,65,127.17053189351238,36.74568856222396
13939,가축사육업,2005-07-19,,1,영업/정상,0,정상,,,,,566-0030,0.0,330-844,충청남도 천안시 동남구 목천읍 도장리 ***,충청남도 천안시 동남구 목천읍 도장*길 *-**,31225,유미목장,2022-02-11 14:52,U,2022-02-13 2:40,,215416.8999,360498.5376,가축사육업,,452,0,0.0,젖소,30,127.17053189351238,36.74568856222396
13940,가축사육업,2005-07-19,,1,영업/정상,0,정상,,,,,566-0231,0.0,330-847,충청남도 천안시 동남구 목천읍 응원리 ***,충청남도 천안시 동남구 목천읍 응원*길 **,,대운목장,2021-11-01 20:32,U,2021-11-03 2:40,,216181.9474,362265.3903,가축사육업,,453,0,0.0,한우,99,127.1791355547355,36.76159714087784
13941,가축사육업,2007-08-24,,1,영업/정상,0,정상,,,,,,0.0,330-921,충청남도 천안시 동남구 광덕면 광덕리 **번지,,,영이목장,2020-03-31 14:44,U,2020-04-02 2:40,,205901.2484,353261.6068,가축사육업,,786,0,0.0,한우,0,127.06392799578738,36.68058145790635
13942,가축사육업,2006-09-20,,1,영업/정상,0,정상,,,,2020-03-19,555-4296,0.0,330-862,"충청남도 천안시 동남구 병천면 봉항리 ***-* 외 *(***-*,*,*)",충청남도 천안시 동남구 병천면 봉항로 ***-*,31239,덕우농장,2022-07-06 9:55,U,2022-07-08 2:40,,228346.2307,371194.0802,가축사육업,,740,0,0.0,한우,0,127.31569977120976,36.841768175742
13943,가축사육업,2006-09-20,,1,영업/정상,0,정상,,,,,581-5205,0.0,330-801,충청남도 천안시 서북구 성환읍 어룡리 **-** 외 * (**-*),,,한우진주농장,2023-03-02 17:35,U,2023-03-04 2:40,,210984.1079,382178.4049,가축사육업,,742,0,0.0,한우,50,127.12120856034544,36.94110662505399
13944,가축사육업,2005-04-30,,1,영업/정상,0,정상,,,,,,0.0,330-805,충청남도 천안시 서북구 성환읍 성환리 ***,충청남도 천안시 서북구 성환읍 신방로 ***-***,,제호목장,2023-02-17 10:15,U,2023-02-19 2:40,,211356.4467,380928.8053,가축사육업,,284,0,0.0,한우,49,127.12536968236535,36.92984230597984
13945,가축사육업,2005-05-09,,1,영업/정상,0,정상,,,,,575-0071,0.0,330-080,충청남도 천안시 동남구 풍세면 보성리 ***,충청남도 천안시 동남구 풍세면 광풍로 ****-**,31216,남매목장,2021-03-04 16:23,U,2021-03-06 2:40,,211684.9822,358701.5883,가축사육업,,289,0,0.0,한우,42,127.12871759738208,36.72954904637823
13946,가축사육업,2005-05-09,,1,영업/정상,0,정상,,,,,,0.0,331-826,충청남도 천안시 서북구 입장면 신두리 ***-*,충청남도 천안시 서북구 입장면 성진로 ***-*,,선진목장,2023-01-16 14:47,U,2023-01-18 2:40,,217354.8993,379014.0797,가축사육업,,291,0,0.0,한우,110,127.1926528468351,36.91249812604289
13947,가축사육업,2005-05-31,,1,영업/정상,0,정상,,,,,557-4703,0.0,330-841,충청남도 천안시 동남구 목천읍 교천리 **-*번지,충청남도 천안시 동남구 목천읍 교천지산길 ***-**,,교천농장,2015-03-11 20:56,I,2018-08-31 23:59,,217828.346,364748.7148,가축사육업,,292,0,0.0,한우,95,127.19763217305822,36.78394509243366
13948,가축사육업,2005-05-31,,1,영업/정상,0,정상,,,,,,0.0,330-847,충청남도 천안시 동남구 목천읍 응원리 ***-*번지 ***-*,,,응원목장,2014-04-22 9:26,I,2018-08-31 23:59,,216307.2812,362358.9052,가축사육업,,293,0,0.0,한우,40,127.18054121766971,36.76243767253725
13949,가축사육업,2005-05-31,,1,영업/정상,0,정상,,,,,566-0307,0.0,330-913,충청남도 천안시 동남구 풍세면 풍서리 ***번지,충청남도 천안시 동남구 풍세면 풍서*길 ***-**,,박천농장,2015-03-26 15:52,I,2018-08-31 23:59,,210140.3828,358029.1877,가축사육업,,297,0,0.0,한우,40,127.111417174971,36.72350758647663
13950,가축사육업,2005-06-01,,1,영업/정상,0,정상,,,,,,0.0,330-851,충청남도 천안시 동남구 북면 대평리 ***-*,충청남도 천안시 동남구 북면 대평*길 ***-**,31062,연원농장,2023-02-10 9:29,U,2023-02-12 2:40,,224728.7645,374630.8396,가축사육업,,298,0,0.0,육우,55,127.27525570296775,36.872837607262404
13951,가축사육업,2005-04-26,,1,영업/정상,0,정상,,,,,,0.0,331-808,충청남도 천안시 서북구 성환읍 왕림리 ***-*번지,충청남도 천안시 서북구 성환읍 각금*길 **,,미래로목장,2015-07-21 18:45,I,2018-08-31 23:59,,208597.4853,380267.5576,가축사육업,,262,0,0.0,젖소,31,127.09439544194424,36.92391290849819
13952,가축사육업,2005-04-26,,1,영업/정상,0,정상,,,,,,0.0,,충청남도 천안시 서북구 성환읍 왕림리 ***-*,충청남도 천안시 서북구 성환읍 각금*길 **,31007,용락목장,2023-05-23 11:36,U,2023-05-25 2:40,,208410.5486,380274.8705,가축사육업,,263,0,0.0,한우,0,127.09229749302115,36.92398047716994
13953,가축사육업,2005-11-29,,1,영업/정상,0,정상,,,,,582-6261,0.0,331-808,충청남도 천안시 서북구 성환읍 와룡리 **-*번지 외 *필지,충청남도 천안시 서북구 성환읍 와룡길 *** (외 *필지),,다복목장,2016-04-11 11:49,I,2018-08-31 23:59,,209135.218,384045.5914,가축사육업,,625,0,0.0,한우,60,127.10047583150639,36.957951112002476
13954,가축사육업,2005-11-29,,1,영업/정상,0,정상,,,,,584-5576,0.0,330-813,충청남도 천안시 서북구 직산읍 양당리 **-* 외 *필지,,,진용목장,2022-02-11 15:20,U,2022-02-13 2:40,,210627.3394,375208.7106,가축사육업,,626,0,0.0,젖소,50,127.11710640318687,36.87830765832535
13955,가축사육업,2005-11-29,,1,영업/정상,0,정상,,,,,,0.0,330-813,충청남도 천안시 서북구 직산읍 마정리 **-*번지,충청남도 천안시 서북구 직산읍 부송로 ***,,온누리목장,2016-04-21 13:17,I,2018-08-31 23:59,,209854.0818,375637.1193,가축사육업,,628,0,0.0,한우,70,127.10843866728997,36.88217634659448
13956,가축사육업,2005-11-29,,1,영업/정상,0,정상,,,,,581-4669,0.0,330-811,"충청남도 천안시 서북구 직산읍 군동리 *** 외 *필지(***-*,-*,-*,***)","충청남도 천안시 서북구 직산읍 군동*길 **-**, 외 *필지",31032,서울목장,2022-08-22 14:45,U,2022-08-24 2:40,,214713.804,378051.7488,가축사육업,,629,0,0.0,한우,92,127.1629971912996,36.9038714070579
13957,가축사육업,2005-08-03,,1,영업/정상,0,정상,,,,,564-1023,0.0,330-863,충청남도 천안시 동남구 병천면 용두리 ***번지,,,매봉농장,2020-04-05 10:18,U,2020-04-07 2:40,,,,가축사육업,,475,0,0.0,한우,12,127.321501819615,36.7534230971456
13958,가축사육업,2005-08-03,,1,영업/정상,0,정상,,,,,,0.0,330-863,충청남도 천안시 동남구 병천면 송정리 **-* 외 *필지,,,송정농장,2022-10-28 10:02,U,2022-10-30 2:40,,229220.193,359722.3453,가축사육업,,476,0,0.0,한우,20,127.32505896009997,36.73837064903224
13959,가축사육업,2005-08-22,,1,영업/정상,0,정상,,,,,566-7675,0.0,330-923,충청남도 천안시 동남구 광덕면 매당리 ***번지,,,영일농장,2014-11-18 10:56,I,2018-08-31 23:59,,210153.3854,356520.0864,가축사육업,,477,0,0.0,한우,24,127.11154281854249,36.709908680182686
13960,가축사육업,2005-08-22,,1,영업/정상,0,정상,,,,,553-3463,0.0,330-852,충청남도 천안시 동남구 북면 매송리 **번지,충청남도 천안시 동남구 북면 매송*길 **-**,31241,매송농장,2016-02-01 18:06,I,2018-08-31 23:59,,225081.099,367373.9059,가축사육업,,478,0,0.0,한우,15,127.2789685693593,36.8074369035024
13961,가축사육업,2005-12-16,,1,영업/정상,0,정상,,,,,,0.0,330-872,충청남도 천안시 동남구 동면 장송리 ***-** 외*필지,충청남도 천안시 동남구 동면 용두천길 **-** (외*필지),,성원농산,2020-07-16 10:41,U,2020-07-18 2:40,,234472.7387,364031.8324,가축사육업,,662,0,0.0,돼지,5000,127.38406031299019,36.77702726803824
13962,가축사육업,2005-12-21,,1,영업/정상,0,정상,,,,,566-7706,0.0,330-912,충청남도 천안시 동남구 풍세면 용정리 ***-*번지 외 *필지,,,개구리목장,2020-01-06 13:32,U,2020-01-08 2:40,,208751.1359,359868.6464,가축사육업,,667,0,0.0,젖소,32,127.09588688194648,36.740096949957014
13963,가축사육업,2012-04-13,,1,영업/정상,0,정상,,,,,,,,충청남도 천안시 동남구 수신면 백자리 ***-**,충청남도 천안시 동남구 수신면 백자*길 ***,31250,한울목장,2020-07-13 15:28,U,2020-07-15 2:40,,225128.0529,356844.2075,가축사육업,,1026,0,0.0,한우,100,127.27914898546503,36.71255240847838
13963,가축사육업,2012-04-13,,1,영업/정상,0,정상,,,,,,,,충청남도 천안시 동남구 수신면 백자리 ***-**,충청남도 천안시 동남구 수신면 백자*길 ***,31250,한울목장,2020-07-13 15:28,U,2020-07-15 2:40,,225128.0529,356844.2075,가축사육업,,1026,0,0.0,한우,168,127.27914898546503,36.71255240847838
13964,가축사육업,2012-04-13,,1,영업/정상,0,정상,,,,,,,,충청남도 천안시 서북구 성환읍 양령리 ***-*번지,"충청남도 천안시 서북구 성환읍 양령*길 **, 외 *필지(***-**)",31004,새벽농장,2020-03-06 15:57,U,2020-03-08 2:40,,213325.61,384601.6963,가축사육업,,1027,0,0.0,한우,296,127.1475360897077,36.96291237376989
13965,가축사육업,2012-05-17,,1,영업/정상,0,정상,,,,,,,330-871,충청남도 천안시 동남구 동면 행암리 *** 외 *필지(***),충청남도 천안시 동남구 동면 행암길 **,31258,농업회사법인 주식회사 돈우정(행암농장지점),2023-09-18 9:39,U,2023-09-20 2:40,,231119.247,366610.998,가축사육업,,1029,L00,0.0,돼지,1200,127.34660107585232,36.80038367574034
13966,가축사육업,2012-05-17,,1,영업/정상,0,정상,,,,,,,331-802,충청남도 천안시 서북구 성환읍 양령리 ***-*번지 ***-**,충청남도 천안시 서북구 성환읍 양령*길 ***-**,31004,덕현1목장,2016-04-20 13:12,I,2018-08-31 23:59,,214684.8115,383903.2429,가축사육업,,1030,0,0.0,젖소,510,127.162784918399,36.956598642707505
13967,가축사육업,2005-04-01,,1,영업/정상,0,정상,,,,,522-3657,0.0,330-881,충청남도 천안시 동남구 수신면 백자리 * 외 *필지(*-*),,,발산목장,2021-11-22 15:23,U,2021-11-24 2:40,,225996.5585,356900.58,가축사육업,,197,0,0.0,한우,102,127.28887144372626,36.71303708173881
13968,가축사육업,2005-04-01,,1,영업/정상,0,정상,,,,,,0.0,330-881,충청남도 천안시 동남구 수신면 발산리 ***-*,충청남도 천안시 동남구 수신면 발산*길 ***-*,,광신목장,2022-10-06 21:18,U,2022-10-08 2:40,,226960.0373,357267.6629,가축사육업,,198,0,0.0,한우,101,127.29966792008682,36.71631810897498
13969,가축사육업,2005-04-01,,1,영업/정상,0,정상,,,,,552-6201,0.0,330-881,충청남도 천안시 동남구 수신면 발산리 ***-*,충청남도 천안시 동남구 수신면 발산*길 **-**,31250,남산농장,2022-04-12 19:59,U,2022-04-14 2:40,,227105.2665,357471.2594,가축사육업,,199,0,0.0,한우,160,127.30130063880529,36.718148607438096
13970,가축사육업,2005-04-01,,1,영업/정상,0,정상,,,,2020-01-28,,0.0,,충청남도 천안시 동남구 수신면 장산리 ***-*,충청남도 천안시 동남구 수신면 상리길 **,31252,장산농장,2023-11-08 11:41,U,2023-11-11 2:40,,226365.929,361110.2263,가축사육업,,200,0,0.0,한우,11,127.29315041526758,36.75096024354836
13971,가축사육업,2005-04-01,,1,영업/정상,0,정상,,,,,522-3711,0.0,330-882,충청남도 천안시 동남구 수신면 장산리 ***-*번지,충청남도 천안시 동남구 수신면 수신로 ***,,하동농장,2020-01-13 11:06,U,2020-01-15 2:40,,225862.7295,360506.619,가축사육업,,202,0,0.0,한우,39,127.28749527854309,36.745534936370035
13972,가축사육업,2005-04-01,,1,영업/정상,0,정상,,,,,522-9093,0.0,330-882,충청남도 천안시 동남구 수신면 장산리 ***번지,충청남도 천안시 동남구 수신면 도현길 **,,부부농장,2005-04-01 11:44,I,2018-08-31 23:59,,226984.085,360761.9234,가축사육업,,203,0,0.0,한우,70,127.3000601448273,36.74780434747669
13973,가축사육업,2005-04-01,,1,영업/정상,0,정상,,,,,522-5588,0.0,330-882,충청남도 천안시 동남구 수신면 장산리 ***번지,충청남도 천안시 동남구 수신면 장산동길 **,31252,산내들농축,2015-11-10 10:28,I,2018-08-31 23:59,,226649.6257,359310.8736,가축사육업,,204,0,0.0,종계/산란계,55000,127.29626458690069,36.73473832403863
13974,가축사육업,2005-04-01,,1,영업/정상,0,정상,,,,,,0.0,330-882,충청남도 천안시 동남구 수신면 장산리 *** 외 *필지,충청남도 천안시 동남구 수신면 장산동길 ** (외 *필지),,농업회사법인 주식회사 서연농장,2022-06-07 16:50,U,2022-06-09 2:40,,226767.2713,359316.2787,가축사육업,,205,L00,0.0,돼지,2200,127.29758187426135,36.734783728410676
13975,가축사육업,2004-10-28,,1,영업/정상,0,정상,,,,,,0.0,330-862,"충청남도 천안시 동남구 병천면 관성리 ***-* ***, ***, ***-*",충청남도 천안시 동남구 병천면 관성*길 ***-**,31240,운암농장,2023-04-24 17:20,U,2023-04-26 2:40,,228674.9831,367727.5122,가축사육업,,77,0,0.0,종계/산란계,37000,127.31925506729782,36.81052146256134
13976,가축사육업,2005-04-04,,1,영업/정상,0,정상,,,,,557-5735,0.0,330-841,충청남도 천안시 동남구 목천읍 교천리 ***-*번지 외 *필지,충청남도 천안시 동남구 목천읍 교천지산길 ***-* (외 *필지),,흑성목장,2015-03-11 20:45,I,2018-08-31 23:59,,217348.9386,364521.4929,가축사육업,,206,0,0.0,한우,88,127.1922563567147,36.781906451925565
13977,가축사육업,2005-04-04,,1,영업/정상,0,정상,,,,,557-2934,0.0,,충청남도 천안시 동남구 목천읍 교촌리 *-**번지 성준농장,"충청남도 천안시 동남구 목천읍 교촌*길 ***-**, (교촌리 *-**)",31229,성준농장,2020-01-07 9:58,U,2020-01-09 2:40,,220793.8784,366497.9338,가축사육업,,207,0,0.0,한우,100,127.23090171542181,36.79964708335515
13978,가축사육업,2005-04-04,,1,영업/정상,0,정상,,,,,557-2801,0.0,330-853,충청남도 천안시 동남구 북면 상동리 ***-*,충청남도 천안시 동남구 북면 상동*길 **-**,,희석목장,2023-02-10 9:28,U,2023-02-12 2:40,,223287.0336,363728.2093,가축사육업,,208,0,0.0,젖소,85,127.25875303994945,36.774631292597874
13978,가축사육업,2005-04-04,,1,영업/정상,0,정상,,,,,557-2801,0.0,330-853,충청남도 천안시 동남구 북면 상동리 ***-*,충청남도 천안시 동남구 북면 상동*길 **-**,,희석목장,2023-02-10 9:28,U,2023-02-12 2:40,,223287.0336,363728.2093,가축사육업,,208,0,0.0,젖소,28,127.25875303994945,36.774631292597874
13979,가축사육업,2005-04-04,,1,영업/정상,0,정상,,,,,553-5969,0.0,,충청남도 천안시 동남구 병천면 관성리 ***-*번지,충청남도 천안시 동남구 병천면 관성*길 ***,31240,인촌농장,2020-02-05 9:37,U,2020-02-07 2:40,,229668.8619,367113.4622,가축사육업,,209,0,0.0,육계,47916,127.33036906689401,36.8049577705317
13980,가축사육업,2005-04-04,,1,영업/정상,0,정상,,,,,,0.0,330-872,충청남도 천안시 동남구 동면 화덕리 ***번지,,,세연농장,2017-07-11 17:42,I,2018-08-31 23:59,,235657.1934,361893.2927,가축사육업,,210,0,0.0,육계,45000,127.39722823984987,36.75771339138624
13981,가축사육업,2005-04-04,,1,영업/정상,0,정상,,,,,553-5120,0.0,330-862,충청남도 천안시 동남구 병천면 매성리 ***번지 ***,충청남도 천안시 동남구 병천면 매성*길 **,31240,대진농장,2018-03-16 8:58,I,2018-08-31 23:59,,228322.9265,366803.732,가축사육업,,211,0,0.0,오리,8498,127.31527547477782,36.80220793093811
13981,가축사육업,2005-04-04,,1,영업/정상,0,정상,,,,,553-5120,0.0,330-862,충청남도 천안시 동남구 병천면 매성리 ***번지 ***,충청남도 천안시 동남구 병천면 매성*길 **,31240,대진농장,2018-03-16 8:58,I,2018-08-31 23:59,,228322.9265,366803.732,가축사육업,,211,0,0.0,오리,271,127.31527547477782,36.80220793093811
13982,가축사육업,2005-10-19,,1,영업/정상,0,정상,,,,,,0.0,330-808,"충청남도 천안시 서북구 성환읍 왕림리 ***-*번지 외 *필지, *** 번지","충청남도 천안시 서북구 성환읍 각금*길 ***-* (외 *필지, *** 번지)",,대찬성목장,2020-03-27 16:54,U,2020-03-29 2:40,,208320.4539,380116.8327,가축사육업,,541,0,0.0,한우,0,127.0912846170631,36.92255721381079
13983,가축사육업,2005-10-19,,1,영업/정상,0,정상,,,,,581-9047,0.0,330-807,충청남도 천안시 서북구 성환읍 송덕리 ***-**번지,충청남도 천안시 서북구 성환읍 송덕*길 **,,모자목장,2015-12-14 11:15,I,2018-08-31 23:59,,210370.9336,379370.6821,가축사육업,,542,0,0.0,한우,18,127.11428700551053,36.915813573739456
13984,가축사육업,2005-10-19,,1,영업/정상,0,정상,,,,,581-6429,0.0,330-811,"충청남도 천안시 서북구 직산읍 군서리 ***-* ,***-* 번지","충청남도 천안시 서북구 직산읍 군수*길 *** (,***-* 번지)",,세일목장,2023-05-11 14:11,U,2023-05-13 2:40,,213932.4738,377625.7097,가축사육업,,544,0,0.0,한우,110,127.15422267967938,36.90004422905974
13985,가축사육업,2005-07-19,,1,영업/정상,0,정상,,,,,,0.0,330-912,충청남도 천안시 동남구 풍세면 보성리 ***-*번지,충청남도 천안시 동남구 풍세면 풍세*길 **-**,,영광목장,2020-03-27 16:28,U,2020-03-29 2:40,,210395.0867,358504.4839,가축사육업,,433,0,0.0,한우,50,127.11427474695667,36.72778781813108
13986,가축사육업,2005-04-12,,1,영업/정상,0,정상,,,,,552-1192,0.0,330-881,충청남도 천안시 동남구 수신면 발산리 ***-*번지 외 *필지,충청남도 천안시 동남구 수신면 발산*길 *** (외 *필지),,계봉농장,2015-02-02 14:26,I,2018-08-31 23:59,,226626.0045,357144.8604,가축사육업,,217,0,0.0,종계/산란계,30000,127.29592489276772,36.71522092393874
13987,가축사육업,2005-04-12,,1,영업/정상,0,정상,,,,,,0.0,330-862,"충청남도 천안시 동남구 병천면 관성리 ***-* 외 *필지(***-*,***-*,***-*,***-*)",충청남도 천안시 동남구 병천면 관성*길 **,31240,매산양돈 영농조합법인,2024-01-29 18:31,U,2024-01-31 2:40,,228431.4731,368865.8929,가축사육업,,218,L00,0.0,돼지,4000,127.31656859973776,36.8207866208273
13988,가축사육업,2005-04-12,,1,영업/정상,0,정상,,,,,523-4478,0.0,330-872,충청남도 천안시 동남구 동면 죽계리 ***번지,충청남도 천안시 동남구 동면 죽계리*길 **,,희성농장,2013-11-16 11:57,I,2018-08-31 23:59,,233423.1108,366039.6599,가축사육업,,220,0,0.0,종계/산란계,6000,127.37239073215012,36.79515709288815
13988,가축사육업,2005-04-12,,1,영업/정상,0,정상,,,,,523-4478,0.0,330-872,충청남도 천안시 동남구 동면 죽계리 ***번지,충청남도 천안시 동남구 동면 죽계리*길 **,,희성농장,2013-11-16 11:57,I,2018-08-31 23:59,,233423.1108,366039.6599,가축사육업,,220,0,0.0,종계/산란계,130,127.37239073215012,36.79515709288815
13989,가축사육업,2005-04-19,,1,영업/정상,0,정상,,,,,,0.0,331-808,"충청남도 천안시 서북구 성환읍 우신리 **-*번지 ,**",충청남도 천안시 서북구 성환읍 와룡길 **,31002,총림목장,2015-11-16 16:29,I,2018-08-31 23:59,,210403.0347,380721.5813,가축사육업,,234,0,0.0,젖소,40,127.11466569033014,36.92798598004495
13990,가축사육업,2005-04-19,,1,영업/정상,0,정상,,,,,581-6671,0.0,330-801,충청남도 천안시 서북구 성환읍 어룡리 ***-* 외 *필지,충청남도 천안시 서북구 성환읍 우신새터길 ** (외 *필지),,백양목장,2022-02-11 15:21,U,2022-02-13 2:40,,210705.7734,380809.7632,가축사육업,,235,0,0.0,젖소,42,127.11806480768783,36.92877720515266
13991,가축사육업,2005-04-19,,1,영업/정상,0,정상,,,,2022-02-21,581-9058,0.0,331-808,충청남도 천안시 서북구 성환읍 와룡리 ***-*,충청남도 천안시 서북구 성환읍 와우*길 **-**,,사랑목장,2023-08-10 18:00,U,2023-08-12 2:40,,209406.2695,382939.1779,가축사육업,,239,0,0.0,한우,0,127.10350557938744,36.94797877895878
13992,가축사육업,2005-04-20,,1,영업/정상,0,정상,,,,,,0.0,330-814,충청남도 천안시 서북구 직산읍 모시리 ***-** 외 *필지,충청남도 천안시 서북구 직산읍 *산단*로 *** (외 *필지),,호수목장,2023-12-27 9:47,U,2023-12-29 2:40,,210673.3853,374041.565,가축사육업,,242,0,0.0,한우,100,127.11760656380265,36.867790075757156
13993,가축사육업,2005-04-21,,1,영업/정상,0,정상,,,,,,0.0,330-872,충청남도 천안시 동남구 동면 수남리 ***,충청남도 천안시 동남구 동면 수남*길 **,,근묵농장,2020-07-29 9:25,U,2020-07-31 2:40,,233063.1632,363437.424,가축사육업,,245,0,0.0,돼지,900,127.36824518880485,36.77172121475572
13994,가축사육업,2004-04-27,,1,영업/정상,0,정상,,,,,567-7185,0.0,330-851,충청남도 천안시 동남구 북면 대평리 ***,,,신광목장,2023-02-10 9:23,U,2023-02-12 2:40,,225201.096,374228.2102,가축사육업,,1,0,0.0,젖소,270,127.28053985872293,36.86919712856022
13995,가축사육업,2004-04-19,,1,영업/정상,0,정상,,,,,582-3827,0.0,330-807,"충청남도 천안시 서북구 성환읍 율금리 ***-** ,*,**,**",충청남도 천안시 서북구 성환읍 부송로 **-**,31009,농업회사법인 숲이랑 제2농장,2024-01-31 10:53,U,2024-02-02 2:40,,209106.4543,376697.5443,가축사육업,,4,L00,0.0,육우,0,127.10006510122045,36.89173919867495
13996,가축사육업,2004-04-20,,1,영업/정상,0,정상,,,,,568-8264,0.0,330-872,충청남도 천안시 동남구 동면 수남리 ***-*,충청남도 천안시 동남구 동면 화복로 ***-**,,퍼펙트농장,2021-11-26 10:31,U,2021-11-28 2:40,,234453.4363,362778.9028,가축사육업,,6,0,0.0,육계,89320,127.38378761840094,36.76573794435695
13997,가축사육업,2004-09-23,,1,영업/정상,0,정상,,,,,553-1241,0.0,330-892,충청남도 천안시 동남구 성남면 화성리 *** 외 **필지,,,마글론농장,2023-02-23 17:17,U,2023-02-25 2:40,,224121.9072,360831.8528,가축사육업,,22,0,0.0,돼지,8852,127.26801341956218,36.74851135179724
13998,가축사육업,2005-07-18,,1,영업/정상,0,정상,,,,,553-0894,0.0,330-893,충청남도 천안시 동남구 성남면 봉양리 ***-*번지,충청남도 천안시 동남구 성남면 봉양*길 **,,석수농장,2014-02-16 17:02,I,2018-08-31 23:59,,222393.0069,357393.207,가축사육업,,415,0,0.0,육계,30000,127.2485535720493,36.71756770186124
13999,가축사육업,2004-12-14,,1,영업/정상,0,정상,,,,,566-6489,0.0,330-922,충청남도 천안시 동남구 광덕면 대평리 ***번지 *통,충청남도 천안시 동남구 광덕면 대평교길 **,,피덕농장,2014-03-03 17:36,I,2018-08-31 23:59,,213820.4226,352375.7605,가축사육업,,105,0,0.0,육계,58000,127.15250982484011,36.672517347262314
14000,가축사육업,2005-01-27,,1,영업/정상,0,정상,,,,,,0.0,331-801,충청남도 천안시 서북구 성환읍 신가리 ***-*,충청남도 천안시 서북구 성환읍 성환신흥*길 **-**,,다정목장,2022-11-23 20:16,U,2022-11-25 2:40,,209779.5153,382943.2425,가축사육업,,108,0,0.0,한우,30,127.10769596254005,36.94801162944874
14001,가축사육업,2005-02-17,,1,영업/정상,0,정상,,,,,,0.0,330-911,충청남도 천안시 동남구 풍세면 남관리 ***-**,"충청남도 천안시 동남구 풍세면 휴대세교길 ***-**, 연목장",31213,연목장,2023-11-15 15:07,U,2023-11-18 2:40,,209067.8257,361705.2047,가축사육업,,109,0,0.0,육우,75,127.0994543184295,36.75664345548208
14002,가축사육업,2005-02-17,,1,영업/정상,0,정상,,,,,568-5158,0.0,330-921,충청남도 천안시 동남구 광덕면 보산원리 ***번지,충청남도 천안시 동남구 광덕면 보산원*길 ** (**),31218,양지목장,2016-01-29 16:35,I,2018-08-31 23:59,,206494.0855,354201.749,가축사육업,,110,0,0.0,한우,80,127.07056841148463,36.68904947138776
14003,가축사육업,2005-02-24,,1,영업/정상,0,정상,,,,,564-1604,0.0,330-892,"충청남도 천안시 동남구 성남면 화성리 **-*번지 외 *필지(**-**,**-**,**-**)",충청남도 천안시 동남구 성남면 신사운전길 ***-**,31244,자연농장,2015-08-18 9:30,I,2018-08-31 23:59,,222614.8925,362220.6998,가축사육업,,112,0,0.0,육계,43000,127.25117962104058,36.76106331568083
14003,가축사육업,2005-02-24,,1,영업/정상,0,정상,,,,,564-1604,0.0,330-892,"충청남도 천안시 동남구 성남면 화성리 **-*번지 외 *필지(**-**,**-**,**-**)",충청남도 천안시 동남구 성남면 신사운전길 ***-**,31244,자연농장,2015-08-18 9:30,I,2018-08-31 23:59,,222614.8925,362220.6998,가축사육업,,112,0,0.0,육계,9,127.25117962104058,36.76106331568083
14004,가축사육업,2005-02-24,,1,영업/정상,0,정상,,,,,556-2259,0.0,330-882,충청남도 천안시 동남구 수신면 장산리 ***번지,충청남도 천안시 동남구 수신면 장산동길 ***-**,31252,영광농장,2015-11-10 10:25,I,2018-08-31 23:59,,226966.8111,360150.604,가축사육업,,113,0,0.0,육계,68800,127.29984519268616,36.74229622603988
14004,가축사육업,2005-02-24,,1,영업/정상,0,정상,,,,,556-2259,0.0,330-882,충청남도 천안시 동남구 수신면 장산리 ***번지,충청남도 천안시 동남구 수신면 장산동길 ***-**,31252,영광농장,2015-11-10 10:25,I,2018-08-31 23:59,,226966.8111,360150.604,가축사육업,,113,0,0.0,육계,9963,127.29984519268616,36.74229622603988
14005,가축사육업,2005-07-18,,1,영업/정상,0,정상,,,,,,0.0,330-891,충청남도 천안시 동남구 성남면 석곡리 ***-*,충청남도 천안시 동남구 성남면 석곡*길 **,,라온농장,2023-04-24 15:52,U,2023-04-26 2:40,,219451.5989,360241.4271,가축사육업,,420,0,0.0,한우,0,127.21570249132809,36.74329787836412
14006,가축사육업,2008-07-10,,1,영업/정상,0,정상,,,,,,0.0,331-821,충청남도 천안시 서북구 입장면 가산리 **,충청남도 천안시 서북구 입장면 가좌울*길 **-**,,정우목장,2020-07-24 11:35,U,2020-07-26 2:40,,218026.0933,381468.5232,가축사육업,,862,0,0.0,한우,0,127.20024286490258,36.93460212456173
14007,가축사육업,2008-07-10,,1,영업/정상,0,정상,,,,,,0.0,331-808,"충청남도 천안시 서북구 성환읍 왕림리 ***-** ***-*,*,*,*",충청남도 천안시 서북구 성환읍 각금*길 **-**,31007,상명목장,2022-02-11 15:26,U,2022-02-13 2:40,,208160.5866,380195.7831,가축사육업,,863,0,0.0,젖소,32,127.08949126893944,36.92327001105022
14008,가축사육업,2008-07-10,,1,영업/정상,0,정상,,,,,,0.0,330-808,충청남도 천안시 서북구 성환읍 와룡리 **-*번지,충청남도 천안시 서북구 성환읍 와우*길 ***,31000,유명목장,2019-12-19 11:08,U,2019-12-21 2:40,,209185.967,383631.594,가축사육업,,864,0,0.0,한우,75,127.10104065541769,36.95422017102414
14009,가축사육업,2008-07-11,,1,영업/정상,0,정상,,,,,,0.0,330-911,충청남도 천안시 동남구 풍세면 미죽리 ***-*,,,미죽농장,2021-09-30 9:10,U,2021-10-02 2:40,,213542.1106,359992.9041,가축사육업,,868,0,0.0,한우,3,127.14953062636684,36.74116071582595
14010,가축사육업,2008-08-01,,1,영업/정상,0,정상,,,,,569-9809,0.0,330-872,충청남도 천안시 동남구 동면 화덕리 ***번지,충청남도 천안시 동남구 동면 화덕*길 ***,,지유농장,2019-12-13 9:21,U,2019-12-15 2:40,,235159.4759,361584.8809,가축사육업,,869,0,0.0,한우,35,127.39164027373842,36.75495286015885
14011,가축사육업,2008-08-01,,1,영업/정상,0,정상,,,,,566-7768,0.0,330-923,충청남도 천안시 동남구 광덕면 매당리 ***-*,충청남도 천안시 동남구 광덕면 쇳골길 ***,,대동목장,2023-03-15 14:16,U,2023-03-17 2:40,,208382.1208,355883.4568,가축사육업,,872,0,0.0,한우,11,127.09171188996811,36.70418904563825
14012,가축사육업,2005-03-05,,1,영업/정상,0,정상,,,,,553-8189,0.0,330-912,충청남도 천안시 동남구 풍세면 보성리 ***,충청남도 천안시 동남구 풍세면 용무길 **-**,,가나안농장,2020-11-27 10:43,U,2020-11-29 2:40,,209801.5355,358261.8788,가축사육업,,117,0,0.0,종계/산란계,20000,127.10762708973519,36.725607937396504
14012,가축사육업,2005-03-05,,1,영업/정상,0,정상,,,,,553-8189,0.0,330-912,충청남도 천안시 동남구 풍세면 보성리 ***,충청남도 천안시 동남구 풍세면 용무길 **-**,,가나안농장,2020-11-27 10:43,U,2020-11-29 2:40,,209801.5355,358261.8788,가축사육업,,117,0,0.0,종계/산란계,450,127.10762708973519,36.725607937396504
14013,가축사육업,2005-03-05,,1,영업/정상,0,정상,,,,,553-3783,0.0,330-912,충청남도 천안시 동남구 풍세면 용정리 ***-*,충청남도 천안시 동남구 풍세면 한우물*길 **-**,31214,요셉농장,2021-09-06 17:35,U,2021-09-08 2:40,,209720.513,358958.9262,가축사육업,,118,0,0.0,종계/산란계,59136,127.10672890681549,36.73188996545076
14014,가축사육업,2005-03-07,,1,영업/정상,0,정상,,,,,566-6838,0.0,330-912,충청남도 천안시 동남구 풍세면 용정리 ***-*번지 외 *필지,충청남도 천안시 동남구 풍세면 봉강천로 **-* (외 *필지),,호중농장,2018-06-08 10:53,I,2018-08-31 23:59,,210345.4082,361197.207,가축사육업,,119,0,0.0,종계/산란계,32000,127.11375485422148,36.752052845506064
14015,가축사육업,2005-07-19,,1,영업/정상,0,정상,,,,2019-04-14,557-2512,0.0,330-841,"충청남도 천안시 동남구 목천읍 교천리 *** 외 *필지(***-*,***-*,***-*)",,,대일농장,2022-02-21 9:15,U,2022-02-23 2:40,,217711.2753,363553.9065,가축사육업,,455,0,0.0,한우,5,127.19629301409815,36.77318081457508
14016,가축사육업,2005-07-19,,1,영업/정상,0,정상,,,,,,0.0,330-851,"충청남도 천안시 동남구 북면 납안리 *** 외 *필지(***, ***, ***)",충청남도 천안시 동남구 북면 납안*길 **,31063,민규목장,2023-02-10 9:34,U,2023-02-12 2:40,,222561.1292,372365.3162,가축사육업,,456,0,0.0,젖소,100,127.25087719192595,36.852477354228895
14017,가축사육업,2005-07-22,,1,영업/정상,0,정상,,,,,553-8795,0.0,330-893,충청남도 천안시 동남구 성남면 대흥리 *** 외 *필지,충청남도 천안시 동남구 성남면 대흥*길 ***-*,31248,효덕목장,2022-02-11 14:32,U,2022-02-13 2:40,,221410.2965,358621.9948,가축사육업,,458,0,0.0,젖소,130,127.23758836102569,36.72866301790223
14018,가축사육업,2008-09-04,,1,영업/정상,0,정상,,,,,574-7817,0.0,330-911,충청남도 천안시 동남구 풍세면 남관리 ***-*번지,충청남도 천안시 동남구 풍세면 휴대세교길 ***-**,,다롱농장,2020-01-06 13:33,U,2020-01-08 2:40,,209167.7695,361775.9437,가축사육업,,876,0,0.0,한우,19,127.10057441197449,36.75727993866369
14019,가축사육업,2005-10-19,,1,영업/정상,0,정상,,,,,,0.0,330-811,충청남도 천안시 서북구 직산읍 군서리 **-* 외 *필지,충청남도 천안시 서북구 직산읍 군수*길 *** (외 *필지),,삼보목장,2022-01-10 17:28,U,2022-01-12 2:40,,214300.0179,377562.4597,가축사육업,,545,0,0.0,젖소,30,127.15834522079014,36.89946881924751
14020,가축사육업,2005-10-20,,1,영업/정상,0,정상,,,,,,0.0,330-807,충청남도 천안시 서북구 성환읍 율금리 ***-**,충청남도 천안시 서북구 성환읍 율금*길 **-**,,칠보목장,2021-01-07 13:36,U,2021-01-09 2:40,,208280.0843,377368.6736,가축사육업,,547,0,0.0,한우,97,127.09080174505544,36.89779423374351
14021,가축사육업,2005-10-20,,1,영업/정상,0,정상,,,,,581-9318,0.0,330-807,충청남도 천안시 서북구 성환읍 율금리 ***-**,충청남도 천안시 서북구 성환읍 율금*길 **-**,,태현목장,2022-02-11 15:12,U,2022-02-13 2:40,,208313.1487,377362.4469,가축사육업,,548,0,0.0,젖소,60,127.09117263948315,36.8977378371779
14022,가축사육업,2005-10-20,,1,영업/정상,0,정상,,,,,581-5137,0.0,330-805,충청남도 천안시 서북구 성환읍 성환리 ***-*번지,충청남도 천안시 서북구 성환읍 신방로 ***-***,,충남농장,2019-02-26 15:15,U,2019-02-28 2:40,,211544.7271,381451.4123,가축사육업,,550,0,0.0,돼지,1000,127.127490881575,36.93454915781642
14023,가축사육업,2005-10-20,,1,영업/정상,0,정상,,,,,,0.0,,"충청남도 천안시 서북구 성환읍 송덕리 *** 외 *필지(***,**,**-*)",충청남도 천안시 서북구 성환읍 왕림길 ***-**,31008,황금목장,2023-12-14 16:07,U,2023-12-16 2:40,,210023.1515,379748.9682,가축사육업,,552,0,0.0,젖소,100,127.11038916402198,36.91922599421204
14023,가축사육업,2005-10-20,,1,영업/정상,0,정상,,,,,,0.0,,"충청남도 천안시 서북구 성환읍 송덕리 *** 외 *필지(***,**,**-*)",충청남도 천안시 서북구 성환읍 왕림길 ***-**,31008,황금목장,2023-12-14 16:07,U,2023-12-16 2:40,,210023.1515,379748.9682,가축사육업,,552,0,0.0,젖소,138,127.11038916402198,36.91922599421204
14023,가축사육업,2005-10-20,,1,영업/정상,0,정상,,,,,,0.0,,"충청남도 천안시 서북구 성환읍 송덕리 *** 외 *필지(***,**,**-*)",충청남도 천안시 서북구 성환읍 왕림길 ***-**,31008,황금목장,2023-12-14 16:07,U,2023-12-16 2:40,,210023.1515,379748.9682,가축사육업,,552,0,0.0,젖소,200,127.11038916402198,36.91922599421204
14024,가축사육업,2005-10-20,,1,영업/정상,0,정상,,,,,583-7320,0.0,331-815,충청남도 천안시 서북구 직산읍 부송리 ***번지,충청남도 천안시 서북구 직산읍 부송*길 **-**,31038,해정목장,2015-07-03 16:59,I,2018-08-31 23:59,,211450.5839,374356.2124,가축사육업,,553,0,0.0,젖소,0,127.1263275523831,36.87061629620896
14025,가축사육업,2005-10-26,,1,영업/정상,0,정상,,,,,,0.0,330-802,충청남도 천안시 서북구 성환읍 수향리 **-* 외 **필지,충청남도 천안시 서북구 성환읍 연암로 *** (천안연암대학교),31005,연암대학교,2022-07-05 19:48,U,2022-07-07 2:40,,213830.0396,382939.9881,가축사육업,,556,L00,0.0,한우,145,127.15317002249573,36.947931831307855
14025,가축사육업,2005-10-26,,1,영업/정상,0,정상,,,,,,0.0,330-802,충청남도 천안시 서북구 성환읍 수향리 **-* 외 **필지,충청남도 천안시 서북구 성환읍 연암로 *** (천안연암대학교),31005,연암대학교,2022-07-05 19:48,U,2022-07-07 2:40,,213830.0396,382939.9881,가축사육업,,556,L00,0.0,한우,90,127.15317002249573,36.947931831307855
14025,가축사육업,2005-10-26,,1,영업/정상,0,정상,,,,,,0.0,330-802,충청남도 천안시 서북구 성환읍 수향리 **-* 외 **필지,충청남도 천안시 서북구 성환읍 연암로 *** (천안연암대학교),31005,연암대학교,2022-07-05 19:48,U,2022-07-07 2:40,,213830.0396,382939.9881,가축사육업,,556,L00,0.0,한우,3100,127.15317002249573,36.947931831307855
14025,가축사육업,2005-10-26,,1,영업/정상,0,정상,,,,,,0.0,330-802,충청남도 천안시 서북구 성환읍 수향리 **-* 외 **필지,충청남도 천안시 서북구 성환읍 연암로 *** (천안연암대학교),31005,연암대학교,2022-07-05 19:48,U,2022-07-07 2:40,,213830.0396,382939.9881,가축사육업,,556,L00,0.0,한우,33249,127.15317002249573,36.947931831307855
14026,가축사육업,2005-10-26,,1,영업/정상,0,정상,,,,,,0.0,330-802,충청남도 천안시 서북구 성환읍 수향리 **-* 외 **필지,충청남도 천안시 서북구 성환읍 연암로 *** (천안연암대학교),31005,연암대학교,2022-07-05 19:50,U,2022-07-07 2:40,,213830.0396,382939.9881,가축사육업,,557,L00,0.0,젖소,145,127.15317002249573,36.947931831307855
14026,가축사육업,2005-10-26,,1,영업/정상,0,정상,,,,,,0.0,330-802,충청남도 천안시 서북구 성환읍 수향리 **-* 외 **필지,충청남도 천안시 서북구 성환읍 연암로 *** (천안연암대학교),31005,연암대학교,2022-07-05 19:50,U,2022-07-07 2:40,,213830.0396,382939.9881,가축사육업,,557,L00,0.0,젖소,90,127.15317002249573,36.947931831307855
14026,가축사육업,2005-10-26,,1,영업/정상,0,정상,,,,,,0.0,330-802,충청남도 천안시 서북구 성환읍 수향리 **-* 외 **필지,충청남도 천안시 서북구 성환읍 연암로 *** (천안연암대학교),31005,연암대학교,2022-07-05 19:50,U,2022-07-07 2:40,,213830.0396,382939.9881,가축사육업,,557,L00,0.0,젖소,3100,127.15317002249573,36.947931831307855
14026,가축사육업,2005-10-26,,1,영업/정상,0,정상,,,,,,0.0,330-802,충청남도 천안시 서북구 성환읍 수향리 **-* 외 **필지,충청남도 천안시 서북구 성환읍 연암로 *** (천안연암대학교),31005,연암대학교,2022-07-05 19:50,U,2022-07-07 2:40,,213830.0396,382939.9881,가축사육업,,557,L00,0.0,젖소,33249,127.15317002249573,36.947931831307855
14027,가축사육업,2005-07-18,,1,영업/정상,0,정상,,,,,553-0989,0.0,330-893,"충청남도 천안시 동남구 성남면 신덕리 ***번지 외 *필지(***-*, ***-*)",충청남도 천안시 동남구 성남면 성남신덕*길 ***-*,31248,평화목장,2014-04-28 18:12,I,2018-08-31 23:59,,222144.7913,357838.1093,가축사육업,,422,0,0.0,한우,0,127.24578813163438,36.721582561713234
14028,가축사육업,2005-07-18,,1,영업/정상,0,정상,,,,,562-3768,0.0,,충청남도 천안시 동남구 풍세면 보성리 ***-* 외 *필지(산*-*),충청남도 천안시 동남구 풍세면 풍세*길 **-**,31217,경치농장,2023-12-26 10:31,U,2023-12-28 2:40,,210323.8358,358726.081,가축사육업,,424,0,0.0,육계,57000,127.11348009621422,36.729785435487116
14029,가축사육업,2005-07-19,,1,영업/정상,0,정상,,,,,566-7680,0.0,330-912,충청남도 천안시 동남구 풍세면 용정리 ***-*번지 외 *필지,충청남도 천안시 동남구 풍세면 태학산로 ***-** (외 *필지),,하도목장,2014-05-08 17:04,I,2018-08-31 23:59,,209096.4034,360686.5929,가축사육업,,429,0,0.0,젖소,120,127.09976230375318,36.74746435122146
14030,가축사육업,2007-03-29,,1,영업/정상,0,정상,,,,,581-5513,0.0,330-808,충청남도 천안시 서북구 성환읍 왕림리 **,충청남도 천안시 서북구 성환읍 임리길 **,,한양목장,2022-02-11 15:10,U,2022-02-13 2:40,,207619.4724,380425.3573,가축사육업,,761,0,0.0,젖소,57,127.08342057236403,36.925343162958775
14031,가축사육업,2007-04-04,,1,영업/정상,0,정상,,,,,,0.0,330-871,충청남도 천안시 동남구 동면 광덕리 ***-* 외*필지,충청남도 천안시 동남구 동면 동산광덕길 *** (외*필지),,금성목장,2023-06-30 9:54,U,2023-07-02 2:40,,229918.5714,364721.3849,가축사육업,,764,0,0.0,한우,50,127.33307350965451,36.78339512524201
14032,가축사육업,2005-04-26,,1,영업/정상,0,정상,,,,,582-0480,0.0,330-808,충청남도 천안시 서북구 성환읍 왕림리 **번지,,,새광일목장,2015-11-16 16:30,I,2018-08-31 23:59,,207521.0435,380738.5177,가축사육업,,256,0,0.0,젖소,60,127.08231894836602,36.92816579010318
14033,가축사육업,2005-10-26,,1,영업/정상,0,정상,,,,,,0.0,330-802,충청남도 천안시 서북구 성환읍 수향리 **-* 외 **필지,충청남도 천안시 서북구 성환읍 연암로 *** (천안연암대학교),31005,연암대학교,2023-08-23 10:07,U,2023-08-25 2:40,,213830.0396,382939.9881,가축사육업,,558,L00,0.0,돼지,145,127.15317002249573,36.947931831307855
14033,가축사육업,2005-10-26,,1,영업/정상,0,정상,,,,,,0.0,330-802,충청남도 천안시 서북구 성환읍 수향리 **-* 외 **필지,충청남도 천안시 서북구 성환읍 연암로 *** (천안연암대학교),31005,연암대학교,2023-08-23 10:07,U,2023-08-25 2:40,,213830.0396,382939.9881,가축사육업,,558,L00,0.0,돼지,90,127.15317002249573,36.947931831307855
14033,가축사육업,2005-10-26,,1,영업/정상,0,정상,,,,,,0.0,330-802,충청남도 천안시 서북구 성환읍 수향리 **-* 외 **필지,충청남도 천안시 서북구 성환읍 연암로 *** (천안연암대학교),31005,연암대학교,2023-08-23 10:07,U,2023-08-25 2:40,,213830.0396,382939.9881,가축사육업,,558,L00,0.0,돼지,3100,127.15317002249573,36.947931831307855
14033,가축사육업,2005-10-26,,1,영업/정상,0,정상,,,,,,0.0,330-802,충청남도 천안시 서북구 성환읍 수향리 **-* 외 **필지,충청남도 천안시 서북구 성환읍 연암로 *** (천안연암대학교),31005,연암대학교,2023-08-23 10:07,U,2023-08-25 2:40,,213830.0396,382939.9881,가축사육업,,558,L00,0.0,돼지,33249,127.15317002249573,36.947931831307855
14034,가축사육업,2009-02-18,,1,영업/정상,0,정상,,,,,,0.0,331-821,"충청남도 천안시 서북구 입장면 연곡리 ***-* ,***-*, ***-*","충청남도 천안시 서북구 입장면 양령*길 ***-* (,***-*, ***-*)",,교림목장,2022-02-11 15:22,U,2022-02-13 2:40,,215684.045,384045.5639,가축사육업,,900,0,0.0,젖소,33,127.17400722062418,36.957865025487905
14035,가축사육업,2009-02-19,,1,영업/정상,0,정상,,,,,553-5009,0.0,330-852,충청남도 천안시 동남구 북면 용암리 ***-*번지,,,용암농장,2013-07-18 10:28,I,2018-08-31 23:59,,223173.468,365747.0309,가축사육업,,901,0,0.0,한우,10,127.25754214848313,36.792825655295495
14036,가축사육업,2005-11-18,,1,영업/정상,0,정상,,,,,,0.0,330-815,충청남도 천안시 서북구 직산읍 부송리 ***-*,충청남도 천안시 서북구 직산읍 부송로 ***,31038,송림양돈,2022-10-17 11:00,U,2022-10-19 2:40,,211751.2257,374895.8327,가축사육업,,606,0,0.0,돼지,742,127.12970767759289,36.8754751033212
14037,가축사육업,2005-11-18,,1,영업/정상,0,정상,,,,,,0.0,330-912,충청남도 천안시 동남구 풍세면 용정리 ***-** 외 *필지,,,정우농장,2022-10-24 15:26,U,2022-10-26 2:40,,209984.1011,361088.6684,가축사육업,,607,0,0.0,돼지,2400,127.10970748329525,36.751078637748414
14038,가축사육업,2005-11-21,,1,영업/정상,0,정상,,,,,,0.0,330-861,충청남도 천안시 동남구 병천면 병천리 **-* 외 *필지,충청남도 천안시 동남구 병천면 개목고개길 **-* (외 *필지),,신촌농장,2022-04-28 14:40,U,2022-04-30 2:40,,227128.3191,363338.4355,가축사육업,,611,0,0.0,돼지,1000,127.30176653802125,36.77101718664237
14039,가축사육업,2005-11-23,,1,영업/정상,0,정상,,,,,,0.0,330-913,충청남도 천안시 동남구 풍세면 풍서리 ***-*,충청남도 천안시 동남구 풍세면 풍서*길 ***,,천일목장,2023-07-06 9:58,U,2023-07-08 2:40,,210299.5346,358049.2602,가축사육업,,613,0,0.0,젖소,0,127.11319898504176,36.72368676119781
14040,가축사육업,2006-10-31,,1,영업/정상,0,정상,,,,,,0.0,330-922,충청남도 천안시 동남구 광덕면 대평리 ***-*,충청남도 천안시 동남구 광덕면 차령로 ****,330-922,농업회사법인 동화농산 주식회사,2023-08-07 16:15,U,2023-08-09 2:40,,213065.3957,352224.8815,가축사육업,,745,L00,0.0,돼지,14500,127.14406110425227,36.671168357677374
14041,가축사육업,2006-11-20,,1,영업/정상,0,정상,,,,2023-11-02,,0.0,330-922,충청남도 천안시 동남구 광덕면 원덕리 ***-*,충청남도 천안시 동남구 광덕면 쌍령*길 ***-**,31223,광화농장,2023-11-02 16:01,U,2023-11-04 2:40,,209900.5919,351256.9852,가축사육업,,746,0,0.0,한우,0,127.10864596509232,36.66248438175821
14042,가축사육업,2006-11-20,,1,영업/정상,0,정상,,,,,553-0497,0.0,330-893,충청남도 천안시 동남구 성남면 봉양리 ***번지,충청남도 천안시 동남구 성남면 성남신덕*길 ***-**,,산양한우농장,2016-01-27 9:41,I,2018-08-31 23:59,,222448.5022,358058.0063,가축사육업,,748,0,0.0,한우,0,127.2491941905435,36.723556966034366
14043,가축사육업,2005-12-23,,1,영업/정상,0,정상,,,,,,0.0,330-801,충청남도 천안시 서북구 성환읍 어룡리 *** 외 *필지,충청남도 천안시 서북구 성환읍 와룡길 ***-** (외 *필지),,대표목장,2022-02-11 15:51,U,2022-02-13 2:40,,210572.5825,381323.7954,가축사육업,,682,0,0.0,젖소,95,127.11657702180034,36.93341056144223
14044,가축사육업,2005-12-23,,1,영업/정상,0,정상,,,,,,0.0,331-826,충청남도 천안시 서북구 입장면 신두리 ***-*번지,충청남도 천안시 서북구 입장면 섶머리*길 **,,청와대목장,2015-12-09 9:44,I,2018-08-31 23:59,,217286.9361,380044.3992,가축사육업,,690,0,0.0,한우,23,127.19191362734439,36.92178340323463
14045,가축사육업,2007-02-28,,1,영업/정상,0,정상,,,,,,0.0,330-862,충청남도 천안시 동남구 병천면 매성리 **번지,충청남도 천안시 동남구 병천면 관성*길 ***-**,,명호농장,2020-03-29 11:24,U,2020-03-31 2:40,,228225.7437,367971.7074,가축사육업,,755,0,0.0,한우,25,127.31422970707209,36.81273534922477
14046,가축사육업,2005-06-28,,1,영업/정상,0,정상,,,,,572-0493,0.0,330-911,"충청남도 천안시 동남구 풍세면 남관리 ***-** 외 *필지(***-**,***-**,***-**)",충청남도 천안시 동남구 풍세면 휴대세교길 ***-**,31213,준영목장,2023-02-16 21:47,U,2023-02-18 2:40,,209120.8643,361651.397,가축사육업,,345,0,0.0,한우,51,127.1000476482923,36.75615808334898
14047,가축사육업,2005-06-28,,1,영업/정상,0,정상,,,,2019-07-16,,0.0,330-911,충청남도 천안시 동남구 풍세면 남관리 ***,충청남도 천안시 동남구 풍세면 휴대세교길 ***-*,,대길농장,2021-02-04 9:38,U,2021-02-06 2:40,,209429.693,362028.8035,가축사육업,,346,0,0.0,한우,72,127.1035107656188,36.759555936033955
14047,가축사육업,2005-06-28,,1,영업/정상,0,정상,,,,2019-07-16,,0.0,330-911,충청남도 천안시 동남구 풍세면 남관리 ***,충청남도 천안시 동남구 풍세면 휴대세교길 ***-*,,대길농장,2021-02-04 9:38,U,2021-02-06 2:40,,209429.693,362028.8035,가축사육업,,346,0,0.0,한우,109,127.1035107656188,36.759555936033955
14048,가축사육업,2005-06-28,,1,영업/정상,0,정상,,,,,574-7801,0.0,330-911,충청남도 천안시 동남구 풍세면 남관리 ***-*번지,충청남도 천안시 동남구 풍세면 잔다리길 ***,31213,안성목장,2015-02-17 9:02,I,2018-08-31 23:59,,209983.7031,361887.4675,가축사육업,,347,0,0.0,육우,15,127.10971340592991,36.75827671051075
14049,가축사육업,2005-06-28,,1,영업/정상,0,정상,,,,,,0.0,330-911,충청남도 천안시 동남구 풍세면 남관리 ***번지 외 *필지(***-*),충청남도 천안시 동남구 풍세면 잔다리길 ***-*,31213,한돌농장,2019-04-07 16:49,U,2019-04-09 2:40,,209949.264,361955.3667,가축사육업,,348,0,0.0,한우,47,127.10932860090958,36.75888891695458
14050,가축사육업,2007-02-08,,1,영업/정상,0,정상,,,,,554-0180,0.0,,충청남도 천안시 동남구 성남면 신덕리 **-*번지 외 *(**-*),,,부부농장,2019-12-10 19:45,U,2019-12-12 2:40,,221534.5349,356877.0342,가축사육업,,754,0,0.0,한우,70,127.23893017757061,36.71293619927675
14051,가축사육업,2005-06-28,,1,영업/정상,0,정상,,,,,575-5822,0.0,330-911,충청남도 천안시 동남구 풍세면 남관리 ***-*번지,충청남도 천안시 동남구 풍세면 용두*길 ***-**,,거산목장,2020-05-14 18:45,U,2020-05-16 2:40,,209272.8035,361757.6823,가축사육업,,350,0,0.0,젖소,140,127.10175045530534,36.75711436936127
14052,가축사육업,2005-06-28,,1,영업/정상,0,정상,,,,,,0.0,330-911,충청남도 천안시 동남구 풍세면 남관리 ***,충청남도 천안시 동남구 풍세면 휴대세교길 ***-**,31213,아람목장,2022-02-11 14:50,U,2022-02-13 2:40,,209242.9455,361847.6689,가축사육업,,351,0,0.0,젖소,125,127.10141716184994,36.75792553794362
14053,가축사육업,2005-06-28,,1,영업/정상,0,정상,,,,,,0.0,330-911,충청남도 천안시 동남구 풍세면 남관리 ***-*,충청남도 천안시 동남구 풍세면 휴대세교길 ***-**,,관우1목장,2022-02-11 14:45,U,2022-02-13 2:40,,209059.7574,361800.8695,가축사육업,,352,0,0.0,젖소,53,127.09936509063333,36.757505578242295
14054,가축사육업,2005-06-28,,1,영업/정상,0,정상,,,,,574-7693,0.0,330-911,충청남도 천안시 동남구 풍세면 남관리 ***-*번지,충청남도 천안시 동남구 풍세면 잔다리길 ***-**,,관우2목장,2020-01-13 11:40,U,2020-01-15 2:40,,209841.7624,361883.9849,가축사육업,,353,0,0.0,한우,44,127.10812376360926,36.75824680209369
14055,가축사육업,2019-04-07,,1,영업/정상,0,정상,,,,,,,,충청남도 천안시 서북구 성환읍 양령리 ***-*,충청남도 천안시 서북구 성환읍 양령*길 ***-**,31004,현대농장,2023-02-16 18:41,U,2023-02-18 2:40,,214943.3758,384118.5427,가축사육업,,1466,0,0.0,한우,217,127.16569230886664,36.95853461317818
14056,가축사육업,2019-05-01,,1,영업/정상,0,정상,,,,,,,,충청남도 천안시 동남구 북면 은지리 ***-*번지,충청남도 천안시 동남구 북면 상동*길 **,31242,구성농장,2019-12-29 14:04,U,2019-12-31 2:40,,223226.4964,364232.308,가축사육업,,1467,0,0.0,한우,102,127.25809025351789,36.7791752084559
14056,가축사육업,2019-05-01,,1,영업/정상,0,정상,,,,,,,,충청남도 천안시 동남구 북면 은지리 ***-*번지,충청남도 천안시 동남구 북면 상동*길 **,31242,구성농장,2019-12-29 14:04,U,2019-12-31 2:40,,223226.4964,364232.308,가축사육업,,1467,0,0.0,한우,18624,127.25809025351789,36.7791752084559
14057,가축사육업,2019-06-03,,1,영업/정상,0,정상,,,,,,,,충청남도 천안시 동남구 목천읍 소사리 **-*번지,충청남도 천안시 동남구 목천읍 소사*길 **,31227,풍산농장,2019-12-29 13:08,U,2019-12-31 2:40,,216042.7308,359321.2632,가축사육업,,1471,0,0.0,한우,0,127.17751480365372,36.735069686228506
14058,가축사육업,2019-05-29,,1,영업/정상,0,정상,,,,,,,,충청남도 천안시 서북구 성환읍 양령리 ***-*,충청남도 천안시 서북구 성환읍 양령*길 ***-**,31004,덕현 제3농장,2021-04-15 9:47,U,2021-04-17 2:40,,214519.5244,384150.5492,가축사육업,,1470,0,0.0,육우,300,127.16093380881689,36.95882961726688
14059,가축사육업,2019-05-09,,1,영업/정상,0,정상,,,,,,,,"충청남도 천안시 서북구 성환읍 양령리 ***-*번지 ,***-*",충청남도 천안시 서북구 성환읍 양령*길 ***,31004,유림농장,2019-05-09 19:25,I,2019-05-11 2:20,,215106.5023,384385.945,가축사육업,,1468,0,0.0,육우,330,127.16752925653557,36.960941524568106
14059,가축사육업,2019-05-09,,1,영업/정상,0,정상,,,,,,,,"충청남도 천안시 서북구 성환읍 양령리 ***-*번지 ,***-*",충청남도 천안시 서북구 성환읍 양령*길 ***,31004,유림농장,2019-05-09 19:25,I,2019-05-11 2:20,,215106.5023,384385.945,가축사육업,,1468,0,0.0,육우,0,127.16752925653557,36.960941524568106
14060,가축사육업,2019-05-09,,1,영업/정상,0,정상,,,,,,,,충청남도 천안시 동남구 풍세면 남관리 ***-*번지 외 *필지(***),충청남도 천안시 동남구 풍세면 휴대세교길 ***-**,31213,수덕목장,2020-03-17 10:24,U,2020-03-19 2:40,,209299.9758,361857.1677,가축사육업,,1469,0,0.0,젖소,128,127.10205595787696,36.758010579121965
14061,가축사육업,2015-05-28,,1,영업/정상,0,정상,,,,,,,331-814,충청남도 천안시 서북구 직산읍 모시리 ***-*번지,,,송회농장,2015-05-28 10:50,I,2018-08-31 23:59,,212208.1593,374265.5814,가축사육업,,1316,0,0.0,산양,22,127.13482260795922,36.86979019315425
14062,가축사육업,2016-09-30,,1,영업/정상,0,정상,,,,,,,,충청남도 천안시 서북구 성환읍 양령리 ***-**번지,,,명성목장,2016-09-30 8:16,I,2018-08-31 23:59,,213662.3911,384117.7603,가축사육업,,1370,0,0.0,젖소,80,127.15130906561494,36.958546928695014
14063,가축사육업,2016-10-07,,1,영업/정상,0,정상,,,,,,,,충청남도 천안시 서북구 성환읍 신가리 ***-* 외*필지(***-*),충청남도 천안시 서북구 성환읍 천안대로 ****-**,31001,농업회사법인 조인팜스(주) 천안성환지점,2022-08-26 15:24,U,2022-08-28 2:40,,210336.6854,384243.8505,가축사육업,,1371,L00,0.0,종계/산란계,400000,127.11396883685576,36.95972524693582
14064,가축사육업,2015-06-29,,1,영업/정상,0,정상,,,,,,,331-808,충청남도 천안시 서북구 성환읍 왕림리 ***-*,충청남도 천안시 서북구 성환읍 왕지*길 **,31007,농업회사법인주식회사다알,2023-02-17 15:00,U,2023-02-19 2:40,,207810.701,378313.1897,가축사육업,,1318,L00,0.0,종계/산란계,168480,127.08554520749043,36.906309137410396
14065,가축사육업,2015-08-21,,1,영업/정상,0,정상,,,,,,,,충청남도 천안시 서북구 성환읍 양령리 ***-*,충청남도 천안시 서북구 성환읍 양령*길 ***-*,31004,태성목장,2022-01-14 9:19,U,2022-01-16 2:40,,215214.308,384420.2927,가축사육업,,1324,0,0.0,한우,100,127.16874045284749,36.96124929588124
14066,가축사육업,2015-08-25,,1,영업/정상,0,정상,,,,,,,31007,충청남도 천안시 서북구 성환읍 왕림리 **-*,충청남도 천안시 서북구 성환읍 임리길 **-**,31007,준모네목장,2022-02-11 15:11,U,2022-02-13 2:40,,207443.5716,380639.3118,가축사육업,,1325,0,0.0,젖소,0,127.08144844934107,36.92727246962596
14067,가축사육업,2015-10-01,,1,영업/정상,0,정상,,,,,,,331-802,충청남도 천안시 서북구 성환읍 양령리 ***-* 외*필지(***-*),충청남도 천안시 서북구 성환읍 양령*길 ***,31004,보배목장,2022-02-11 15:23,U,2022-02-13 2:40,,215311.4864,384340.5299,가축사육업,,1330,0,0.0,젖소,3,127.16983002598862,36.96052900298381
14067,가축사육업,2015-10-01,,1,영업/정상,0,정상,,,,,,,331-802,충청남도 천안시 서북구 성환읍 양령리 ***-* 외*필지(***-*),충청남도 천안시 서북구 성환읍 양령*길 ***,31004,보배목장,2022-02-11 15:23,U,2022-02-13 2:40,,215311.4864,384340.5299,가축사육업,,1330,0,0.0,젖소,150,127.16983002598862,36.96052900298381
14068,가축사육업,2016-04-05,,1,영업/정상,0,정상,,,,,584-3937,,331-801,충청남도 천안시 서북구 성환읍 어룡리 ***-*번지,,,바위목장,2016-04-05 7:54,I,2018-08-31 23:59,,210856.7092,381049.8874,가축사육업,,1348,0,0.0,젖소,64,127.11976232175644,36.930939210648
14069,가축사육업,2016-04-12,,1,영업/정상,0,정상,,,,,,,331-801,충청남도 천안시 서북구 성환읍 복모리 ***-*,충청남도 천안시 서북구 성환읍 복모*길 ***,31001,백곡2목장,2022-03-03 18:00,U,2022-03-05 2:40,,211076.4629,383494.8685,가축사육업,,1349,0,0.0,한우,40,127.12226448152245,36.95296795991786
14070,가축사육업,2016-04-26,,1,영업/정상,0,정상,,,,,,,331-807,충청남도 천안시 서북구 성환읍 율금리 ***-* 외 *필지,충청남도 천안시 서북구 성환읍 율금*길 *** (연암양돈유전자원센터),31009,연암대학교 양돈유전자원센터,2023-08-23 10:06,U,2023-08-25 2:40,,208437.5335,377708.3294,가축사육업,,1350,L00,0.0,돼지,3200,127.09257198009888,36.90085345327658
14071,가축사육업,2016-05-27,,1,영업/정상,0,정상,,,,,,,331-801,충청남도 천안시 서북구 성환읍 신가리 ***-*,충청남도 천안시 서북구 성환읍 와룡길 ***-**,31001,농업회사법인양지팜(유),2023-08-02 16:00,U,2023-08-04 2:40,,209717.0647,384548.7251,가축사육업,,1352,L00,0.0,종계/산란계,0,127.10701534730129,36.96247896512256
14071,가축사육업,2016-05-27,,1,영업/정상,0,정상,,,,,,,331-801,충청남도 천안시 서북구 성환읍 신가리 ***-*,충청남도 천안시 서북구 성환읍 와룡길 ***-**,31001,농업회사법인양지팜(유),2023-08-02 16:00,U,2023-08-04 2:40,,209717.0647,384548.7251,가축사육업,,1352,L00,0.0,종계/산란계,748224,127.10701534730129,36.96247896512256
14072,가축사육업,2016-06-01,,1,영업/정상,0,정상,,,,,,,,충청남도 천안시 서북구 성환읍 수향리 ***-**번지,충청남도 천안시 서북구 성환읍 안궁*길 **,31005,새삼목장,2020-03-14 13:22,U,2020-03-17 2:40,,212179.179,383443.7415,가축사육업,,1353,0,0.0,한우,300,127.13464435789182,36.9524937284375
14073,가축사육업,2016-06-22,,1,영업/정상,0,정상,,,,,,,,충청남도 천안시 서북구 성환읍 양령리 ***-*,충청남도 천안시 서북구 성환읍 양령*길 **,31004,농업회사법인 주식회사 케이씨팜 성환농장,2023-08-02 10:20,U,2023-08-04 2:40,,213142.0774,384728.8124,가축사육업,,1358,L00,0.0,종계/산란계,276480,127.14547741902666,36.96406035580099
14074,가축사육업,2016-08-11,,1,영업/정상,0,정상,,,,,581-6239,,,충청남도 천안시 서북구 성환읍 성환리 ***번지,충청남도 천안시 서북구 성환읍 성환**길 **-**,31012,성환한우농장,2017-03-13 14:23,I,2018-08-31 23:59,,211494.8847,381232.8508,가축사육업,,1362,0,0.0,한우,2,127.1269281115101,36.93258034221361
14075,가축사육업,2016-08-17,,1,영업/정상,0,정상,,,,,,,,충청남도 천안시 서북구 입장면 연곡리 ***-* 외 *필지,충청남도 천안시 서북구 입장면 양령*길 ***,31026,원진축산,2020-11-05 10:23,U,2020-11-07 2:40,,215566.5718,384464.2983,가축사육업,,1364,0,0.0,돼지,4136,127.172696802349,36.961640087622285
14076,가축사육업,2016-09-13,,1,영업/정상,0,정상,,,,,,,,"충청남도 천안시 서북구 입장면 연곡리 ***-*번지 외 *필지(***-*, ***-*)",충청남도 천안시 서북구 입장면 양령*길 ***,31026,다온농장,2017-07-11 17:22,I,2018-08-31 23:59,,215797.4313,384076.9118,가축사육업,,1368,0,0.0,육계,0,127.17528099159695,36.95814560722254
14076,가축사육업,2016-09-13,,1,영업/정상,0,정상,,,,,,,,"충청남도 천안시 서북구 입장면 연곡리 ***-*번지 외 *필지(***-*, ***-*)",충청남도 천안시 서북구 입장면 양령*길 ***,31026,다온농장,2017-07-11 17:22,I,2018-08-31 23:59,,215797.4313,384076.9118,가축사육업,,1368,0,0.0,육계,146600,127.17528099159695,36.95814560722254
14077,가축사육업,2016-09-23,,1,영업/정상,0,정상,,,,,583-4532,,,충청남도 천안시 서북구 직산읍 모시리 ***번지,충청남도 천안시 서북구 직산읍 모시*길 **-**,31039,영조농장,2019-02-11 15:49,U,2019-02-13 2:40,,211973.3691,373961.6998,가축사육업,,1369,0,0.0,돼지,400,127.13218460521784,36.86705492549236
14078,가축사육업,2014-03-08,,1,영업/정상,0,정상,,,,,,,331-812,충청남도 천안시 서북구 직산읍 남산리 ***-**번지,충청남도 천안시 서북구 직산읍 남산*길 **-**,31034,직산농장,2019-07-17 20:37,U,2019-07-19 2:40,,214925.3302,375597.1269,가축사육업,,1235,0,0.0,산양,48000,127.165322460341,36.88174979521555
14078,가축사육업,2014-03-08,,1,영업/정상,0,정상,,,,,,,331-812,충청남도 천안시 서북구 직산읍 남산리 ***-**번지,충청남도 천안시 서북구 직산읍 남산*길 **-**,31034,직산농장,2019-07-17 20:37,U,2019-07-19 2:40,,214925.3302,375597.1269,가축사육업,,1235,0,0.0,산양,150,127.165322460341,36.88174979521555
14079,가축사육업,2014-03-12,,1,영업/정상,0,정상,,,,,,,331-801,충청남도 천안시 서북구 성환읍 복모리 ***-*번지,충청남도 천안시 서북구 성환읍 복모*길 **,31001,규석목장,2016-04-19 11:29,I,2018-08-31 23:59,,210817.7267,383168.1365,가축사육업,,1237,0,0.0,육우,0,127.11935488424277,36.95002682946614
14080,가축사육업,2014-06-02,,1,영업/정상,0,정상,,,,,,,331-807,충청남도 천안시 서북구 성환읍 율금리 산 **-*,충청남도 천안시 서북구 성환읍 왕지*길 ***,31009,희망농장2,2020-11-11 14:15,U,2020-11-13 2:40,,208888.9222,378463.2017,가축사육업,,1256,0,0.0,산양,50,127.0976452749964,36.90765140977341
14081,가축사육업,2014-06-11,,1,영업/정상,0,정상,,,,2015-07-07,,,331-802,충청남도 천안시 서북구 성환읍 양령리 ***-*,충청남도 천안시 서북구 성환읍 양령*길 ***,31004,성환농장,2024-01-30 21:27,U,2024-02-01 2:40,,214480.6001,384474.8454,가축사육업,,1259,0,0.0,종계/산란계,21427,127.16050294095986,36.96175237540989
14082,가축사육업,2014-07-14,,1,영업/정상,0,정상,,,,,,,331-801,충청남도 천안시 서북구 성환읍 대홍리 ***-*,,,순길목장2,2022-10-05 11:10,U,2022-10-07 2:40,,212547.9161,382292.7707,가축사육업,,1264,0,0.0,육우,0,127.13876531087635,36.9421177369423
14083,가축사육업,2014-01-29,,1,영업/정상,0,정상,,,,,,,331-801,충청남도 천안시 서북구 성환읍 어룡리 ***-*번지,충청남도 천안시 서북구 성환읍 어룡*길 **,31002,수명목장,2019-07-17 19:40,U,2019-07-19 2:40,,210801.8487,381978.4348,가축사육업,,1219,0,0.0,젖소,0,127.11915973133627,36.939306823498264
14084,가축사육업,2014-02-27,,1,영업/정상,0,정상,,,,,031-890-3369,,331-802,충청남도 천안시 서북구 성환읍 양령리 ***-*번지,충청남도 천안시 서북구 성환읍 양령*길 ***,31004,키움축산,2019-07-17 19:42,U,2019-07-19 2:40,,214322.4445,384234.6556,가축사육업,,1230,0,0.0,육계,110000,127.15872252294633,36.95959048583181
14085,가축사육업,2014-03-03,,1,영업/정상,0,정상,,,,,,,331-833,"충청남도 천안시 서북구 성거읍 삼곡리 **-* 외*(**-*,*,*,판정리 *-**)","충청남도 천안시 서북구 성거읍 삼곡*길 ***, ,***",31041,꼭지목장,2022-02-11 15:03,U,2022-02-13 2:40,,216658.4507,378614.1352,가축사육업,,1231,0,0.0,젖소,80,127.18482889567393,36.908906795752195
14086,가축사육업,2014-03-03,,1,영업/정상,0,정상,,,,,558-1799,,331-836,충청남도 천안시 서북구 성거읍 천흥리 ***-*번지,,,천흥가축농장,2019-07-17 20:51,U,2019-07-19 2:40,,218351.7205,374463.8295,가축사육업,,1232,0,0.0,산양,0,127.20372892811989,36.87147765297529
14087,가축사육업,2005-04-22,,1,영업/정상,0,정상,,,,,,0.0,330-812,충청남도 천안시 서북구 직산읍 남산리 ***,충청남도 천안시 서북구 직산읍 남산*길 ***-**,,설진목장,2022-02-11 15:47,U,2022-02-13 2:40,,215248.5554,377232.4368,가축사육업,,252,0,0.0,젖소,40,127.16898081799553,36.89648024248552
14088,가축사육업,2008-05-28,,1,영업/정상,0,정상,,,,,551-9063,0.0,330-881,충청남도 천안시 동남구 수신면 백자리 ***-*,충청남도 천안시 동남구 수신면 백자*길 **-**,,버들농장,2021-07-21 14:19,U,2021-07-23 2:40,,224689.5701,356092.7704,가축사육업,,830,0,0.0,한우,32,127.27421718226505,36.70579260136645
14089,가축사육업,2005-07-19,,1,영업/정상,0,정상,,,,,,0.0,330-844,"충청남도 천안시 동남구 목천읍 소사리 ***-* 외 *필지(***-*, ***-*)",충청남도 천안시 동남구 목천읍 소사*길 ***,31227,평안목장,2022-02-11 14:51,U,2022-02-13 2:40,,214325.1973,359178.4116,가축사육업,,451,0,0.0,젖소,70,127.15828326967156,36.73380978367969
14090,가축사육업,2015-02-09,,1,영업/정상,0,정상,,,,,,,331-811,충청남도 천안시 서북구 직산읍 군서리 **-*번지,충청남도 천안시 서북구 직산읍 군수*길 ***-*,31032,진규목장,2019-07-30 9:47,U,2019-08-01 2:40,,214324.8668,377501.5485,가축사육업,,1300,0,0.0,젖소,40,127.15862286962737,36.898919581002545
14090,가축사육업,2015-02-09,,1,영업/정상,0,정상,,,,,,,331-811,충청남도 천안시 서북구 직산읍 군서리 **-*번지,충청남도 천안시 서북구 직산읍 군수*길 ***-*,31032,진규목장,2019-07-30 9:47,U,2019-08-01 2:40,,214324.8668,377501.5485,가축사육업,,1300,0,0.0,젖소,38,127.15862286962737,36.898919581002545
14091,가축사육업,2010-07-20,,1,영업/정상,0,정상,,,,,,0.0,330-913,"충청남도 천안시 동남구 풍세면 풍서리 ***-*번지 외*(***-*,*, ***-**,**,**)",,,형제농장,2020-06-24 18:30,U,2020-06-26 2:40,,210906.1533,357281.2168,가축사육업,,964,0,0.0,육계,86400,127.1199785852386,36.71675906685006
14091,가축사육업,2010-07-20,,1,영업/정상,0,정상,,,,,,0.0,330-913,"충청남도 천안시 동남구 풍세면 풍서리 ***-*번지 외*(***-*,*, ***-**,**,**)",,,형제농장,2020-06-24 18:30,U,2020-06-26 2:40,,210906.1533,357281.2168,가축사육업,,964,0,0.0,육계,45,127.1199785852386,36.71675906685006
14092,가축사육업,2009-05-29,,1,영업/정상,0,정상,,,,,,0.0,330-912,충청남도 천안시 동남구 풍세면 용정리 ***-*,,,동원농장,2022-09-21 16:47,U,2022-09-23 2:40,,209149.9847,360318.1011,가축사육업,,922,0,0.0,한우,0,127.10035789428582,36.744143312634655
14093,가축사육업,2005-03-21,,1,영업/정상,0,정상,,,,,569-9541,0.0,330-872,충청남도 천안시 동남구 동면 화덕리 **-*번지 외 *필지,충청남도 천안시 동남구 동면 화덕*길 ***-** (외 *필지),,화덕농장,2020-01-02 10:21,U,2020-01-04 2:40,,236557.6874,363508.9297,가축사육업,,141,0,0.0,육계,58000,127.40738984846035,36.77223750079785
14094,가축사육업,2004-04-17,,1,영업/정상,0,정상,,,,,553-8681,0.0,330-852,충청남도 천안시 동남구 북면 매송리 **,충청남도 천안시 동남구 북면 매송*길 **,31241,창성목장,2023-02-10 9:32,U,2023-02-12 2:40,,225015.9202,367483.9562,가축사육업,,3,0,0.0,한우,200,127.27824177717768,36.808430279783074
14095,가축사육업,2005-07-19,,1,영업/정상,0,정상,,,,,,0.0,330-841,충청남도 천안시 동남구 목천읍 교천리 ***번지 외 *필지(***),충청남도 천안시 동남구 목천읍 교천*길 **,31228,주일농장,2020-04-02 13:54,U,2020-04-04 2:40,,217509.7322,363744.8131,가축사육업,,454,0,0.0,한우,40,127.19403986614775,36.774904812670734
14096,가축사육업,2009-06-25,,1,영업/정상,0,정상,,,,,553-6547,0.0,330-847,충청남도 천안시 동남구 목천읍 응원리 ***-*번지,,,철이목장,2009-06-25 22:06,I,2018-08-31 23:59,,216513.5851,362287.1558,가축사육업,,925,0,0.0,한우,0,127.18285019136756,36.76178757827768
14097,가축사육업,2019-06-18,,1,영업/정상,0,정상,,,,,,,,충청남도 천안시 동남구 동면 죽계리 **-*번지,충청남도 천안시 동남구 동면 장송죽계길 ***,31259,봉하농장,2019-12-29 12:07,U,2019-12-31 2:40,,235095.897,365864.3931,가축사육업,,1473,0,0.0,육계,0,127.39112483698673,36.79351741680055
14098,가축사육업,2019-06-18,,1,영업/정상,0,정상,,,,,,,,충청남도 천안시 서북구 성환읍 양령리 ***-*번지 외 *필지(***-*),충청남도 천안시 서북구 성환읍 상령길 **-**,31004,황금목장,2019-12-29 12:04,U,2019-12-31 2:40,,213250.5849,385144.1807,가축사육업,,1474,0,0.0,한우,100,127.14670310716613,36.967801633584884
14098,가축사육업,2019-06-18,,1,영업/정상,0,정상,,,,,,,,충청남도 천안시 서북구 성환읍 양령리 ***-*번지 외 *필지(***-*),충청남도 천안시 서북구 성환읍 상령길 **-**,31004,황금목장,2019-12-29 12:04,U,2019-12-31 2:40,,213250.5849,385144.1807,가축사육업,,1474,0,0.0,한우,138,127.14670310716613,36.967801633584884
14098,가축사육업,2019-06-18,,1,영업/정상,0,정상,,,,,,,,충청남도 천안시 서북구 성환읍 양령리 ***-*번지 외 *필지(***-*),충청남도 천안시 서북구 성환읍 상령길 **-**,31004,황금목장,2019-12-29 12:04,U,2019-12-31 2:40,,213250.5849,385144.1807,가축사육업,,1474,0,0.0,한우,200,127.14670310716613,36.967801633584884
14099,가축사육업,2019-06-12,,1,영업/정상,0,정상,,,,,,,,충청남도 천안시 서북구 성환읍 양령리 ***-*번지,충청남도 천안시 서북구 성환읍 양령*길 ***-*,31004,태성목장 2,2019-06-12 18:12,I,2019-06-14 2:21,,215226.2421,384457.8865,가축사육업,,1472,0,0.0,한우,60,127.16887521091607,36.96158785305693
14100,가축사육업,2019-09-26,,1,영업/정상,0,정상,,,,,,,,충청남도 천안시 동남구 목천읍 도장리 ***-*번지,충청남도 천안시 동남구 목천읍 주락골길 **,31225,원성농장,2019-09-26 19:51,I,2019-09-28 2:22,,216523.7478,360493.5064,가축사육업,,1499,0,0.0,한우,0,127.18292534131002,36.74562467576434
14101,가축사육업,2019-09-10,,1,영업/정상,0,정상,,,,,,,,충청남도 천안시 동남구 풍세면 보성리 **-*번지,충청남도 천안시 동남구 풍세면 송정*길 **-**,31216,원천농장,2019-09-10 20:17,I,2019-09-12 2:22,,211575.1257,359853.1357,가축사육업,,1494,0,0.0,한우,10,127.1275051168083,36.73992713596085
14102,가축사육업,2019-09-17,,1,영업/정상,0,정상,,,,,,,,"충청남도 천안시 동남구 성남면 신사리 **-* 외 *필지(**, **, **-*, **-*)","충청남도 천안시 동남구 성남면 세성로 **, 영광농장",31245,새온농원,2021-09-13 20:51,U,2021-09-15 2:40,,222252.948,360404.446,가축사육업,,1496,0,0.0,종계/산란계,0,127.2470732998951,36.74470550133442
14103,가축사육업,2019-07-10,,1,영업/정상,0,정상,,,,,,,,충청남도 천안시 서북구 성환읍 양령리 ***-*번지,충청남도 천안시 서북구 성환읍 양령*길 ***-**,31004,우림농장,2019-12-29 11:37,U,2019-12-31 2:40,,214582.8883,383924.9152,가축사육업,,1479,0,0.0,한우,395,127.16164094377895,36.95679550367878
14104,가축사육업,2019-07-10,,1,영업/정상,0,정상,,,,,,,,충청남도 천안시 서북구 성환읍 양령리 ***-*번지,충청남도 천안시 서북구 성환읍 양령*길 ***,31004,황금목장,2019-12-29 11:35,U,2019-12-31 2:40,,214812.8531,384496.0503,가축사육업,,1480,0,0.0,한우,100,127.16423413350175,36.96193830322258
14104,가축사육업,2019-07-10,,1,영업/정상,0,정상,,,,,,,,충청남도 천안시 서북구 성환읍 양령리 ***-*번지,충청남도 천안시 서북구 성환읍 양령*길 ***,31004,황금목장,2019-12-29 11:35,U,2019-12-31 2:40,,214812.8531,384496.0503,가축사육업,,1480,0,0.0,한우,138,127.16423413350175,36.96193830322258
14104,가축사육업,2019-07-10,,1,영업/정상,0,정상,,,,,,,,충청남도 천안시 서북구 성환읍 양령리 ***-*번지,충청남도 천안시 서북구 성환읍 양령*길 ***,31004,황금목장,2019-12-29 11:35,U,2019-12-31 2:40,,214812.8531,384496.0503,가축사육업,,1480,0,0.0,한우,200,127.16423413350175,36.96193830322258
14105,가축사육업,2019-09-19,,1,영업/정상,0,정상,,,,,,,,"충청남도 천안시 동남구 병천면 도원리 ***-* 외 *(***-*,***-*,***-*,***-*,***-*,***-*,***-*,***)",충청남도 천안시 동남구 병천면 봉항로 ***,31255,선경목장,2022-03-03 17:17,U,2022-03-05 2:40,,227982.1661,363667.155,가축사육업,,1498,0,0.0,한우,50,127.31134228365791,36.77395451457182
14106,가축사육업,2019-08-16,,1,영업/정상,0,정상,,,,,,,,충청남도 천안시 서북구 성환읍 대홍리 ***-*번지,충청남도 천안시 서북구 성환읍 대홍*길 **-**,31006,서광목장,2019-12-29 11:07,U,2019-12-31 2:40,,212024.8738,381810.5539,가축사육업,,1486,0,0.0,한우,59,127.13288608665981,36.93777935081387
14107,가축사육업,2019-09-11,,1,영업/정상,0,정상,,,,,,,,충청남도 천안시 동남구 북면 은지리 ***-*번지,충청남도 천안시 동남구 북면 상동*길 **-**,31242,유정농장,2019-09-11 17:03,I,2019-09-13 2:22,,223325.6917,363913.9535,가축사육업,,1495,0,0.0,한우,10,127.25919172616318,36.77630408683711
14108,가축사육업,2019-08-07,,1,영업/정상,0,정상,,,,,,,,충청남도 천안시 동남구 동면 화덕리 ***번지 외 *필지(***-*),충청남도 천안시 동남구 동면 화덕*길 ***,31261,유라농장,2019-12-29 11:16,U,2019-12-31 2:40,,236080.3042,361736.141,가축사육업,,1484,0,0.0,한우,130,127.40195911293226,36.75628134535969
14109,가축사육업,2019-07-09,,1,영업/정상,0,정상,,,,,,,,충청남도 천안시 서북구 성환읍 안궁리 ***-*번지,충청남도 천안시 서북구 성환읍 상령길 *-**,31004,우리목장,2019-12-29 11:42,U,2019-12-31 2:40,,212594.2313,385102.39,가축사육업,,1477,0,0.0,한우,109,127.13933180729542,36.96743403053338
14109,가축사육업,2019-07-09,,1,영업/정상,0,정상,,,,,,,,충청남도 천안시 서북구 성환읍 안궁리 ***-*번지,충청남도 천안시 서북구 성환읍 상령길 *-**,31004,우리목장,2019-12-29 11:42,U,2019-12-31 2:40,,212594.2313,385102.39,가축사육업,,1477,0,0.0,한우,5,127.13933180729542,36.96743403053338
14110,가축사육업,2019-09-03,,1,영업/정상,0,정상,,,,,,,,충청남도 천안시 서북구 성환읍 신가리 ***-* 외 * (***-*),충청남도 천안시 서북구 성환읍 가동길 **-**,31001,용태목장,2022-02-11 15:11,U,2022-02-13 2:40,,209984.9387,384222.4498,가축사육업,,1491,0,0.0,젖소,140,127.11001898385992,36.959536180547204
14111,가축사육업,2019-09-04,,1,영업/정상,0,정상,,,,,,,,충청남도 천안시 동남구 병천면 관성리 *** 외 * (***),충청남도 천안시 동남구 병천면 관성*길 ***-**,31240,동남농장,2023-05-02 17:02,U,2023-05-04 2:40,,228680.9681,368255.0875,가축사육업,,1492,0,0.0,돼지,1610,127.31934196847962,36.8152752097926
14112,가축사육업,2019-08-19,,1,영업/정상,0,정상,,,,,,,,충청남도 천안시 동남구 풍세면 용정리 ***-* 외 *필지(***-*),충청남도 천안시 동남구 풍세면 돈마루*길 **,31214,용삼목장,2022-10-31 14:20,U,2022-11-02 2:40,,208866.1545,359993.7158,가축사육업,,1487,0,0.0,한우,70,127.09717611608622,36.74122290790247
14113,가축사육업,2019-08-19,,1,영업/정상,0,정상,,,,,,,,충청남도 천안시 서북구 성환읍 양령리 ***-*번지,충청남도 천안시 서북구 성환읍 양령*길 ***-**,31004,부흥농장,2019-12-29 11:04,U,2019-12-31 2:40,,214005.4025,384248.4702,가축사육업,,1488,0,0.0,한우,2,127.15516289870304,36.95971971254837
14113,가축사육업,2019-08-19,,1,영업/정상,0,정상,,,,,,,,충청남도 천안시 서북구 성환읍 양령리 ***-*번지,충청남도 천안시 서북구 성환읍 양령*길 ***-**,31004,부흥농장,2019-12-29 11:04,U,2019-12-31 2:40,,214005.4025,384248.4702,가축사육업,,1488,0,0.0,한우,0,127.15516289870304,36.95971971254837
14114,가축사육업,2022-04-13,,1,영업/정상,0,정상,,,,,,,,충청남도 천안시 동남구 병천면 도원리 ***-*,충청남도 천안시 동남구 병천면 봉항로 ***,31255,구신목장,2022-04-13 9:41,I,2022-04-15 0:22,,228029.696,364531.4102,가축사육업,,1641,0,0.0,한우,0,127.31190636519777,36.78174088265712
14115,가축사육업,2022-04-11,,1,영업/정상,0,정상,,,,,,,,충청남도 천안시 동남구 북면 은지리 ***-*,충청남도 천안시 동남구 북면 박문수길 **,31242,바른축산농장,2023-02-10 9:36,U,2023-02-12 2:40,,223615.9694,364020.9571,가축사육업,,1640,0,0.0,한우,0,127.26244659111809,36.77726112994258
14116,가축사육업,2019-06-28,,1,영업/정상,0,정상,,,,,,,,충청남도 천안시 동남구 풍세면 용정리 ***번지 외 *필지(***),충청남도 천안시 동남구 풍세면 풍세산단*로 **-**,31214,충청농장,2019-12-29 11:48,U,2019-12-31 2:40,,209177.0744,359389.9521,가축사육업,,1475,0,0.0,한우,20,127.10065014530416,36.73577937450681
14116,가축사육업,2019-06-28,,1,영업/정상,0,정상,,,,,,,,충청남도 천안시 동남구 풍세면 용정리 ***번지 외 *필지(***),충청남도 천안시 동남구 풍세면 풍세산단*로 **-**,31214,충청농장,2019-12-29 11:48,U,2019-12-31 2:40,,209177.0744,359389.9521,가축사육업,,1475,0,0.0,한우,44,127.10065014530416,36.73577937450681
14117,가축사육업,2019-09-18,,1,영업/정상,0,정상,,,,,,,,충청남도 천안시 동남구 풍세면 보성리 ***번지 외 *(***),,,보성농장,2019-12-10 20:13,U,2019-12-12 2:40,,211058.6651,358505.4199,가축사육업,,1497,0,0.0,한우,80,127.12170325124438,36.72778880187678
14117,가축사육업,2019-09-18,,1,영업/정상,0,정상,,,,,,,,충청남도 천안시 동남구 풍세면 보성리 ***번지 외 *(***),,,보성농장,2019-12-10 20:13,U,2019-12-12 2:40,,211058.6651,358505.4199,가축사육업,,1497,0,0.0,한우,0,127.12170325124438,36.72778880187678
14117,가축사육업,2019-09-18,,1,영업/정상,0,정상,,,,,,,,충청남도 천안시 동남구 풍세면 보성리 ***번지 외 *(***),,,보성농장,2019-12-10 20:13,U,2019-12-12 2:40,,211058.6651,358505.4199,가축사육업,,1497,0,0.0,한우,0,127.12170325124438,36.72778880187678
14118,가축사육업,2019-08-30,,1,영업/정상,0,정상,,,,,,,,충청남도 천안시 동남구 병천면 송정리 ***-*,충청남도 천안시 동남구 병천면 송정리*길 **-**,31257,필승농장,2021-03-23 10:43,U,2021-03-25 2:40,,229500.6941,359368.3499,가축사육업,,1490,0,0.0,한우,70,127.3281858065656,36.73517213820382
14119,가축사육업,2019-10-14,,1,영업/정상,0,정상,,,,,,,,충청남도 천안시 동남구 성남면 용원리 ***-*번지,,,용원목장,2019-12-29 10:38,U,2019-12-31 2:40,,218943.2221,361196.9145,가축사육업,,1502,0,0.0,한우,4,127.21003391984749,36.75191809827952
14120,가축사육업,2019-12-14,,1,영업/정상,0,정상,,,,,,,,충청남도 천안시 동남구 북면 상동리 **-*번지,충청남도 천안시 동남구 북면 *산단로 ***-*,31243,만지원농장,2019-12-14 11:55,I,2019-12-17 0:23,,223553.298,362898.667,가축사육업,,1523,0,0.0,돼지,650,127.26171000848622,36.767149719789444
14121,가축사육업,2019-12-02,,1,영업/정상,0,정상,,,,,,,,충청남도 천안시 서북구 성환읍 양령리 ***-*번지,충청남도 천안시 서북구 성환읍 상령길 **,31004,신진목장,2019-12-02 10:27,I,2019-12-04 0:23,,212743.8043,384864.0674,가축사육업,,1517,0,0.0,젖소,81,127.14100744891729,36.96528455602086
14121,가축사육업,2019-12-02,,1,영업/정상,0,정상,,,,,,,,충청남도 천안시 서북구 성환읍 양령리 ***-*번지,충청남도 천안시 서북구 성환읍 상령길 **,31004,신진목장,2019-12-02 10:27,I,2019-12-04 0:23,,212743.8043,384864.0674,가축사육업,,1517,0,0.0,젖소,220,127.14100744891729,36.96528455602086
14122,가축사육업,2019-12-02,,1,영업/정상,0,정상,,,,,,,,충청남도 천안시 서북구 성환읍 양령리 ***-**번지,,,덕현목장,2019-12-02 15:40,I,2019-12-04 0:23,,214795.9401,383910.6691,가축사육업,,1518,0,0.0,육우,280,127.16403281187415,36.95666382708511
14122,가축사육업,2019-12-02,,1,영업/정상,0,정상,,,,,,,,충청남도 천안시 서북구 성환읍 양령리 ***-**번지,,,덕현목장,2019-12-02 15:40,I,2019-12-04 0:23,,214795.9401,383910.6691,가축사육업,,1518,0,0.0,육우,150,127.16403281187415,36.95666382708511
14123,가축사육업,2019-12-02,,1,영업/정상,0,정상,,,,,,,,충청남도 천안시 서북구 입장면 가산리 ***-* 외 *(***-*),충청남도 천안시 서북구 입장면 섶머리*길 ***,31026,부길농장2,2022-11-21 10:47,U,2022-11-23 2:40,,217368.7911,380788.2261,가축사육업,,1519,0,0.0,육우,250,127.19284927465107,36.92848439331093
14124,가축사육업,2019-12-24,,1,영업/정상,0,정상,,,,,,,,"충청남도 천안시 서북구 성환읍 양령리 ***-*번지 외 *필지(-*,-*,-*,-*)",충청남도 천안시 서북구 성환읍 양령*길 ***-**,31004,청송,2019-12-24 16:15,I,2019-12-26 0:23,,214298.9153,384120.7502,가축사육업,,1526,0,0.0,한우,400,127.1584561821432,36.95856446499339
14125,가축사육업,2019-12-24,,1,영업/정상,0,정상,,,,,,,,충청남도 천안시 동남구 성남면 대흥리 *-*,,,태영농장,2023-05-31 9:37,U,2023-06-02 2:40,,221560.0539,359360.7286,가축사육업,,1527,0,0.0,한우,20,127.23928561791558,36.73531643302098
14125,가축사육업,2019-12-24,,1,영업/정상,0,정상,,,,,,,,충청남도 천안시 동남구 성남면 대흥리 *-*,,,태영농장,2023-05-31 9:37,U,2023-06-02 2:40,,221560.0539,359360.7286,가축사육업,,1527,0,0.0,한우,130,127.23928561791558,36.73531643302098
14126,가축사육업,2019-12-17,,1,영업/정상,0,정상,,,,,,,,충청남도 천안시 동남구 병천면 봉항리 ***번지,,,삼성농장,2019-12-17 13:22,I,2019-12-19 0:23,,227847.5829,371487.698,가축사육업,,1524,0,0.0,산양,150,127.31012014094425,36.844428703356215
14126,가축사육업,2019-12-17,,1,영업/정상,0,정상,,,,,,,,충청남도 천안시 동남구 병천면 봉항리 ***번지,,,삼성농장,2019-12-17 13:22,I,2019-12-19 0:23,,227847.5829,371487.698,가축사육업,,1524,0,0.0,산양,116,127.31012014094425,36.844428703356215
14126,가축사육업,2019-12-17,,1,영업/정상,0,정상,,,,,,,,충청남도 천안시 동남구 병천면 봉항리 ***번지,,,삼성농장,2019-12-17 13:22,I,2019-12-19 0:23,,227847.5829,371487.698,가축사육업,,1524,0,0.0,산양,5,127.31012014094425,36.844428703356215
14127,가축사육업,2019-10-25,,1,영업/정상,0,정상,,,,,,,,충청남도 천안시 서북구 성환읍 양령리 ***-**번지,충청남도 천안시 서북구 성환읍 양령*길 ***-**,31004,태수농장,2019-10-25 18:52,I,2019-10-27 0:23,,214378.2821,383972.4066,가축사육업,,1505,0,0.0,육우,0,127.15934452420109,36.9572265700537
14128,가축사육업,2019-10-25,,1,영업/정상,0,정상,,,,,,,,충청남도 천안시 서북구 성환읍 양령리 ***-*번지,충청남도 천안시 서북구 성환읍 상령길 *-***,31004,해동목장,2019-10-25 19:45,I,2019-10-27 0:23,,212822.4795,385151.6135,가축사육업,,1506,0,0.0,젖소,50,127.14189576866545,36.96787450727263
14129,가축사육업,2019-10-24,,1,영업/정상,0,정상,,,,,,,,충청남도 천안시 동남구 풍세면 보성리 *** 외 ***,,,황금농장2,2023-04-21 10:24,U,2023-04-23 2:40,,211471.3665,358992.7876,가축사육업,,1504,0,0.0,육계,36000,127.12633054847294,36.73217567515651
14130,가축사육업,2019-11-14,,1,영업/정상,0,정상,,,,,,,,충청남도 천안시 동남구 동면 화계리 ***-*번지,,,반계농장,2019-11-14 14:31,I,2019-11-16 0:23,,230045.9356,363694.0768,가축사육업,,1510,0,0.0,한우,5,127.33445992023614,36.77413409550558
14131,가축사육업,2019-11-14,,1,영업/정상,0,정상,,,,,,,,충청남도 천안시 동남구 병천면 송정리 **,충청남도 천안시 동남구 병천면 송정리*길 **-**,31257,보배목장,2023-04-18 16:24,U,2023-04-20 2:40,,228741.0122,360089.6211,가축사육업,,1511,0,0.0,한우,3,127.3197078470138,36.74169476960491
14131,가축사육업,2019-11-14,,1,영업/정상,0,정상,,,,,,,,충청남도 천안시 동남구 병천면 송정리 **,충청남도 천안시 동남구 병천면 송정리*길 **-**,31257,보배목장,2023-04-18 16:24,U,2023-04-20 2:40,,228741.0122,360089.6211,가축사육업,,1511,0,0.0,한우,150,127.3197078470138,36.74169476960491
14132,가축사육업,2019-11-29,,1,영업/정상,0,정상,,,,,,,,충청남도 천안시 서북구 성환읍 양령리 ***-* 외 *(***-*),충청남도 천안시 서북구 성환읍 상령길 **-*,31004,나우농장,2023-05-22 17:35,U,2023-05-24 2:40,,212772.7256,384968.7523,가축사육업,,1516,L00,0.0,육우,345,127.14133397445306,36.96622745863715
14133,가축사육업,2019-10-11,,1,영업/정상,0,정상,,,,,,,,충청남도 천안시 서북구 성환읍 어룡리 **-*번지,충청남도 천안시 서북구 성환읍 신방로 ***-***,31002,진주농장2,2019-10-11 20:18,I,2019-10-13 0:22,,211246.5118,381487.4444,가축사육업,,1500,0,0.0,한우,100,127.12414402019849,36.9348774218807
14134,가축사육업,2019-11-08,,1,영업/정상,0,정상,,,,,,,,충청남도 천안시 동남구 성남면 화성리 ***번지,,,세성농장,2019-11-08 16:44,I,2019-11-10 0:23,,222832.1242,360650.5058,가축사육업,,1508,0,0.0,육계,50000,127.25356565087003,36.74690904343183
14135,가축사육업,2019-12-31,,1,영업/정상,0,정상,,,,,,,,충청남도 천안시 서북구 성환읍 양령리 ***-*,충청남도 천안시 서북구 성환읍 양령*길 ***-*,31004,만사목장,2020-11-20 16:47,U,2020-11-22 2:40,,215205.529,384355.391,가축사육업,,1528,0,0.0,한우,0,127.16864057624203,36.960664622466716
14136,가축사육업,2020-01-06,,1,영업/정상,0,정상,,,,,,,,충청남도 천안시 동남구 병천면 관성리 ***-*,충청남도 천안시 동남구 병천면 관성*길 ***-**,31240,대한축산,2021-07-28 16:54,U,2021-07-30 2:40,,228540.8814,368505.7014,가축사육업,,1530,0,0.0,한우,124,127.31778136850815,36.81753768928726
14137,가축사육업,2019-12-06,,1,영업/정상,0,정상,,,,,,,,충청남도 천안시 서북구 성환읍 양령리 ***-*번지,충청남도 천안시 서북구 성환읍 양령*길 ***,31004,태성목장2,2019-12-06 14:42,I,2019-12-08 0:23,,215325.3623,384409.7049,가축사육업,,1521,0,0.0,한우,300,127.16998722900226,36.96115209854889
14138,가축사육업,2019-11-22,,1,영업/정상,0,정상,,,,,,,,충청남도 천안시 서북구 성환읍 도하리 ***-*번지 외 *(***-*),충청남도 천안시 서북구 성환읍 용정도하길 ***-**,31005,나눔농장,2019-12-23 10:28,U,2019-12-25 2:40,,215599.0128,382858.7595,가축사육업,,1514,0,0.0,육우,250,127.17302808138462,36.9471723918046
14139,가축사육업,2019-11-21,,1,영업/정상,0,정상,,,,,,,,충청남도 천안시 서북구 입장면 호당리 **번지 외 *(**-*),충청남도 천안시 서북구 입장면 위례산길 ***,31058,권일2농장,2019-12-10 19:51,U,2019-12-12 2:40,,221003.588,375513.9714,가축사육업,,1512,0,0.0,돼지,0,127.23349982151943,36.88088529458187
14140,가축사육업,2019-11-21,,1,영업/정상,0,정상,,,,,,,,충청남도 천안시 서북구 성환읍 도하리 ***-*번지 외*(***-*),충청남도 천안시 서북구 성환읍 연암로 ***-**,31005,일진농장,2019-12-10 19:49,U,2019-12-12 2:40,,215605.1393,383374.8878,가축사육업,,1513,0,0.0,한우,500,127.17310746833073,36.95182301459414
14140,가축사육업,2019-11-21,,1,영업/정상,0,정상,,,,,,,,충청남도 천안시 서북구 성환읍 도하리 ***-*번지 외*(***-*),충청남도 천안시 서북구 성환읍 연암로 ***-**,31005,일진농장,2019-12-10 19:49,U,2019-12-12 2:40,,215605.1393,383374.8878,가축사육업,,1513,0,0.0,한우,280,127.17310746833073,36.95182301459414
14140,가축사육업,2019-11-21,,1,영업/정상,0,정상,,,,,,,,충청남도 천안시 서북구 성환읍 도하리 ***-*번지 외*(***-*),충청남도 천안시 서북구 성환읍 연암로 ***-**,31005,일진농장,2019-12-10 19:49,U,2019-12-12 2:40,,215605.1393,383374.8878,가축사육업,,1513,0,0.0,한우,0,127.17310746833073,36.95182301459414
14141,가축사육업,2019-10-23,,1,영업/정상,0,정상,,,,,,,,"충청남도 천안시 동남구 풍세면 보성리 ***번지 외 *필지(***, ***)",,,황금농장,2019-11-26 16:11,U,2019-11-28 2:40,,211446.6675,359080.4264,가축사육업,,1503,0,0.0,육계,73152,127.12605534278934,36.73296569714411
14142,가축사육업,2022-03-28,,1,영업/정상,0,정상,,,,,,,,충청남도 천안시 서북구 성환읍 양령리 ***-*,,,유림농장,2022-03-28 20:03,I,2022-03-30 0:22,,214017.5414,384307.7482,가축사육업,,1639,0,0.0,한우,330,127.1553002939284,36.96025367393146
14142,가축사육업,2022-03-28,,1,영업/정상,0,정상,,,,,,,,충청남도 천안시 서북구 성환읍 양령리 ***-*,,,유림농장,2022-03-28 20:03,I,2022-03-30 0:22,,214017.5414,384307.7482,가축사육업,,1639,0,0.0,한우,0,127.1553002939284,36.96025367393146
14143,가축사육업,2022-03-15,,1,영업/정상,0,정상,,,,,,,,충청남도 천안시 동남구 성남면 용원리 ***,충청남도 천안시 동남구 성남면 용원*길 **,31246,대산목장,2022-03-15 14:43,I,2022-03-17 0:22,,218865.2269,361351.955,가축사육업,,1636,0,0.0,한우,0,127.20916434341898,36.75331672792677
14144,가축사육업,2020-01-02,,1,영업/정상,0,정상,,,,,,,,충청남도 천안시 서북구 입장면 흑암리 ***-*번지 외 *필지(***-*),충청남도 천안시 서북구 입장면 용정도하길 ***,31025,해솔농장,2020-01-07 14:20,U,2020-01-09 2:40,,216573.737,381710.8447,가축사육업,,1529,0,0.0,한우,366,127.18394584624235,36.93681219099439
14145,가축사육업,2019-12-23,,1,영업/정상,0,정상,,,,,,,,"충청남도 천안시 서북구 성환읍 양령리 ***번지 외 *필지(***-*, ***-*)",충청남도 천안시 서북구 성환읍 대령길 **,31004,천안유옥목장,2019-12-23 11:05,I,2019-12-25 0:23,,213984.3256,384674.5268,가축사육업,,1525,0,0.0,젖소,94,127.15493408584541,36.96355912652462
14146,가축사육업,2020-02-11,,1,영업/정상,0,정상,,,,,,,,충청남도 천안시 서북구 성환읍 신가리 ***-*번지,충청남도 천안시 서북구 성환읍 가동길 **-***,31001,금평목장,2020-06-12 9:33,U,2020-06-14 2:40,,209386.2059,384712.4936,가축사육업,,1536,0,0.0,한우,760,127.10330219983388,36.963957983075915
14147,가축사육업,2020-03-14,,1,영업/정상,0,정상,,,,,,,,충청남도 천안시 동남구 병천면 송정리 ***-*번지,충청남도 천안시 동남구 병천면 송정리*길 **-**,31257,영지농장,2020-03-14 12:44,I,2020-03-17 0:23,,229590.6369,359320.9356,가축사육업,,1540,0,0.0,한우,0,127.32919092983681,36.73474209487911
14148,가축사육업,2020-03-16,,1,영업/정상,0,정상,,,,,,,,충청남도 천안시 서북구 성환읍 양령리 ***-* 외 *(***-*),충청남도 천안시 서북구 성환읍 양령*길 **,31004,대림축산,2020-09-18 15:58,U,2020-09-20 2:40,,212900.7656,384641.4672,가축사육업,,1541,0,0.0,한우,296,127.14276622632374,36.96327662772081
14148,가축사육업,2020-03-16,,1,영업/정상,0,정상,,,,,,,,충청남도 천안시 서북구 성환읍 양령리 ***-* 외 *(***-*),충청남도 천안시 서북구 성환읍 양령*길 **,31004,대림축산,2020-09-18 15:58,U,2020-09-20 2:40,,212900.7656,384641.4672,가축사육업,,1541,0,0.0,한우,0,127.14276622632374,36.96327662772081
14149,가축사육업,2020-01-14,,1,영업/정상,0,정상,,,,,,,,충청남도 천안시 동남구 북면 납안리 *** 외 *(***),,,도윤찬목장,2023-02-10 9:26,U,2023-02-12 2:40,,222773.3229,372413.9783,가축사육업,,1532,0,0.0,육우,100,127.25325790270574,36.8529107704059
14150,가축사육업,2020-01-14,,1,영업/정상,0,정상,,,,,,,,충청남도 천안시 동남구 목천읍 운전리 **-*번지,충청남도 천안시 동남구 목천읍 운전*길 **-**,31246,상열농장,2020-01-14 9:06,U,2020-01-16 2:40,,221666.9981,362888.1574,가축사육업,,1531,0,0.0,한우,16,127.24058271401921,36.767099859475614
14151,가축사육업,2020-02-10,,1,영업/정상,0,정상,,,,,,,,충청남도 천안시 서북구 성환읍 양령리 ***-*,충청남도 천안시 서북구 성환읍 양령*길 ***-*,31004,순수농장,2023-05-22 17:34,U,2023-05-24 2:40,,215094.3373,384326.0231,가축사육업,,1534,L00,0.0,육우,300,127.16739146885746,36.960401775986796
14152,가축사육업,2020-02-10,,1,영업/정상,0,정상,,,,,,,,충청남도 천안시 동남구 북면 연춘리 ***-*,충청남도 천안시 동남구 북면 노루목길 **,31243,알로큰농장,2021-05-28 15:38,U,2021-05-30 2:40,,222260.0775,363946.1447,가축사육업,,1535,0,0.0,종계/산란계,7128,127.24725612096432,36.77661970811193
14153,가축사육업,2020-03-18,,1,영업/정상,0,정상,,,,,,,,충청남도 천안시 서북구 성환읍 복모리 ***-*번지,충청남도 천안시 서북구 성환읍 어룡*길 **,31001,부자농장,2020-03-18 18:08,I,2020-03-20 0:23,,211209.3926,382637.2886,가축사육업,,1542,0,0.0,한우,800,127.12374430439718,36.94523890617243
14153,가축사육업,2020-03-18,,1,영업/정상,0,정상,,,,,,,,충청남도 천안시 서북구 성환읍 복모리 ***-*번지,충청남도 천안시 서북구 성환읍 어룡*길 **,31001,부자농장,2020-03-18 18:08,I,2020-03-20 0:23,,211209.3926,382637.2886,가축사육업,,1542,0,0.0,한우,0,127.12374430439718,36.94523890617243
14154,가축사육업,2020-02-29,,1,영업/정상,0,정상,,,,,,,,충청남도 천안시 서북구 성환읍 양령리 ***-*번지,충청남도 천안시 서북구 성환읍 양령*길 ***,31004,시몬목장,2020-03-02 14:56,I,2020-03-04 0:23,,214678.6114,384391.4811,가축사육업,,1538,0,0.0,젖소,0,127.16272474410707,36.96099814630797
14155,가축사육업,2020-03-02,,1,영업/정상,0,정상,,,,,,,,"충청남도 천안시 서북구 성환읍 양령리 ***-* ,***-*",충청남도 천안시 서북구 성환읍 양령*길 ***,31004,대림축산,2020-09-18 15:59,U,2020-09-20 2:40,,214470.7293,384426.2836,가축사육업,,1539,0,0.0,한우,296,127.16039117868371,36.961314946881025
14155,가축사육업,2020-03-02,,1,영업/정상,0,정상,,,,,,,,"충청남도 천안시 서북구 성환읍 양령리 ***-* ,***-*",충청남도 천안시 서북구 성환읍 양령*길 ***,31004,대림축산,2020-09-18 15:59,U,2020-09-20 2:40,,214470.7293,384426.2836,가축사육업,,1539,0,0.0,한우,0,127.16039117868371,36.961314946881025
14156,가축사육업,2020-01-31,,1,영업/정상,0,정상,,,,,,,,충청남도 천안시 동남구 풍세면 풍서리 ***,충청남도 천안시 동남구 풍세면 가송로 **-**,31216,에스케이농장,2022-01-04 9:28,U,2022-01-06 2:40,,211153.9588,358088.1162,가축사육업,,1533,0,0.0,한우,50,127.1227639720499,36.72402730666474
14157,가축사육업,2023-05-02,,1,영업/정상,0,정상,,,,,,,,충청남도 천안시 서북구 성환읍 복모리 ***-**,,,부자농장,2023-05-02 13:27,I,2023-05-04 0:20,,210853.1996,383953.3966,가축사육업,,1662,0,0.0,한우,800,127.11976434600132,36.957102249947724
14157,가축사육업,2023-05-02,,1,영업/정상,0,정상,,,,,,,,충청남도 천안시 서북구 성환읍 복모리 ***-**,,,부자농장,2023-05-02 13:27,I,2023-05-04 0:20,,210853.1996,383953.3966,가축사육업,,1662,0,0.0,한우,0,127.11976434600132,36.957102249947724
14158,가축사육업,2023-05-02,,1,영업/정상,0,정상,,,,,,,,충청남도 천안시 동남구 북면 납안리 ***,,,민규1목장,2023-05-02 21:07,I,2023-05-04 0:20,,222694.0776,372253.4111,가축사육업,,1663,0,0.0,한우,0,127.2523645648213,36.85146581668311
14159,가축사육업,2023-05-31,,1,영업/정상,0,정상,,,,,,,,충청남도 천안시 동남구 성남면 대흥리 *-*,충청남도 천안시 동남구 성남면 대흥*길 **-**,31248,수연농장,2023-05-31 14:11,I,2023-06-02 0:19,,221576.7079,359394.6756,가축사육업,,1664,0,0.0,한우,0,127.23947302525745,36.73562195494983
14160,가축사육업,2023-04-18,,1,영업/정상,0,정상,,,,,,,,충청남도 천안시 동남구 성남면 대흥리 *-*,,,대흥농장,2023-04-18 15:53,I,2023-04-20 0:20,,221437.9607,359347.966,가축사육업,,1661,L00,0.0,염소,11,127.23791835263101,36.735204184465104
14160,가축사육업,2023-04-18,,1,영업/정상,0,정상,,,,,,,,충청남도 천안시 동남구 성남면 대흥리 *-*,,,대흥농장,2023-04-18 15:53,I,2023-04-20 0:20,,221437.9607,359347.966,가축사육업,,1661,L00,0.0,염소,21,127.23791835263101,36.735204184465104
14160,가축사육업,2023-04-18,,1,영업/정상,0,정상,,,,,,,,충청남도 천안시 동남구 성남면 대흥리 *-*,,,대흥농장,2023-04-18 15:53,I,2023-04-20 0:20,,221437.9607,359347.966,가축사육업,,1661,L00,0.0,염소,200,127.23791835263101,36.735204184465104
14160,가축사육업,2023-04-18,,1,영업/정상,0,정상,,,,,,,,충청남도 천안시 동남구 성남면 대흥리 *-*,,,대흥농장,2023-04-18 15:53,I,2023-04-20 0:20,,221437.9607,359347.966,가축사육업,,1661,L00,0.0,염소,19800,127.23791835263101,36.735204184465104
14161,가축사육업,2011-07-18,,1,영업/정상,0,정상,,,,,574-8005,,330-852,충청남도 천안시 동남구 북면 매송리 ***,충청남도 천안시 동남구 북면 매송*길 **-**,,행복농장,2021-08-06 21:07,U,2021-08-08 2:40,,223942.3713,367217.1575,가축사육업,,997,0,0.0,한우,65,127.26620298489198,36.806053847185794
14161,가축사육업,2011-07-18,,1,영업/정상,0,정상,,,,,574-8005,,330-852,충청남도 천안시 동남구 북면 매송리 ***,충청남도 천안시 동남구 북면 매송*길 **-**,,행복농장,2021-08-06 21:07,U,2021-08-08 2:40,,223942.3713,367217.1575,가축사육업,,997,0,0.0,한우,0,127.26620298489198,36.806053847185794
14162,가축사육업,2018-08-03,,1,영업/정상,0,정상,,,,,,,,충청남도 천안시 서북구 성환읍 수향리 ***-*,충청남도 천안시 서북구 성환읍 연암로 **,31005,대로2목장,2022-03-23 11:05,U,2022-03-25 2:40,,212257.3055,383022.0083,가축사육업,,1433,0,0.0,한우,85,127.1355147133184,36.948692565041746
14163,가축사육업,2018-08-09,,1,영업/정상,0,정상,,,,,,,,충청남도 천안시 서북구 성환읍 양령리 ***-*번지,충청남도 천안시 서북구 성환읍 양령*길 ***,31004,잠언축산,2018-08-09 11:30,I,2018-08-31 23:59,,214142.5231,384404.6841,가축사육업,,1434,0,0.0,한우,35,127.15670545817277,36.96112528206908
14164,가축사육업,2020-04-09,,1,영업/정상,0,정상,,,,,,,,충청남도 천안시 동남구 풍세면 보성리 *** 외*(***),충청남도 천안시 동남구 풍세면 세종평택로 ***,31216,삼관목장,2021-03-30 2:28,U,2021-04-01 2:40,,211471.9125,358924.7691,가축사육업,,1546,0,0.0,한우,229,127.12633564581651,36.731562744238616
14164,가축사육업,2020-04-09,,1,영업/정상,0,정상,,,,,,,,충청남도 천안시 동남구 풍세면 보성리 *** 외*(***),충청남도 천안시 동남구 풍세면 세종평택로 ***,31216,삼관목장,2021-03-30 2:28,U,2021-04-01 2:40,,211471.9125,358924.7691,가축사육업,,1546,0,0.0,한우,342,127.12633564581651,36.731562744238616
14165,가축사육업,2020-04-23,,1,영업/정상,0,정상,,,,,,,,충청남도 천안시 동남구 성남면 봉양리 ***-*,충청남도 천안시 동남구 성남면 봉양*길 ***,31249,세명농장,2021-10-01 11:21,U,2021-10-03 2:40,,222917.8138,356772.7857,가축사육업,,1548,0,0.0,종계/산란계,16789,127.2544092149468,36.71196454434433
14166,가축사육업,2020-04-21,,1,영업/정상,0,정상,,,,,,,,충청남도 천안시 동남구 북면 상동리 ***-**번지,충청남도 천안시 동남구 북면 충절로 ****-***,31243,류가네농장,2020-04-21 16:29,I,2020-04-23 0:23,,223422.3525,362886.8008,가축사육업,,1547,0,0.0,염소,1,127.26024302675097,36.767046027325804
14167,가축사육업,2020-06-15,,1,영업/정상,0,정상,,,,,,,,충청남도 천안시 동남구 병천면 송정리 ***-*번지,,,야지농장,2020-06-15 19:12,I,2020-06-17 0:23,,228703.644,359354.1305,가축사육업,,1554,0,0.0,한우,21,127.31926188923573,36.735068382024195
14168,가축사육업,2020-05-18,,1,영업/정상,0,정상,,,,,,,,충청남도 천안시 동남구 동면 장송리 ***-*번지,,,성원농산2농장,2020-05-18 13:44,I,2020-05-20 0:23,,234981.6598,364296.9833,가축사육업,,1551,0,0.0,돼지,2278,127.38977314069587,36.77939790567441
14169,가축사육업,2020-05-18,,1,영업/정상,0,정상,,,,,,,,충청남도 천안시 동남구 병천면 병천리 ***-*,충청남도 천안시 동남구 병천면 개목고개길 ***-**,31254,천혜농장,2020-08-26 13:15,U,2020-08-28 2:40,,226119.5976,365333.4481,가축사육업,,1552,0,0.0,육우,0,127.29053626587114,36.78902244577738
14170,가축사육업,2020-04-03,,1,영업/정상,0,정상,,,,,,,,충청남도 천안시 서북구 성환읍 와룡리 ***-*번지,,,정철농산,2020-04-03 10:35,I,2020-04-05 0:23,,209178.9526,383958.5741,가축사육업,,1543,0,0.0,한우,4,127.10096584292585,36.957166593826884
14171,가축사육업,2020-04-03,,1,영업/정상,0,정상,,,,,,,,충청남도 천안시 서북구 성환읍 양령리 ***-*,,,행복한목장,2023-04-18 15:47,U,2023-04-20 2:40,,215082.7871,384269.2713,가축사육업,,1544,0,0.0,한우,246,127.1672606493819,36.95989058245196
14172,가축사육업,2020-05-12,,1,영업/정상,0,정상,,,,,,,,충청남도 천안시 동남구 풍세면 보성리 ***-*,,,용준농장,2021-03-04 16:22,U,2021-03-06 2:40,,211684.8425,358733.6599,가축사육업,,1549,0,0.0,한우,40,127.12871652104747,36.72983804990732
14173,가축사육업,2020-04-04,,1,영업/정상,0,정상,,,,,,,,"충청남도 천안시 동남구 병천면 매성리 *** 외*(***,***,**-*)",충청남도 천안시 동남구 병천면 봉항로 ***,31240,소사랑축산,2023-04-03 13:29,U,2023-04-05 2:40,,228230.6329,368145.4212,가축사육업,,1545,0,0.0,육우,176,127.31429092635962,36.81430052201703
14174,가축사육업,2020-05-30,,1,영업/정상,0,정상,,,,,,,,충청남도 천안시 서북구 성환읍 양령리 ***-*번지 외*(***-*.**),충청남도 천안시 서북구 성환읍 양령*길 **-*,31004,서경농축,2020-05-30 15:06,I,2020-06-02 0:23,,213220.1589,384618.9459,가축사육업,,1553,0,0.0,육우,602,127.14635228937189,36.96306928524724
14175,가축사육업,2021-10-01,,1,영업/정상,0,정상,,,,,,,,충청남도 천안시 동남구 성남면 봉양리 *** 이든농장,,,이든농장,2023-06-29 19:21,U,2023-07-01 2:40,,222850.3996,356850.871,가축사육업,,1626,0,0.0,종계/산란계,4320,127.25365702647133,36.71266979803221
14176,가축사육업,2021-10-18,,1,영업/정상,0,정상,,,,,,,,충청남도 천안시 서북구 성환읍 안궁리 ***-*,,,한진목장,2021-10-18 16:29,I,2021-10-20 0:22,,212584.7939,385080.8035,가축사육업,,1627,0,0.0,육우,406,127.13922547156244,36.9672396449306
14176,가축사육업,2021-10-18,,1,영업/정상,0,정상,,,,,,,,충청남도 천안시 서북구 성환읍 안궁리 ***-*,,,한진목장,2021-10-18 16:29,I,2021-10-20 0:22,,212584.7939,385080.8035,가축사육업,,1627,0,0.0,육우,0,127.13922547156244,36.9672396449306
14177,가축사육업,2021-11-09,,1,영업/정상,0,정상,,,,,,,,충청남도 천안시 서북구 성환읍 신가리 ***-* 외*필지,충청남도 천안시 서북구 성환읍 와우*길 **-*  (외*필지),,다감농장,2024-01-10 16:13,U,2024-01-13 2:40,,209533.9503,383277.5054,가축사육업,,1631,0,0.0,한우,0,127.10494325486896,36.951026111240175
14178,가축사육업,2021-10-21,,1,영업/정상,0,정상,,,,,,,,충청남도 천안시 동남구 광덕면 광덕리 ***-**,충청남도 천안시 동남구 광덕면 검단리길 **-**,31220,서응농장,2021-12-06 18:07,U,2021-12-08 2:40,,205356.6679,351717.603,가축사육업,,1628,0,0.0,염소,0,127.05782469111014,36.66667124277829
14178,가축사육업,2021-10-21,,1,영업/정상,0,정상,,,,,,,,충청남도 천안시 동남구 광덕면 광덕리 ***-**,충청남도 천안시 동남구 광덕면 검단리길 **-**,31220,서응농장,2021-12-06 18:07,U,2021-12-08 2:40,,205356.6679,351717.603,가축사육업,,1628,0,0.0,염소,0,127.05782469111014,36.66667124277829
14179,가축사육업,2021-10-21,,1,영업/정상,0,정상,,,,,,,,충청남도 천안시 동남구 광덕면 광덕리 ***-** 외 *필지(***-**),"충청남도 천안시 동남구 광덕면 검단리길 **-**, 외 *필지",31220,서응농장,2021-10-21 13:43,I,2021-10-23 0:23,,205356.6679,351717.603,가축사육업,,1629,0,0.0,한우,0,127.05782469111014,36.66667124277829
14179,가축사육업,2021-10-21,,1,영업/정상,0,정상,,,,,,,,충청남도 천안시 동남구 광덕면 광덕리 ***-** 외 *필지(***-**),"충청남도 천안시 동남구 광덕면 검단리길 **-**, 외 *필지",31220,서응농장,2021-10-21 13:43,I,2021-10-23 0:23,,205356.6679,351717.603,가축사육업,,1629,0,0.0,한우,0,127.05782469111014,36.66667124277829
14180,가축사육업,2021-11-22,,1,영업/정상,0,정상,,,,,,,,충청남도 천안시 서북구 성환읍 양령리 ***-* 외 *필지,충청남도 천안시 서북구 성환읍 상령길 *-***,31004,부길농장,2022-11-21 10:02,U,2022-11-23 2:40,,212965.4346,385240.923,가축사육업,,1633,0,0.0,육우,0,127.14350262783171,36.96867730704748
14180,가축사육업,2021-11-22,,1,영업/정상,0,정상,,,,,,,,충청남도 천안시 서북구 성환읍 양령리 ***-* 외 *필지,충청남도 천안시 서북구 성환읍 상령길 *-***,31004,부길농장,2022-11-21 10:02,U,2022-11-23 2:40,,212965.4346,385240.923,가축사육업,,1633,0,0.0,육우,0,127.14350262783171,36.96867730704748
14181,가축사육업,2021-11-22,,1,영업/정상,0,정상,,,,,,,,충청남도 천안시 동남구 북면 은지리 ***-*,충청남도 천안시 동남구 북면 상동*길 **-**,,준목장,2021-11-22 15:05,I,2021-11-24 0:22,,222709.7861,364130.7622,가축사육업,,1634,0,0.0,한우,16,127.25229906185342,36.77827266268739
14181,가축사육업,2021-11-22,,1,영업/정상,0,정상,,,,,,,,충청남도 천안시 동남구 북면 은지리 ***-*,충청남도 천안시 동남구 북면 상동*길 **-**,,준목장,2021-11-22 15:05,I,2021-11-24 0:22,,222709.7861,364130.7622,가축사육업,,1634,0,0.0,한우,0,127.25229906185342,36.77827266268739
14182,가축사육업,2021-11-02,,1,영업/정상,0,정상,,,,,,,,충청남도 천안시 서북구 성환읍 양령리 ***-* 외 *필지(***-**),"충청남도 천안시 서북구 성환읍 양령*길 **-**, 외 *필지",31004,나래농장,2022-02-22 15:35,U,2022-02-24 2:40,,213249.5111,384322.3074,가축사육업,,1630,0,0.0,육우,0,127.14667670764145,36.960395929532375
14183,가축사육업,2021-12-08,,1,영업/정상,0,정상,,,,,,,,충청남도 천안시 동남구 성남면 대흥리 *-* 외 *필지(*-*),,,복사골농장,2021-12-08 21:16,I,2021-12-10 0:22,,221600.9183,359197.2853,가축사육업,,1635,0,0.0,한우,0,127.23973851405512,36.73384270625952
14184,가축사육업,2023-03-13,,1,영업/정상,0,정상,,,,,,,,충청남도 천안시 서북구 성환읍 신가리 ***-*,,,윤스팜 제3농장,2023-03-13 16:18,I,2023-03-15 0:41,,209589.504,384596.3436,가축사육업,,1658,L00,0.0,한우,0,127.1055835861159,36.9629093446652
14185,가축사육업,2023-03-13,,1,영업/정상,0,정상,,,,,,,,"충청남도 천안시 서북구 성환읍 신가리 ***-* 외 * (***-*, -*, -*)",,,윤스팜 제4농장,2023-03-13 16:30,I,2023-03-15 0:41,,209707.8452,384687.3807,가축사육업,,1659,L00,0.0,한우,0,127.1069135923728,36.96372845676587
14186,가축사육업,2023-03-13,,1,영업/정상,0,정상,,,,,,,,충청남도 천안시 서북구 성환읍 신가리 ***-*,,,농업회사법인양지팜(유),2023-08-02 17:06,U,2023-08-04 2:40,,209848.8802,384519.7616,가축사육업,,1660,L00,0.0,한우,0,127.10849511017042,36.96221662051079
14186,가축사육업,2023-03-13,,1,영업/정상,0,정상,,,,,,,,충청남도 천안시 서북구 성환읍 신가리 ***-*,,,농업회사법인양지팜(유),2023-08-02 17:06,U,2023-08-04 2:40,,209848.8802,384519.7616,가축사육업,,1660,L00,0.0,한우,748224,127.10849511017042,36.96221662051079
14187,가축사육업,2023-03-10,,1,영업/정상,0,정상,,,,,,,,충청남도 천안시 서북구 성환읍 율금리 ***-** 외 *(***-*),,,농업회사법인 숲이랑,2023-03-10 20:21,I,2023-03-12 0:41,,209285.5465,376824.8157,가축사육업,,1657,L00,0.0,젖소,0,127.10207579376441,36.892884296761416
14188,가축사육업,2024-01-17,,1,영업/정상,0,정상,,,,,,,,충청남도 천안시 동남구 풍세면 가송리 ***,,,남충농장,2024-01-17 10:55,I,2024-01-19 0:16,,211801.2729,357970.1234,가축사육업,,1671,0,0.0,한우,0,127.13000822380114,36.72295627679203
14189,가축사육업,2018-08-24,,1,영업/정상,0,정상,,,,,,,,충청남도 천안시 서북구 입장면 가산리 ***-*,충청남도 천안시 서북구 입장면 섶머리*길 ***,31026,새한목장,2022-02-11 15:21,U,2022-02-13 2:40,,217460.633,380801.2182,가축사육업,,1437,0,0.0,젖소,45,127.19388039100174,36.928599772658316
14190,가축사육업,2020-06-19,,1,영업/정상,0,정상,,,,,,,,충청남도 천안시 서북구 성환읍 양령리 ***-* 외*(***-*),충청남도 천안시 서북구 성환읍 상령길 **,31004,평화농장,2023-05-22 17:35,U,2023-05-24 2:40,,213087.17,384855.73,가축사육업,,1555,0,0.0,육우,210,127.14486304703358,36.96520474325992
14191,가축사육업,2020-07-27,,1,영업/정상,0,정상,,,,,,,,충청남도 천안시 동남구 동면 구도리 **-* 외*(**-*),충청남도 천안시 동남구 동면 구도*길 **-**,31260,구도목장,2020-07-27 11:35,I,2020-07-29 0:23,,230378.7052,362163.2864,가축사육업,,1558,0,0.0,젖소,0,127.33812650967482,36.7603296356948
14192,가축사육업,2020-08-25,,1,영업/정상,0,정상,,,,,,,,충청남도 천안시 동남구 성남면 봉양리 ***-*,충청남도 천안시 동남구 성남면 봉양*길 ***,31249,자연알로(성남),2022-08-09 15:04,U,2022-08-11 2:40,,223156.5376,356156.884,가축사육업,,1559,0,0.0,종계/산란계,14625,127.25706247537474,36.70640881694236
14193,가축사육업,2020-07-10,,1,영업/정상,0,정상,,,,,,,,충청남도 천안시 서북구 성환읍 양령리 ***-*,충청남도 천안시 서북구 성환읍 상령길 **,31004,신원목장,2020-08-04 17:24,U,2020-08-06 2:40,,212633.5804,384864.1644,가축사육업,,1557,0,0.0,육우,0,127.13976971780329,36.96528690787067
14194,가축사육업,2021-07-07,,1,영업/정상,0,정상,,,,,,,,"충청남도 천안시 동남구 성남면 대흥리 **-* 외 *필지(**-*,**-*,**-*)",,,두성오리농장,2021-07-22 10:06,U,2021-07-24 2:40,,221739.6037,358845.6419,가축사육업,,1616,0,0.0,오리,17577,127.2412811802577,36.73067086270177
14195,가축사육업,2021-07-26,,1,영업/정상,0,정상,,,,,,,,충청남도 천안시 동남구 북면 은지리 ***-*,,,준근농장,2021-07-26 20:41,I,2021-07-28 0:22,,223258.6491,363915.1931,가축사육업,,1623,0,0.0,한우,0,127.25844078255936,36.77631689939365
14196,가축사육업,2021-07-13,,1,영업/정상,0,정상,,,,,,,,충청남도 천안시 동남구 목천읍 소사리 **,,,아빠사랑팜,2022-10-06 13:18,U,2022-10-08 2:40,,217035.5063,359262.7973,가축사육업,,1617,0,0.0,종계/산란계,6480,127.18862823940185,36.734525617175734
14197,가축사육업,2021-07-23,,1,영업/정상,0,정상,,,,,,,,충청남도 천안시 동남구 성남면 대흥리 ***,,,상규농장,2021-07-23 20:19,I,2021-07-25 0:23,,221029.62,358469.6351,가축사육업,,1622,0,0.0,한우,0,127.23332264213484,36.72729857010465
14198,가축사육업,2021-07-21,,1,영업/정상,0,정상,,,,,,,,충청남도 천안시 서북구 성환읍 양령리 ***-* 외 *필지(***-**),,,육일목장,2021-07-21 10:00,I,2021-07-23 0:22,,214502.4037,384067.4047,가축사육업,,1618,0,0.0,젖소,0,127.16073998423145,36.95808068289877
14199,가축사육업,2021-07-21,,1,영업/정상,0,정상,,,,,,,,"충청남도 천안시 동남구 북면 대평리 *** ,***",,,신진목장,2023-02-10 9:40,U,2023-02-12 2:40,,225384.8219,374675.2101,가축사육업,,1619,0,0.0,한우,81,127.28261526849869,36.873220068321146
14199,가축사육업,2021-07-21,,1,영업/정상,0,정상,,,,,,,,"충청남도 천안시 동남구 북면 대평리 *** ,***",,,신진목장,2023-02-10 9:40,U,2023-02-12 2:40,,225384.8219,374675.2101,가축사육업,,1619,0,0.0,한우,220,127.28261526849869,36.873220068321146
14200,가축사육업,2021-07-21,,1,영업/정상,0,정상,,,,,,,,"충청남도 천안시 서북구 성환읍 양령리 ***-* 외 *필지(**-*, **-*)","충청남도 천안시 서북구 성환읍 양령*길 ***-*, 외 *필지(**-*, **-*)",31004,지혜농장,2022-11-21 10:43,U,2022-11-23 2:40,,215135.1524,384530.6454,가축사육업,,1620,0,0.0,한우,0,127.16785384286234,36.96224492915072
14201,가축사육업,2021-07-21,,1,영업/정상,0,정상,,,,,,,,"충청남도 천안시 동남구 수신면 장산리 *** 외 *필지(***,***-*,***-*,***-*)",,,초심농장,2021-07-21 19:37,I,2021-07-23 0:22,,226637.5176,360105.4262,가축사육업,,1621,0,0.0,한우,0,127.29615666241047,36.74189840279283
14202,가축사육업,2021-09-06,,1,영업/정상,0,정상,,,,,,,,충청남도 천안시 동남구 풍세면 가송리 ***,,,갈재농장,2021-09-06 9:53,I,2021-09-08 0:22,,211686.2298,358092.4816,가축사육업,,1625,0,0.0,한우,0,127.12872230401463,36.72406027998388
14203,가축사육업,2021-08-18,,1,영업/정상,0,정상,,,,,,,,충청남도 천안시 서북구 성환읍 양령리 ***-*,,,농업회사법인한솔목장주식회사,2021-08-18 16:29,I,2021-08-20 0:22,,214436.3651,384261.5156,가축사육업,,1624,L00,0.0,한우,0,127.16000218124746,36.959830783860156
14204,가축사육업,2022-12-13,,1,영업/정상,0,정상,,,,,,,,충청남도 천안시 동남구 목천읍 소사리 ***-**,,,영숙농장,2022-12-13 10:10,I,2022-12-15 0:40,,215369.3134,359345.1159,가축사육업,,1656,0,0.0,한우,0,127.1699759529478,36.73529571991128
14205,가축사육업,2022-11-23,,1,영업/정상,0,정상,,,,,,,,"충청남도 천안시 서북구 성환읍 신가리 ***-* 외 *(***-*,***-*)",,,서경농축3농장,2022-11-23 20:13,I,2022-11-25 0:22,,209917.6577,384170.5321,가축사육업,,1655,0,0.0,한우,0,127.10926284711154,36.959069066871706
14206,가축사육업,2022-11-14,,1,영업/정상,0,정상,,,,,,,,충청남도 천안시 동남구 병천면 송정리 ***-*,,,산성가축,2022-11-14 10:31,I,2022-11-16 0:22,,228205.5998,358488.8497,가축사육업,,1654,0,0.0,산양,0,127.31365417755204,36.72728620270092
14207,가축사육업,2021-05-28,,1,영업/정상,0,정상,,,,,,,,충청남도 천안시 동남구 풍세면 용정리 ***-*,,,진영농장,2021-05-28 20:37,I,2021-05-30 0:22,,210444.7978,361081.9995,가축사육업,,1607,0,0.0,한우,20,127.11486626457882,36.75101361521008
14207,가축사육업,2021-05-28,,1,영업/정상,0,정상,,,,,,,,충청남도 천안시 동남구 풍세면 용정리 ***-*,,,진영농장,2021-05-28 20:37,I,2021-05-30 0:22,,210444.7978,361081.9995,가축사육업,,1607,0,0.0,한우,0,127.11486626457882,36.75101361521008
14208,가축사육업,2021-05-28,,1,영업/정상,0,정상,,,,,,,,충청남도 천안시 동남구 성남면 대흥리 **-**,충청남도 천안시 동남구 성남면 대흥*길 **-**,31248,가온농장,2022-08-23 14:46,U,2022-08-25 2:40,,221870.0896,358958.6842,가축사육업,,1608,0,0.0,한우,80,127.24274518642952,36.731686509077676
14208,가축사육업,2021-05-28,,1,영업/정상,0,정상,,,,,,,,충청남도 천안시 동남구 성남면 대흥리 **-**,충청남도 천안시 동남구 성남면 대흥*길 **-**,31248,가온농장,2022-08-23 14:46,U,2022-08-25 2:40,,221870.0896,358958.6842,가축사육업,,1608,0,0.0,한우,0,127.24274518642952,36.731686509077676
14209,가축사육업,2021-06-28,,1,영업/정상,0,정상,,,,,,,,충청남도 천안시 동남구 동면 송연리 **,충청남도 천안시 동남구 동면 화복로 *-**,31260,부대농장,2022-07-19 17:13,U,2022-07-21 2:40,,232435.5533,364938.5919,가축사육업,,1613,0,0.0,돼지,1800,127.36127919139072,36.78526974017803
14210,가축사육업,2021-06-23,,1,영업/정상,0,정상,,,,,041-522-6999,,,충청남도 천안시 동남구 병천면 관성리 ***,충청남도 천안시 동남구 병천면 관성*길 **-**,31240,거성목장,2023-10-20 17:47,U,2023-10-22 2:40,,228889.8737,367240.8023,가축사육업,,1611,0,0.0,한우,0,127.32164480959602,36.80612924906301
14211,가축사육업,2021-05-31,,1,영업/정상,0,정상,,,,,,,,충청남도 천안시 동남구 병천면 송정리 ***,,,금송농장,2021-05-31 16:02,I,2021-06-02 0:22,,230089.7668,359462.8075,가축사육업,,1609,0,0.0,한우,0,127.33478448154845,36.73600485126955
14212,가축사육업,2021-05-10,,1,영업/정상,0,정상,,,,,,,,충청남도 천안시 서북구 성환읍 송덕리 **,,,채움목장,2021-05-10 15:51,I,2021-05-12 0:23,,210347.0044,379651.3713,가축사육업,,1606,0,0.0,염소,200,127.11402228268778,36.918343086876824
14213,가축사육업,2021-06-30,,1,영업/정상,0,정상,,,,,,,,"충청남도 천안시 서북구 직산읍 군동리 ***-* 외 *필지(***-*,-*,***-*,-*)","충청남도 천안시 서북구 직산읍 성진로 ***, 진목장",31032,진목장,2021-06-30 18:15,I,2021-07-02 0:23,,214701.8192,378273.9805,가축사육업,,1614,0,0.0,육우,0,127.16286701130699,36.90587409246329
14214,가축사육업,2021-07-02,,1,영업/정상,0,정상,,,,,,,,충청남도 천안시 서북구 성환읍 양령리 ***-*,,,새봄농장,2021-07-02 11:28,I,2021-07-04 0:22,,214557.3853,384331.2437,가축사육업,,1615,0,0.0,한우,0,127.16136238733039,36.96045723382404
14215,가축사육업,2021-06-24,,1,영업/정상,0,정상,,,,,,,,충청남도 천안시 동남구 병천면 매성리 ***-*,,,가온농장2,2023-02-23 11:22,U,2023-02-25 2:40,,228650.4644,366432.562,가축사육업,,1612,0,0.0,한우,0,127.31893169619336,36.79885352009481
14216,가축사육업,2021-06-01,,1,영업/정상,0,정상,,,,,,,,충청남도 천안시 동남구 목천읍 운전리 **-* 외 *필지(**-*),,,한우림농장,2021-06-01 19:00,I,2021-06-03 0:23,,221669.515,362666.4288,가축사육업,,1610,0,0.0,한우,0,127.24060462589331,36.765101798665526
14217,가축사육업,2020-09-10,,1,영업/정상,0,정상,,,,,,,,충청남도 천안시 서북구 입장면 용정리 ***-*,충청남도 천안시 서북구 입장면 섶머리*길 ***,31025,정연농장,2020-09-10 14:02,I,2020-09-12 0:23,,216895.8813,379752.7325,가축사육업,,1561,0,0.0,육우,0,127.18751839528278,36.919162305130854
14218,가축사육업,2020-09-15,,1,영업/정상,0,정상,,,,,,,,충청남도 천안시 서북구 성환읍 도하리 ***-*,충청남도 천안시 서북구 성환읍 연암로 ***-**,31005,현대농장(1),2023-07-13 9:05,U,2023-07-15 2:40,,215509.2371,383309.0648,가축사육업,,1563,0,0.0,한우,0,127.172029404315,36.95123147466679
14219,가축사육업,2020-09-14,,1,영업/정상,0,정상,,,,,,,,충청남도 천안시 동남구 북면 대평리 ***,충청남도 천안시 동남구 북면 대평*길 **,31062,민수목장,2023-02-10 9:31,U,2023-02-12 2:40,,225351.1464,373924.467,가축사육업,,1562,0,0.0,젖소,94,127.28221256979147,36.866456141696524
14220,가축사육업,2020-09-07,,1,영업/정상,0,정상,,,,,,,,충청남도 천안시 서북구 입장면 연곡리 ***-*,충청남도 천안시 서북구 입장면 양령*길 ***,31026,부길농장,2022-04-28 13:34,U,2022-04-30 2:40,,215485.2492,384131.9807,가축사육업,,1560,0,0.0,육우,0,127.17177687418143,36.958646983805664
14220,가축사육업,2020-09-07,,1,영업/정상,0,정상,,,,,,,,충청남도 천안시 서북구 입장면 연곡리 ***-*,충청남도 천안시 서북구 입장면 양령*길 ***,31026,부길농장,2022-04-28 13:34,U,2022-04-30 2:40,,215485.2492,384131.9807,가축사육업,,1560,0,0.0,육우,0,127.17177687418143,36.958646983805664
14221,가축사육업,2020-09-25,,1,영업/정상,0,정상,,,,,,,,충청남도 천안시 서북구 성환읍 양령리 ***-*,충청남도 천안시 서북구 성환읍 양령*길 ***-*,31004,일진5농장,2020-09-25 16:24,I,2020-09-27 0:23,,215519.5004,384303.0427,가축사육업,,1568,0,0.0,육우,0,127.17216495375136,36.96018782365955
14222,가축사육업,2020-09-18,,1,영업/정상,0,정상,,,,,,,,충청남도 천안시 서북구 성환읍 양령리 **-* 외*(**-*),충청남도 천안시 서북구 성환읍 양령*길 ***-*,31004,대림4농장,2020-09-18 15:58,I,2020-09-20 0:23,,215258.3995,384610.8287,가축사육업,,1564,0,0.0,한우,0,127.16923937176246,36.96296546214679
14223,가축사육업,2020-10-06,,1,영업/정상,0,정상,,,,,,,,"충청남도 천안시 동남구 풍세면 용정리 ***-* 외 *(***-*,**)",충청남도 천안시 동남구 풍세면 봉강천로 ***-*,31214,구성농장,2022-03-16 17:09,U,2022-03-18 2:40,,210234.1415,361102.8264,가축사육업,,1569,0,0.0,종계/산란계,102,127.11250761916287,36.751203570087036
14223,가축사육업,2020-10-06,,1,영업/정상,0,정상,,,,,,,,"충청남도 천안시 동남구 풍세면 용정리 ***-* 외 *(***-*,**)",충청남도 천안시 동남구 풍세면 봉강천로 ***-*,31214,구성농장,2022-03-16 17:09,U,2022-03-18 2:40,,210234.1415,361102.8264,가축사육업,,1569,0,0.0,종계/산란계,18624,127.11250761916287,36.751203570087036
14224,가축사육업,2020-09-24,,1,영업/정상,0,정상,,,,,,,,충청남도 천안시 동남구 성남면 대흥리 **-*,충청남도 천안시 동남구 성남면 대흥*길 **-**,31248,농업회사법인(주)두리한우,2020-09-24 15:59,I,2020-09-26 0:23,,221980.5731,358954.5638,가축사육업,,1565,L00,0.0,한우,0,127.2439819402049,36.73164683637314
14225,가축사육업,2020-09-24,,1,영업/정상,0,정상,,,,,,,,충청남도 천안시 동남구 수신면 장산리 ***,충청남도 천안시 동남구 수신면 장산동길 ***-*,31252,남원농장,2020-09-24 16:38,I,2020-09-26 0:23,,226606.3371,360307.3104,가축사육업,,1566,0,0.0,한우,0,127.29581456347145,36.743718459006736
14226,가축사육업,2022-03-25,,1,영업/정상,0,정상,,,,,,,,충청남도 천안시 서북구 성환읍 양령리 ***-*,,,부흥농장,2022-03-25 19:57,I,2022-03-27 0:22,,214027.6873,384356.5405,가축사육업,,1638,0,0.0,한우,2,127.15541511876951,36.960693180308205
14226,가축사육업,2022-03-25,,1,영업/정상,0,정상,,,,,,,,충청남도 천안시 서북구 성환읍 양령리 ***-*,,,부흥농장,2022-03-25 19:57,I,2022-03-27 0:22,,214027.6873,384356.5405,가축사육업,,1638,0,0.0,한우,0,127.15541511876951,36.960693180308205
14227,가축사육업,2020-10-21,,1,영업/정상,0,정상,,,,,,,,"충청남도 천안시 동남구 풍세면 가송리 ***-* 외 *(***, ***-*)",충청남도 천안시 동남구 풍세면 송정*길 **,31216,수호농장,2020-10-21 17:59,I,2020-10-23 0:23,,213286.2329,358540.9044,가축사육업,,1570,0,0.0,종계/산란계,36064,127.14664056357043,36.72808015631302
14228,가축사육업,2020-10-28,,1,영업/정상,0,정상,,,,,,,,충청남도 천안시 서북구 성환읍 양령리 ***-*,충청남도 천안시 서북구 성환읍 상령길 **-**,31004,은정농장,2020-10-28 13:27,I,2020-10-30 0:23,,213019.6702,385077.2823,가축사육업,,1571,0,0.0,육우,0,127.14410887417641,36.967202032830215
14229,가축사육업,2020-11-06,,1,영업/정상,0,정상,,,,,,,,충청남도 천안시 동남구 풍세면 풍서리 ***,,,용삼목장2농장,2020-11-06 13:53,I,2020-11-08 0:23,,211264.7391,357540.8572,가축사육업,,1572,0,0.0,한우,0,127.12399603581115,36.7190945691443
14230,가축사육업,2020-11-16,,1,영업/정상,0,정상,,,,,,,,충청남도 천안시 서북구 성환읍 양령리 ***-*,충청남도 천안시 서북구 성환읍 상령길 **-*,31004,상상한우,2023-02-16 21:43,U,2023-02-18 2:40,,212679.0707,385031.3603,가축사육업,,1574,L00,0.0,한우,0,127.14028333170442,36.966792864849836
14231,가축사육업,2020-11-12,,1,영업/정상,0,정상,,,,,,,,충청남도 천안시 서북구 성환읍 와룡리 ***-*,충청남도 천안시 서북구 성환읍 와룡길 ***-**,31000,가나안목장,2022-03-02 16:31,U,2022-03-04 2:40,,209149.5962,384417.524,가축사육업,,1573,0,0.0,한우,0,127.1006417439943,36.96130238445516
14232,가축사육업,2022-10-20,,1,영업/정상,0,정상,,,,,,,,"충청남도 천안시 동남구 병천면 봉항리 ***-* 외 *필지(***-*, 산 ***, ***, ***-*, -*, ***-*, -*)",,,피그텔,2023-05-10 16:59,U,2023-05-12 2:40,,226877.2381,369260.1555,가축사육업,,1652,0,0.0,돼지,4783,127.2991626440173,36.824384583534965
14233,가축사육업,2022-09-29,,1,영업/정상,0,정상,,,,,,,,충청남도 천안시 동남구 북면 명덕리 ***-* ***번지,충청남도 천안시 동남구 북면 명덕*길 **-** (***번지),,개운농장,2023-09-27 11:17,U,2023-09-29 2:40,,223954.362,368552.3797,가축사육업,,1651,L00,0.0,종계/산란계,4800,127.26637924876556,36.818085156826946
14234,가축사육업,2022-09-08,,1,영업/정상,0,정상,,,,,,,,"충청남도 천안시 서북구 성환읍 양령리 ***-* 외 *필지(***-*, ***-*, ***-*)",충청남도 천안시 서북구 성환읍 대령길 **,31004,천안FVT유산양목장,2022-09-16 11:33,U,2022-09-18 2:40,,213611.5766,384738.2096,가축사육업,,1649,0,0.0,염소,0,127.15074962916215,36.96413839439115
14235,가축사육업,2022-09-22,,1,영업/정상,0,정상,,,,,,,,충청남도 천안시 동남구 동면 화덕리 ***-*,,,현우농장,2022-09-22 16:11,I,2022-09-24 0:22,,235982.5279,361773.0644,가축사육업,,1650,0,0.0,한우,0,127.40086590399518,36.75661776505238
14236,가축사육업,2022-10-28,,1,영업/정상,0,정상,,,,,,,,충청남도 천안시 동남구 북면 상동리 ***-**,,,대원농장,2022-10-28 16:35,I,2022-10-30 0:22,,,,가축사육업,,1653,0,0.0,한우,0,127.264927804449,36.7691157638773
14237,가축사육업,2021-04-07,,1,영업/정상,0,정상,,,,,,,,"충청남도 천안시 동남구 병천면 관성리 ***-* 외 *필지(***-*,***-*,***-*,***)",충청남도 천안시 동남구 병천면 관성*길 **-**,31240,푸른 한우농장,2021-04-07 16:04,I,2021-04-09 0:23,,228828.6561,367207.3862,가축사육업,,1601,0,0.0,한우,148,127.3209575532219,36.80583000086648
14238,가축사육업,2021-04-07,,1,영업/정상,0,정상,,,,,,,,충청남도 천안시 서북구 성환읍 양령리 ***-*,충청남도 천안시 서북구 성환읍 양령*길 ***-**,31004,덕현3농장,2021-04-07 16:17,I,2021-04-09 0:23,,214511.4667,384111.2674,가축사육업,,1602,0,0.0,육우,161,127.16084258370351,36.958475781171224
14239,가축사육업,2021-04-07,,1,영업/정상,0,정상,,,,,,,,"충청남도 천안시 동남구 병천면 매성리 ** 외 *필지(**,**-*,**-*,**-*)",충청남도 천안시 동남구 병천면 봉항로 ***,31240,여명축산,2022-07-08 14:04,U,2022-07-10 2:40,,228072.2274,368776.317,가축사육업,,1603,0,0.0,돼지,0,127.31253888500723,36.819990159491255
14240,가축사육업,2021-04-07,,1,영업/정상,0,정상,,,,,,,,충청남도 천안시 서북구 성환읍 양령리 ***-*,충청남도 천안시 서북구 성환읍 양령*길 ***-**,31004,호수목장,2024-01-26 17:46,U,2024-01-28 2:40,,213987.1503,384160.5983,가축사육업,,1604,0,0.0,젖소,100,127.15495633637613,36.95892818789522
14241,가축사육업,2021-03-03,,1,영업/정상,0,정상,,,,,,,,충청남도 천안시 동남구 성남면 대흥리 **-*,충청남도 천안시 동남구 성남면 대흥*길 **-**,31248,남영농장,2021-03-03 10:21,I,2021-03-05 0:23,,222165.552,358875.4898,가축사육업,,1595,0,0.0,육우,0,127.24605050657593,36.73093000695965
14242,가축사육업,2021-03-04,,1,영업/정상,0,정상,,,,,,,,충청남도 천안시 동남구 광덕면 매당리 ***-*,충청남도 천안시 동남구 광덕면 쇳골길 **,31221,백두목장,2021-03-04 16:52,I,2021-03-06 0:23,,208534.5498,355879.6446,가축사육업,,1596,0,0.0,한우,0,127.09341770822921,36.70415334687251
14243,가축사육업,2021-03-05,,1,영업/정상,0,정상,,,,,,,,충청남도 천안시 서북구 성환읍 양령리 ***-* 외 *(***-*),충청남도 천안시 서북구 성환읍 양령*길 ***-*,31004,한우원목장,2023-02-16 21:47,U,2023-02-18 2:40,,214451.9764,384336.5357,가축사육업,,1597,0,0.0,한우,0,127.16017890006061,36.96050653510244
14244,가축사육업,2021-03-05,,1,영업/정상,0,정상,,,,,,,,충청남도 천안시 서북구 성환읍 양령리 **-*,충청남도 천안시 서북구 성환읍 양령*길 ***-*,31004,일진농장,2021-08-03 18:55,U,2021-08-05 2:40,,215354.6703,384536.707,가축사육업,,1598,0,0.0,육우,500,127.17031888745609,36.962296010233665
14244,가축사육업,2021-03-05,,1,영업/정상,0,정상,,,,,,,,충청남도 천안시 서북구 성환읍 양령리 **-*,충청남도 천안시 서북구 성환읍 양령*길 ***-*,31004,일진농장,2021-08-03 18:55,U,2021-08-05 2:40,,215354.6703,384536.707,가축사육업,,1598,0,0.0,육우,280,127.17031888745609,36.962296010233665
14244,가축사육업,2021-03-05,,1,영업/정상,0,정상,,,,,,,,충청남도 천안시 서북구 성환읍 양령리 **-*,충청남도 천안시 서북구 성환읍 양령*길 ***-*,31004,일진농장,2021-08-03 18:55,U,2021-08-05 2:40,,215354.6703,384536.707,가축사육업,,1598,0,0.0,육우,0,127.17031888745609,36.962296010233665
14245,가축사육업,2021-03-05,,1,영업/정상,0,정상,,,,,,,,충청남도 천안시 서북구 성환읍 양령리 ***-*,충청남도 천안시 서북구 성환읍 양령*길 **-**,31004,옥돌농장,2024-01-24 18:58,U,2024-01-26 2:40,,213374.4403,384387.4389,가축사육업,,1599,0,0.0,육우,0,127.14808062692663,36.96098105808209
14246,가축사육업,2021-02-17,,1,영업/정상,0,정상,,,,,,,,충청남도 천안시 동남구 성남면 석곡리 **-**,충청남도 천안시 동남구 성남면 석곡*길 ***,31247,다온농장,2024-01-29 9:54,U,2024-01-31 2:40,,220798.8243,359506.4498,가축사육업,,1594,0,0.0,한우,0,127.23076713595785,36.736646467662155
14246,가축사육업,2021-02-17,,1,영업/정상,0,정상,,,,,,,,충청남도 천안시 동남구 성남면 석곡리 **-**,충청남도 천안시 동남구 성남면 석곡*길 ***,31247,다온농장,2024-01-29 9:54,U,2024-01-31 2:40,,220798.8243,359506.4498,가축사육업,,1594,0,0.0,한우,146600,127.23076713595785,36.736646467662155
14247,가축사육업,2021-02-16,,1,영업/정상,0,정상,,,,,,,,충청남도 천안시 서북구 성환읍 양령리 ***-*,충청남도 천안시 서북구 성환읍 양령*길 ***-**,31004,해오름목장,2021-02-16 11:18,I,2021-02-18 0:23,,214539.3112,384244.9239,가축사육업,,1593,0,0.0,육우,0,127.16115778836848,36.95967970310582
14248,가축사육업,2021-03-26,,1,영업/정상,0,정상,,,,,,,,충청남도 천안시 동남구 성남면 신덕리 *** 외 *필지(***),충청남도 천안시 동남구 성남면 대흥*길 **-**,31248,에그머니농장,2021-11-17 15:33,U,2021-11-19 2:40,,222203.2723,358834.1993,가축사육업,,1600,0,0.0,종계/산란계,9360,127.24647158833433,36.73055705625823
14249,가축사육업,2021-04-20,,1,영업/정상,0,정상,,,,,,,,충청남도 천안시 동남구 병천면 매성리 **-*,충청남도 천안시 동남구 병천면 봉항로 ***,31240,별빛축산,2024-01-30 21:09,U,2024-02-01 2:40,,228000.6011,368877.0948,가축사육업,,1605,0,0.0,돼지,3647,127.31173980647829,36.820900374162406
14250,가축사육업,2018-10-23,,1,영업/정상,0,정상,,,,,,,,충청남도 천안시 동남구 성남면 봉양리 ***,충청남도 천안시 동남구 성남면 봉양*길 ***,31249,성보목장,2022-11-01 14:26,U,2022-11-03 2:40,,223305.6929,355948.6716,가축사육업,,1444,0,0.0,젖소,62,127.25872540962177,36.704528956242
14251,가축사육업,2018-10-23,,1,영업/정상,0,정상,,,,,,,,충청남도 천안시 서북구 성환읍 양령리 ***-*,충청남도 천안시 서북구 성환읍 양령*길 ***-**,31004,신화목장,2022-12-19 10:01,U,2022-12-21 2:40,,214390.7131,384633.2463,가축사육업,,1445,0,0.0,젖소,0,127.15949662703557,36.96318106224507
14252,가축사육업,2018-10-04,,1,영업/정상,0,정상,,,,,,,,충청남도 천안시 서북구 성환읍 어룡리 ***-*,,,초하원목장2,2021-06-10 10:11,U,2021-06-12 2:40,,209896.8868,381319.3541,가축사육업,,1439,0,0.0,한우,115,127.1089925540467,36.93337783179117
14253,가축사육업,2018-10-03,,1,영업/정상,0,정상,,,,,,,,충청남도 천안시 동남구 성남면 석곡리 **-*,충청남도 천안시 동남구 성남면 신사대화로 **-**,31247,성원농산3농장,2023-09-15 15:01,U,2023-09-17 2:40,,220937.3872,359797.5817,가축사육업,,1438,0,0.0,한우,217,127.23232641293652,36.73926684441181
14254,가축사육업,2018-10-11,,1,영업/정상,0,정상,,,,,,,,충청남도 천안시 서북구 직산읍 상덕리 ***-*번지,충청남도 천안시 서북구 직산읍 덕녕굴길 **,31030,사계절 흑염소 농장,2018-10-11 10:03,U,2018-10-11 23:59,,211377.5387,377136.8593,가축사육업,,1440,0,0.0,염소,180,127.12554978914342,36.8956733360474
14255,가축사육업,2018-10-29,,1,영업/정상,0,정상,,,,,,,,충청남도 천안시 동남구 풍세면 가송리 *-*,,,형제농장,2021-03-04 16:21,U,2021-03-06 2:40,,211900.5354,359656.9489,가축사육업,,1448,0,0.0,한우,86400,127.13114547896892,36.738155269534666
14255,가축사육업,2018-10-29,,1,영업/정상,0,정상,,,,,,,,충청남도 천안시 동남구 풍세면 가송리 *-*,,,형제농장,2021-03-04 16:21,U,2021-03-06 2:40,,211900.5354,359656.9489,가축사육업,,1448,0,0.0,한우,45,127.13114547896892,36.738155269534666
14256,가축사육업,2018-10-19,,1,영업/정상,0,정상,,,,,,,,충청남도 천안시 동남구 성남면 대흥리 ***,충청남도 천안시 동남구 성남면 대흥*길 ***-**,31248,주식회사 농업회사법인 정원팜스(1),2022-07-13 16:25,U,2022-07-15 2:40,,219519.2509,358190.541,가축사육업,,1441,L00,0.0,돼지,220,127.21640776911569,36.724815762658984
14257,가축사육업,2018-10-19,,1,영업/정상,0,정상,,,,,,,,충청남도 천안시 서북구 성환읍 양령리 ***-**번지,충청남도 천안시 서북구 성환읍 양령*길 **-**,31004,호재목장,2019-01-25 15:52,U,2019-01-27 2:40,,213344.3061,384276.1038,가축사육업,,1443,0,0.0,육우,50,127.14774030500354,36.95997826688939
14258,가축사육업,2022-07-14,,1,영업/정상,0,정상,,,,,,,,충청남도 천안시 서북구 성환읍 양령리 ***-*,,,프렌드농장,2022-07-14 13:36,I,2022-07-16 0:22,,214067.0548,384026.4179,가축사육업,,1648,0,0.0,육우,0,127.15585104369029,36.95771793262936
14259,가축사육업,2022-03-23,,1,영업/정상,0,정상,,,,,,,,"충청남도 천안시 서북구 성환읍 신방리 ** 외 *필지(**-*,**-*)",충청남도 천안시 서북구 성환읍 신방로 ***,31000,연수농장,2023-12-20 14:52,U,2023-12-23 2:40,,208262.546,380729.588,가축사육업,,1637,0,0.0,육계,66013,127.09064135211776,36.928079169533504
14260,가축사육업,2018-10-26,,1,영업/정상,0,정상,,,,,,,,충청남도 천안시 서북구 입장면 용정리 ***-*번지,,,진세 제2농장,2018-10-26 10:23,I,2018-11-03 13:17,,216709.2658,380837.1067,가축사육업,,1447,0,0.0,한우,19,127.18544794787444,36.92893672083157
14261,가축사육업,2018-12-24,,1,영업/정상,0,정상,,,,,,,,충청남도 천안시 동남구 동면 화덕리 ***-*번지,충청남도 천안시 동남구 동면 화덕*길 **,31261,성산농장,2018-12-24 10:39,I,2018-12-26 2:20,,235243.4658,361731.6814,가축사육업,,1456,0,0.0,한우,100,127.39258758194076,36.75627255679092
14262,가축사육업,2018-11-12,,1,영업/정상,0,정상,,,,,,,,충청남도 천안시 동남구 풍세면 용정리 ***-*번지,충청남도 천안시 동남구 풍세면 봉강천로 ***-**,31214,하늘가득한우농장,2018-11-12 8:42,I,2018-11-14 2:35,,209908.4881,360884.4417,가축사육업,,1449,0,0.0,한우,353,127.10885813741584,36.74923911401225
14263,가축사육업,2018-12-06,,1,영업/정상,0,정상,,,,,,,,충청남도 천안시 동남구 동면 광덕리 ***-*번지,충청남도 천안시 동남구 동면 동산광덕길 ***,31258,성원목장,2019-10-17 13:20,U,2019-10-19 2:40,,230146.0173,365869.773,가축사육업,,1454,0,0.0,한우,9,127.33566679505927,36.79373596997683
14264,가축사육업,2018-12-05,,1,영업/정상,0,정상,,,,,,,,충청남도 천안시 동남구 목천읍 운전리 **-*번지,충청남도 천안시 동남구 목천읍 운전*길 **-**,31246,회원농장,2018-12-05 9:49,I,2018-12-07 2:20,,221613.8682,362875.4617,가축사육업,,1453,0,0.0,한우,0,127.23998728831332,36.76698666683931
14265,가축사육업,2018-12-18,,1,영업/정상,0,정상,,,,,,,,충청남도 천안시 서북구 성환읍 도하리 ***-*,충청남도 천안시 서북구 성환읍 용정도하길 ***-**,31005,선인목장,2021-06-01 9:53,U,2021-06-03 2:40,,215505.2951,383165.964,가축사육업,,1455,0,0.0,육우,0,127.1719822245545,36.94994208816291
14266,가축사육업,2021-01-12,,1,영업/정상,0,정상,,,,,,,,충청남도 천안시 동남구 성남면 신덕리 ***-**,,,조은농장,2021-01-12 17:43,I,2021-01-14 0:23,,221400.5125,357608.7825,가축사육업,,1585,0,0.0,한우,0,127.23745056027381,36.71953308240857
14267,가축사육업,2020-12-17,,1,영업/정상,0,정상,,,,,,,,충청남도 천안시 서북구 성환읍 양령리 ***-*,충청남도 천안시 서북구 성환읍 양령*길 ***-**,31004,참좋은축산,2022-08-09 20:28,U,2022-08-11 2:40,,214638.7668,384199.7989,가축사육업,,1579,0,0.0,육우,0,127.16227364793068,36.959271557844474
14268,가축사육업,2020-12-23,,1,영업/정상,0,정상,,,,,,,,충청남도 천안시 서북구 성환읍 안궁리 ***-*,충청남도 천안시 서북구 성환읍 상령길 *-**,31004,설악농장,2020-12-24 16:02,I,2020-12-26 0:23,,212533.6811,384891.7933,가축사육업,,1580,0,0.0,육우,0,127.13864837855886,36.96553719406283
14269,가축사육업,2020-12-07,,1,영업/정상,0,정상,,,,,,,,충청남도 천안시 서북구 성환읍 양령리 ***-*,충청남도 천안시 서북구 성환읍 양령*길 ***,31004,H·C성환농장,2020-12-07 9:41,I,2020-12-09 0:23,,214899.6084,384416.8845,가축사육업,,1577,0,0.0,한우,0,127.16520673342836,36.96122359530903
14270,가축사육업,2020-12-02,,1,영업/정상,0,정상,,,,,,,,충청남도 천안시 동남구 성남면 대흥리 ** 외 *(**-*),충청남도 천안시 동남구 성남면 대흥신덕길 **,31248,다미농장,2023-12-07 13:48,U,2023-12-09 2:40,,222297.1437,358803.2831,가축사육업,,1576,0,0.0,육계,22377,127.24752157154246,36.73027627481928
14271,가축사육업,2021-02-02,,1,영업/정상,0,정상,,,,,,,,충청남도 천안시 동남구 동면 화덕리 ***,충청남도 천안시 동남구 동면 화복로 ***-**,31261,동화농장,2021-02-02 15:47,I,2021-02-04 0:23,,235595.5375,362910.4548,가축사육업,,1591,0,0.0,한우,0,127.39658512628499,36.76688124908053
14272,가축사육업,2021-01-21,,1,영업/정상,0,정상,,,,,,,,충청남도 천안시 동남구 동면 행암리 ***,충청남도 천안시 동남구 동면 동산행암길 ***,31258,한빛농장,2021-01-21 17:16,I,2021-01-23 0:23,,231658.8342,365741.3108,가축사육업,,1587,0,0.0,산양,360000,127.35261106875775,36.792529173813165
14273,가축사육업,2021-01-27,,1,영업/정상,0,정상,,,,,,,,충청남도 천안시 동남구 풍세면 가송리 ***-*,충청남도 천안시 동남구 풍세면 송정안*길 **-**,31216,가덕농장,2021-01-27 17:13,I,2021-01-29 0:23,,212262.0668,358855.3891,가축사육업,,1589,0,0.0,육계,60192,127.13518042373258,36.730927729709215
14274,가축사육업,2020-12-30,,1,영업/정상,0,정상,,,,,,,,충청남도 천안시 서북구 입장면 연곡리 ***-* 외 *,충청남도 천안시 서북구 입장면 가산연곡길 ***,31026,삼호한우농장,2024-01-30 21:29,U,2024-02-01 2:40,,215973.5138,383570.9363,가축사육업,,1582,0,0.0,한우,0,127.17724743111069,36.953583416337295
14275,가축사육업,2021-01-06,,1,영업/정상,0,정상,,,,,,,,충청남도 천안시 서북구 성환읍 신가리 ***-*,충청남도 천안시 서북구 성환읍 가동길 **-***,31001,순필목장2,2022-02-11 15:25,U,2022-02-13 2:40,,209595.5102,384742.1277,가축사육업,,1584,0,0.0,젖소,0,127.10565286818985,36.96422291447496
14276,가축사육업,2020-12-29,,1,영업/정상,0,정상,,,,,,,,충청남도 천안시 동남구 성남면 화성리 ***-*,충청남도 천안시 동남구 성남면 세성로 ***-**,31244,성양목장2,2023-10-10 13:23,U,2023-10-12 2:40,,222784.8301,360560.4457,가축사육업,,1581,L00,0.0,한우,0,127.253033406362,36.74609864042913
14277,가축사육업,2021-02-05,,1,영업/정상,0,정상,,,,,,,,"충청남도 천안시 서북구 성환읍 신가리 ***-* 외 *(***-*,*,*)",충청남도 천안시 서북구 성환읍 가동길 **-**,31001,경륜원,2021-02-05 14:06,I,2021-02-07 0:23,,209865.1054,384265.2805,가축사육업,,1592,0,0.0,한우,0,127.1086739996788,36.95992337411011
14278,가축사육업,2020-12-31,,1,영업/정상,0,정상,,,,,,,,충청남도 천안시 서북구 입장면 가산리 *-* 외 *,충청남도 천안시 서북구 입장면 가좌울*길 ***-**,31026,꼬꼬팜농장,2021-02-26 13:04,U,2021-02-28 2:40,,218709.8242,381574.6787,가축사육업,,1583,0,0.0,종계/산란계,77760,127.20792016684416,36.935545394204354
14279,가축사육업,2021-01-25,,1,영업/정상,0,정상,,,,,,,,충청남도 천안시 동남구 동면 광덕리 **-*,충청남도 천안시 동남구 동면 화계광덕길 ***,31258,화성목장,2022-02-11 14:44,U,2022-02-13 2:40,,230977.3082,365021.6981,가축사육업,,1588,0,0.0,젖소,70,127.34494618675416,36.78606728594382
14279,가축사육업,2021-01-25,,1,영업/정상,0,정상,,,,,,,,충청남도 천안시 동남구 동면 광덕리 **-*,충청남도 천안시 동남구 동면 화계광덕길 ***,31258,화성목장,2022-02-11 14:44,U,2022-02-13 2:40,,230977.3082,365021.6981,가축사육업,,1588,0,0.0,젖소,0,127.34494618675416,36.78606728594382
14280,가축사육업,2021-01-29,,1,영업/정상,0,정상,,,,,,,,충청남도 천안시 서북구 성환읍 왕림리 *-*,충청남도 천안시 서북구 성환읍 신방로 **,31007,성우축사,2023-08-23 16:01,U,2023-08-25 2:40,,207159.406,380969.2049,가축사육업,,1590,0,0.0,한우,0,127.07826215107248,36.93024726979469
14281,가축사육업,2021-01-15,,1,영업/정상,0,정상,,,,,,,,충청남도 천안시 동남구 풍세면 가송리 ***,충청남도 천안시 동남구 풍세면 가송로 ***,31216,푸른농장,2021-01-18 9:09,U,2021-01-20 2:40,,212016.1912,357966.9269,가축사육업,,1586,0,0.0,한우,0,127.13241394512765,36.72292479257759
14282,가축사육업,2020-12-09,,1,영업/정상,0,정상,,,,,,,,충청남도 천안시 동남구 풍세면 가송리 ***,충청남도 천안시 동남구 풍세면 가송로 ***-**,31216,미래목장,2023-10-29 9:04,U,2023-10-31 2:40,,211906.6315,358507.8545,가축사육업,,1578,0,0.0,육우,0,127.13119592553996,36.72780054469673
14283,가축사육업,2022-05-02,,1,영업/정상,0,정상,,,,,,,,충청남도 천안시 서북구 성환읍 양령리 ***-*,,,덕현목장 4농장,2022-05-02 17:29,I,2022-05-04 0:22,,212806.5765,385093.606,가축사육업,,1642,0,0.0,육우,0,127.14171620535866,36.96735203003852
14284,가축사육업,2022-05-02,,1,영업/정상,0,정상,,,,,,,,"충청남도 천안시 동남구 풍세면 보성리 **-* , **-*",충청남도 천안시 동남구 풍세면 송정*길 **-**,31216,승현농장,2022-05-02 17:33,I,2022-05-04 0:22,,211682.3303,359803.101,가축사육업,,1643,0,0.0,한우,206,127.1287046564343,36.73947496076093
14284,가축사육업,2022-05-02,,1,영업/정상,0,정상,,,,,,,,"충청남도 천안시 동남구 풍세면 보성리 **-* , **-*",충청남도 천안시 동남구 풍세면 송정*길 **-**,31216,승현농장,2022-05-02 17:33,I,2022-05-04 0:22,,211682.3303,359803.101,가축사육업,,1643,0,0.0,한우,0,127.1287046564343,36.73947496076093
14285,가축사육업,2022-05-31,,1,영업/정상,0,정상,,,,,,,,충청남도 천안시 동남구 성남면 봉양리 ***-*,충청남도 천안시 동남구 성남면 봉양*길 ***,31249,행복한농장,2022-05-31 10:06,I,2022-06-02 0:22,,223254.2847,355904.7788,가축사육업,,1645,0,0.0,한우,0,127.25814876388614,36.704134688781515
14286,가축사육업,2022-06-09,,1,영업/정상,0,정상,,,,,,,,충청남도 천안시 동남구 수신면 백자리 ***-* 외 *필지(***-*),,,시온1목장,2022-06-09 9:59,I,2022-06-11 0:22,,225227.3886,356581.4676,가축사육업,,1646,0,0.0,젖소,0,127.2802521370226,36.71018221122919
14287,가축사육업,2022-06-14,,1,영업/정상,0,정상,,,,,,,,충청남도 천안시 서북구 입장면 연곡리 ***-* 외*필지 (***-*),충청남도 천안시 서북구 입장면 양령*길 ***-*,31026,교림2농장,2022-09-20 17:03,U,2022-09-22 2:40,,215684.045,384045.5639,가축사육업,,1647,0,0.0,육우,7,127.17400722062418,36.957865025487905
14288,가축사육업,2022-05-18,,1,영업/정상,0,정상,,,,,,,,충청남도 천안시 서북구 성환읍 양령리 ***-**,,,태수농장2,2022-05-18 17:27,I,2022-05-20 0:22,,214384.3977,384009.0512,가축사육업,,1644,0,0.0,한우,0,127.15941388478718,36.95755667368446
14289,가축사육업,2023-11-06,,1,영업/정상,0,정상,,,,,,,,"충청남도 천안시 서북구 성환읍 양령리 ***-* 외 *필지(***-*, -*)",,,서창성목장,2023-11-06 10:30,I,2023-11-08 0:17,,214612.4336,384074.2936,가축사육업,,1669,0,0.0,젖소,0,127.1619755534657,36.95814106417175
14290,가축사육업,2023-11-01,,1,영업/정상,0,정상,,,,,,,,충청남도 천안시 동남구 성남면 봉양리 ***-*,,,동트는농원,2023-11-01 15:38,I,2023-11-04 0:17,,223520.237,355188.4031,가축사육업,,1668,0,0.0,염소,200,127.26110310495437,36.69767281803325
14291,가축사육업,2023-11-27,,1,영업/정상,0,정상,,,,,,,,충청남도 천안시 동남구 풍세면 삼태리 ***-*,,,푸른2목장,2023-11-27 16:32,I,2023-11-29 0:17,,208351.199,360097.5561,가축사육업,,1670,0,0.0,한우,0,127.09141151545128,36.7421632629212
